log_id,usu_codigo,fecha_hora_intento,plataforma_origen,estado_login
982,U0045,2026-06-19 16:12:00,Web,Error
3783,U0847,2026-06-20 01:35:00,iOS,Error
7233,U0826,2026-06-02 17:05:00,Android,Exitoso
7681,U0782,2026-06-22 05:01:00,Android,Exitoso
7925,U0890,2026-06-10 19:13:00,Web,Exitoso
4591,,2026-06-26 00:59:00,Web,Error
4839,,2026-06-15 07:13:00,Web,Error
6423,U0744,2026-06-21 21:18:00,Web,Exitoso
11508,U0740,2026-06-24 00:57:00,iOS,Exitoso
13294,U0817,2026-06-10 18:21:00,Android,Exitoso
10312,U0610,2026-06-18 14:07:00,Android,Exitoso
4407,,2026-06-06 20:32:00,Web,Error
4538,,2026-06-12 03:06:00,Web,Error
1420,,2026-06-10 17:44:00,Web,Error
12727,U0919,2026-06-16 00:05:00,Android,Exitoso
15837,,2026-06-26 10:01:55,Web,Error
13381,U0884,2026-06-27 23:44:00,iOS,Exitoso
3550,,2026-06-22 23:33:00,Web,Error
1539,U0212,2026-06-11 16:48:00,Web,Error
4333,,2026-06-27 10:11:00,Web,Error
6368,U0999,2026-06-21 17:40:00,iOS,Exitoso
552,U0153,2026-06-07 22:51:00,iOS,Error
2324,,2026-06-27 14:08:00,Web,Error
887,,2026-06-11 04:54:00,iOS,Error
15331,,2026-06-26 10:23:27,Web,Error
6077,U0547,2026-06-27 02:05:00,iOS,Exitoso
1419,U0308,2026-06-14 23:21:00,Web,Error
48,,2026-06-05 16:27:00,iOS,Error
3900,U0087,2026-06-03 17:49:00,iOS,Error
7507,U0503,2026-06-20 02:03:00,Android,Exitoso
1883,,2026-06-22 03:03:00,Web,Error
1340,U0422,2026-06-23 14:10:00,Web,Error
6461,U0971,2026-06-03 02:26:00,Android,Exitoso
16454,U0575,2026-06-26 10:06:58,Web,Error
15553,,2026-06-26 10:03:18,Web,Error
13900,U0843,2026-06-27 16:50:00,Android,Exitoso
13279,U0669,2026-06-23 20:42:00,Android,Exitoso
11285,U0527,2026-06-20 04:06:00,iOS,Exitoso
12623,U0831,2026-06-14 13:27:00,Web,Exitoso
6145,U0691,2026-06-28 05:10:00,Web,Exitoso
13330,U0773,2026-06-26 23:28:00,Web,Exitoso
8310,U0574,2026-06-13 05:54:00,iOS,Exitoso
9717,U0867,2026-06-19 22:29:00,Web,Exitoso
1850,U0964,2026-06-24 15:22:00,Web,Error
1293,U0129,2026-06-18 17:22:00,Web,Error
6612,U0816,2026-06-03 22:41:00,Android,Exitoso
207,,2026-06-08 08:29:00,Web,Error
134,U0378,2026-06-13 01:35:00,iOS,Error
2446,U0579,2026-06-26 06:16:00,Web,Error
10015,U0794,2026-06-03 11:41:00,Web,Exitoso
15829,,2026-06-26 10:19:48,Web,Error
9676,U0993,2026-06-15 08:17:00,Android,Exitoso
10802,U0719,2026-06-13 01:52:00,Android,Exitoso
676,U0402,2026-06-23 06:17:00,Web,Error
14055,U0691,2026-06-02 06:54:00,Web,Exitoso
13745,U0691,2026-06-24 13:25:00,Web,Exitoso
2959,,2026-06-24 10:02:00,iOS,Error
14305,U0681,2026-06-02 19:05:00,Android,Exitoso
2249,U0033,2026-06-09 14:58:00,Web,Error
14748,U0924,2026-06-19 01:36:00,iOS,Exitoso
4137,,2026-06-09 22:07:00,Web,Error
385,U0308,2026-06-27 12:50:00,Web,Error
7158,U0944,2026-06-12 06:15:00,Web,Exitoso
8074,U0779,2026-06-24 23:06:00,Web,Exitoso
13857,U0731,2026-06-06 16:26:00,Web,Exitoso
998,U0176,2026-06-08 01:40:00,Android,Error
5965,U0780,2026-06-02 05:20:00,iOS,Exitoso
7807,U0963,2026-06-20 13:19:00,iOS,Exitoso
5093,U0877,2026-06-04 08:51:00,Android,Exitoso
26,U0145,2026-06-19 20:55:00,iOS,Error
14469,U0755,2026-06-26 20:41:00,iOS,Exitoso
7021,U0528,2026-06-24 02:21:00,Android,Exitoso
13935,U0590,2026-06-25 22:11:00,iOS,Exitoso
9867,U0475,2026-06-09 18:58:00,iOS,Exitoso
3003,U0282,2026-06-12 08:44:00,iOS,Error
11585,U0579,2026-06-12 08:48:00,iOS,Exitoso
6203,U0912,2026-06-24 08:21:00,Web,Exitoso
1566,,2026-06-07 16:21:00,Android,Error
7997,U0610,2026-06-10 11:59:00,Android,Exitoso
10479,U0486,2026-06-28 17:24:00,Web,Exitoso
7621,U0870,2026-06-25 04:26:00,Android,Exitoso
2831,U0186,2026-06-27 12:51:00,iOS,Error
155,U0578,2026-06-11 22:56:00,Android,Error
12290,U0684,2026-06-23 10:37:00,iOS,Exitoso
10763,U0560,2026-06-25 12:22:00,Android,Exitoso
10262,U0808,2026-06-13 06:31:00,iOS,Exitoso
617,U0534,2026-06-25 03:37:00,iOS,Error
9067,U0953,2026-06-16 13:39:00,Android,Exitoso
1969,U0649,2026-06-09 18:56:00,Android,Error
14138,U0800,2026-06-01 18:19:00,Android,Exitoso
6321,U0825,2026-06-15 14:17:00,Web,Exitoso
13511,U0682,2026-06-14 02:59:00,Android,Exitoso
2506,U0144,2026-06-02 00:25:00,iOS,Error
3086,U0265,2026-06-07 10:04:00,Android,Error
16176,,2026-06-26 10:06:47,Web,Error
9772,U0896,2026-06-27 11:07:00,Android,Exitoso
13372,U0696,2026-06-08 02:14:00,Android,Exitoso
14976,U0644,2026-06-13 01:47:00,Web,Exitoso
1441,U0687,2026-06-13 07:35:00,Web,Error
7707,U0460,2026-06-20 20:46:00,Android,Exitoso
8273,U0794,2026-06-20 14:42:00,Android,Exitoso
2677,U0102,2026-06-20 02:02:00,Web,Error
11801,U0677,2026-06-23 12:44:00,Android,Exitoso
10984,U0752,2026-06-20 09:18:00,Android,Exitoso
5276,U0540,2026-06-14 21:03:00,iOS,Exitoso
10725,U0867,2026-06-02 13:04:00,iOS,Exitoso
15066,,2026-06-26 10:18:21,Web,Error
4653,U0345,2026-06-20 23:41:00,Android,Error
8913,U0672,2026-06-21 05:32:00,iOS,Exitoso
1896,U0387,2026-06-07 11:30:00,iOS,Error
8295,U0778,2026-06-27 15:46:00,Android,Exitoso
13371,U0454,2026-06-28 18:31:00,Web,Exitoso
10740,U0997,2026-06-01 18:38:00,Web,Exitoso
5592,U0921,2026-06-02 06:36:00,Web,Exitoso
3473,U0417,2026-06-10 11:20:00,Android,Error
4813,,2026-06-23 00:57:00,Web,Error
1297,U0283,2026-06-06 18:37:00,Web,Error
13323,U0687,2026-06-16 01:28:00,iOS,Exitoso
6249,U0467,2026-06-01 11:33:00,iOS,Exitoso
10478,U0751,2026-06-11 17:50:00,Web,Exitoso
752,,2026-06-12 15:45:00,Web,Error
3512,,2026-06-21 18:27:00,Web,Error
4539,U0234,2026-06-14 00:16:00,Web,Error
8256,U0700,2026-06-12 23:29:00,Android,Exitoso
2972,U0391,2026-06-19 15:55:00,Web,Error
4362,U0305,2026-06-16 01:08:00,iOS,Error
12356,U0753,2026-06-24 10:03:00,iOS,Exitoso
14663,U0749,2026-06-21 02:48:00,Web,Exitoso
1450,U0154,2026-06-25 18:40:00,Android,Error
12,U0219,2026-06-13 22:39:00,Web,Error
3308,U0409,2026-06-19 10:05:00,Android,Error
1713,U0233,2026-06-07 20:37:00,Web,Error
1417,U0732,2026-06-13 19:32:00,Web,Error
7907,U0484,2026-06-26 07:53:00,iOS,Exitoso
10781,U0775,2026-06-03 10:42:00,Web,Exitoso
4665,U0379,2026-06-21 11:17:00,Web,Error
2142,U0024,2026-06-21 17:09:00,iOS,Error
14231,U0495,2026-06-04 04:02:00,Android,Exitoso
8558,U0520,2026-06-05 04:15:00,Android,Exitoso
6282,U0517,2026-06-06 07:38:00,Web,Exitoso
4752,,2026-06-10 09:09:00,Web,Error
770,U0166,2026-06-02 11:36:00,Android,Error
7770,U0701,2026-06-25 08:21:00,iOS,Exitoso
5608,U0730,2026-06-19 11:14:00,Android,Exitoso
16384,U0984,2026-06-26 10:22:46,Web,Error
14178,U0860,2026-06-02 05:12:00,Android,Exitoso
12214,U0993,2026-06-05 16:55:00,Web,Exitoso
6351,U0795,2026-06-08 21:27:00,Web,Exitoso
7477,U0514,2026-06-26 05:08:00,iOS,Exitoso
10736,U0951,2026-06-02 11:56:00,iOS,Exitoso
9762,U0501,2026-06-04 15:42:00,iOS,Exitoso
10753,U0993,2026-06-28 11:01:00,Android,Exitoso
15364,,2026-06-26 10:01:13,Web,Error
7071,U0474,2026-06-16 07:19:00,Web,Exitoso
12054,U0994,2026-06-27 22:33:00,Web,Exitoso
13576,U0665,2026-06-13 14:49:00,Android,Exitoso
1632,U0894,2026-06-13 12:31:00,Web,Error
4059,U0007,2026-06-23 02:22:00,iOS,Error
4047,U0438,2026-06-06 14:22:00,iOS,Error
5532,U0783,2026-06-20 22:11:00,Android,Exitoso
15511,,2026-06-26 10:17:44,Web,Error
12908,U0585,2026-06-21 05:57:00,Web,Exitoso
10086,U0813,2026-06-09 03:03:00,Web,Exitoso
5004,U0464,2026-06-22 04:41:00,iOS,Exitoso
4983,U0080,2026-06-07 21:56:00,Web,Error
3075,U0637,2026-06-12 02:31:00,Web,Error
12828,U0459,2026-06-20 23:33:00,Android,Exitoso
16512,U0781,2026-06-26 10:14:41,Web,Error
13200,U0987,2026-06-27 07:22:00,Web,Exitoso
2126,,2026-06-16 07:21:00,Web,Error
15178,,2026-06-26 10:20:37,Web,Error
15384,,2026-06-26 10:05:43,Web,Error
2455,U0368,2026-06-11 14:11:00,iOS,Error
15044,,2026-06-26 10:26:33,Web,Error
1104,U0321,2026-06-22 16:03:00,iOS,Error
257,U0357,2026-06-04 03:48:00,iOS,Error
16448,U0584,2026-06-26 10:27:36,Web,Error
7960,U0938,2026-06-04 00:41:00,Android,Exitoso
4672,U0056,2026-06-09 03:46:00,Web,Error
5320,U0843,2026-06-24 08:46:00,Android,Exitoso
13757,U0998,2026-06-24 20:36:00,Web,Exitoso
6125,U0551,2026-06-01 04:16:00,iOS,Exitoso
4304,U0004,2026-06-21 08:30:00,Web,Error
13056,U0579,2026-06-10 12:17:00,Web,Exitoso
9114,U0678,2026-06-03 14:29:00,Android,Exitoso
14846,U0889,2026-06-06 03:53:00,Android,Exitoso
4108,U0101,2026-06-15 23:35:00,iOS,Error
13768,U0819,2026-06-20 22:28:00,iOS,Exitoso
8693,U0763,2026-06-06 05:02:00,Web,Exitoso
5582,U0991,2026-06-01 01:23:00,iOS,Exitoso
8989,U1000,2026-06-21 14:07:00,Web,Exitoso
5208,U0612,2026-06-03 15:57:00,iOS,Exitoso
1820,U0593,2026-06-05 10:38:00,iOS,Error
7705,U0844,2026-06-22 19:49:00,Web,Exitoso
2157,U0421,2026-06-01 20:19:00,iOS,Error
3436,U0706,2026-06-24 15:45:00,Web,Error
2052,U0373,2026-06-14 15:50:00,Web,Error
535,,2026-06-24 05:54:00,Web,Error
356,U0591,2026-06-28 16:32:00,iOS,Error
5841,U0723,2026-06-09 17:53:00,Web,Exitoso
14685,U0705,2026-06-14 01:50:00,iOS,Exitoso
11310,U0566,2026-06-28 16:41:00,iOS,Exitoso
1473,U0619,2026-06-12 06:06:00,Web,Error
15008,,2026-06-26 10:22:25,Web,Error
13864,U0699,2026-06-10 07:07:00,iOS,Exitoso
10542,U0534,2026-06-20 10:33:00,Web,Exitoso
6589,U0596,2026-06-27 07:45:00,Web,Exitoso
279,U0771,2026-06-21 12:25:00,Web,Error
1186,U0180,2026-06-02 02:11:00,Android,Error
3400,U0129,2026-06-28 16:31:00,Web,Error
14998,U0864,2026-06-02 21:34:00,iOS,Exitoso
3866,U0409,2026-06-16 02:19:00,Web,Error
979,,2026-06-20 01:22:00,Web,Error
10701,U0983,2026-06-05 23:54:00,Android,Exitoso
11778,U0685,2026-06-11 15:55:00,Web,Exitoso
8138,U0958,2026-06-25 15:57:00,Web,Exitoso
8753,U0581,2026-06-22 07:07:00,iOS,Exitoso
2198,U0269,2026-06-22 09:22:00,Android,Error
6543,U0588,2026-06-03 21:09:00,Web,Exitoso
4516,U0795,2026-06-16 22:10:00,Web,Error
4097,U0327,2026-06-15 21:54:00,Android,Error
13889,U0649,2026-06-21 12:33:00,Web,Exitoso
163,,2026-06-20 16:03:00,Web,Error
11853,U0592,2026-06-04 19:49:00,Web,Exitoso
5711,U0763,2026-06-12 12:18:00,Web,Exitoso
4633,,2026-06-04 22:36:00,Web,Error
8623,U0508,2026-06-10 15:06:00,Android,Exitoso
14066,U0707,2026-06-03 13:38:00,Android,Exitoso
10910,U0587,2026-06-04 19:52:00,iOS,Exitoso
3696,U0052,2026-06-14 04:19:00,iOS,Error
15935,,2026-06-26 10:23:32,Web,Error
11048,U0762,2026-06-09 05:12:00,iOS,Exitoso
16375,U0995,2026-06-26 10:13:14,Web,Error
6501,U0634,2026-06-07 01:23:00,Web,Exitoso
265,U0126,2026-06-08 14:17:00,Web,Error
7104,U0761,2026-06-27 09:30:00,iOS,Exitoso
3674,,2026-06-02 02:02:00,Web,Error
9713,U0687,2026-06-21 10:29:00,Web,Exitoso
16166,,2026-06-26 10:27:09,Web,Error
12711,U0475,2026-06-23 08:28:00,Web,Exitoso
9133,U0766,2026-06-28 09:36:00,Android,Exitoso
10071,U0767,2026-06-05 18:29:00,Web,Exitoso
12296,U0725,2026-06-17 18:14:00,Android,Exitoso
5553,U0684,2026-06-06 12:32:00,iOS,Exitoso
4051,U0274,2026-06-07 10:25:00,iOS,Error
1081,U0358,2026-06-16 18:19:00,Android,Error
14121,U0526,2026-06-20 20:08:00,Web,Exitoso
2532,U0016,2026-06-05 00:03:00,Android,Error
91,U0250,2026-06-13 18:51:00,Android,Error
9637,U0458,2026-06-17 00:49:00,Android,Exitoso
6652,U0905,2026-06-11 11:25:00,iOS,Exitoso
5946,U0620,2026-06-11 12:15:00,iOS,Exitoso
221,U0100,2026-06-27 15:50:00,Web,Error
2949,,2026-06-27 02:24:00,Web,Error
2801,,2026-06-28 01:36:00,Web,Error
9558,U0723,2026-06-24 11:34:00,iOS,Exitoso
5304,U0977,2026-06-24 05:24:00,Web,Exitoso
2377,U0111,2026-06-26 22:34:00,iOS,Error
16034,,2026-06-26 10:16:48,Web,Error
12442,U0712,2026-06-18 04:32:00,Android,Exitoso
12100,U0630,2026-06-16 18:07:00,iOS,Exitoso
8901,U0481,2026-06-24 15:59:00,Android,Exitoso
14412,U0452,2026-06-09 15:04:00,iOS,Exitoso
9738,U0721,2026-06-25 04:50:00,Android,Exitoso
4453,U0100,2026-06-26 08:57:00,Android,Error
2228,U0723,2026-06-21 20:42:00,iOS,Error
13165,U0707,2026-06-06 23:52:00,Web,Exitoso
1136,,2026-06-26 12:52:00,Web,Error
9573,U0653,2026-06-13 10:20:00,Web,Exitoso
8741,U0932,2026-06-25 19:06:00,Android,Exitoso
14241,U0579,2026-06-21 02:55:00,Android,Exitoso
15313,,2026-06-26 10:07:54,Web,Error
7082,U0877,2026-06-22 18:10:00,Android,Exitoso
10279,U0974,2026-06-15 03:53:00,iOS,Exitoso
16149,,2026-06-26 10:01:04,Web,Error
5557,U0845,2026-06-25 10:43:00,Android,Exitoso
3275,U0335,2026-06-23 20:44:00,iOS,Error
12717,U0454,2026-06-26 15:50:00,Android,Exitoso
11117,U0765,2026-06-27 20:47:00,iOS,Exitoso
1409,,2026-06-01 02:20:00,Android,Error
10335,U0907,2026-06-22 15:53:00,iOS,Exitoso
586,U0734,2026-06-02 11:13:00,Web,Error
10273,U0975,2026-06-16 06:31:00,Android,Exitoso
5234,U0776,2026-06-22 07:49:00,Android,Exitoso
11373,U0453,2026-06-26 03:32:00,Android,Exitoso
14374,U0891,2026-06-04 07:03:00,Android,Exitoso
4220,,2026-06-18 23:39:00,Web,Error
9452,U0992,2026-06-09 10:13:00,Android,Exitoso
14733,U0595,2026-06-06 18:39:00,Web,Exitoso
4495,U0224,2026-06-12 09:50:00,Android,Error
1737,,2026-06-18 04:32:00,iOS,Error
14043,U0763,2026-06-26 00:18:00,Android,Exitoso
2005,U0928,2026-06-06 03:31:00,Web,Error
12538,U0566,2026-06-26 03:00:00,Android,Exitoso
3207,,2026-06-16 10:47:00,Web,Error
94,,2026-06-09 23:32:00,Web,Error
441,,2026-06-04 12:07:00,iOS,Error
5419,U0869,2026-06-04 01:20:00,Web,Exitoso
7840,U0649,2026-06-05 16:01:00,Web,Exitoso
13394,U0527,2026-06-02 17:32:00,Web,Exitoso
11317,U0692,2026-06-08 09:34:00,Web,Exitoso
12044,U0589,2026-06-06 21:01:00,iOS,Exitoso
8940,U0769,2026-06-26 15:52:00,Android,Exitoso
15160,,2026-06-26 10:14:36,Web,Error
10824,U0720,2026-06-12 16:15:00,Android,Exitoso
204,,2026-06-10 23:14:00,Web,Error
1001,U0398,2026-06-13 21:35:00,Android,Error
5926,U0640,2026-06-23 17:40:00,iOS,Exitoso
2199,,2026-06-16 02:12:00,Web,Error
723,U0828,2026-06-14 11:33:00,Web,Error
14024,U0906,2026-06-28 10:11:00,Web,Exitoso
3775,,2026-06-04 21:47:00,Web,Error
405,,2026-06-02 14:11:00,Web,Error
4179,,2026-06-01 21:37:00,Web,Error
10695,U0982,2026-06-20 16:35:00,Android,Exitoso
6284,U0897,2026-06-20 13:46:00,iOS,Exitoso
11462,U0945,2026-06-09 22:07:00,Android,Exitoso
10558,U0587,2026-06-14 13:06:00,iOS,Exitoso
5877,U0873,2026-06-25 08:08:00,Android,Exitoso
10562,U0887,2026-06-27 12:38:00,iOS,Exitoso
11537,U0904,2026-06-17 17:03:00,iOS,Exitoso
5887,U0923,2026-06-13 06:41:00,iOS,Exitoso
5111,U0899,2026-06-20 14:00:00,iOS,Exitoso
6383,U0898,2026-06-01 17:39:00,iOS,Exitoso
3424,U0260,2026-06-01 04:11:00,Android,Error
1200,,2026-06-12 09:41:00,Web,Error
2209,U0286,2026-06-26 23:25:00,Android,Error
15192,,2026-06-26 10:26:41,Web,Error
4342,,2026-06-24 06:00:00,Web,Error
14855,U0852,2026-06-01 12:28:00,iOS,Exitoso
130,U0992,2026-06-03 09:17:00,Web,Error
16356,U0520,2026-06-26 10:16:34,Web,Error
15694,,2026-06-26 10:18:43,Web,Error
3838,U0356,2026-06-27 16:26:00,Web,Error
1400,,2026-06-08 09:55:00,iOS,Error
3358,,2026-06-21 20:22:00,Web,Error
12028,U0907,2026-06-12 20:48:00,Android,Exitoso
6309,U0921,2026-06-19 16:48:00,iOS,Exitoso
16118,,2026-06-26 10:21:32,Web,Error
7126,U0688,2026-06-28 13:33:00,Android,Exitoso
9749,U0971,2026-06-15 05:04:00,iOS,Exitoso
7837,U0508,2026-06-11 22:28:00,Web,Exitoso
10501,U0457,2026-06-02 15:13:00,iOS,Exitoso
1830,U0445,2026-06-10 08:34:00,Android,Error
4387,U0166,2026-06-26 19:11:00,Android,Error
12130,U0844,2026-06-27 00:08:00,Web,Exitoso
6052,U0541,2026-06-03 15:54:00,iOS,Exitoso
3256,U0238,2026-06-13 21:24:00,Android,Error
1951,,2026-06-23 15:15:00,Web,Error
13716,U0599,2026-06-04 02:32:00,iOS,Exitoso
5416,U0950,2026-06-17 11:16:00,Android,Exitoso
2470,U0358,2026-06-10 20:55:00,iOS,Error
4293,U0360,2026-06-23 15:55:00,Android,Error
12157,U0815,2026-06-09 07:00:00,iOS,Exitoso
8721,U0726,2026-06-20 04:42:00,iOS,Exitoso
9994,U0663,2026-06-25 08:02:00,Android,Exitoso
15029,,2026-06-26 10:00:42,Web,Error
9158,U0838,2026-06-06 12:57:00,iOS,Exitoso
14358,U0914,2026-06-02 00:25:00,Web,Exitoso
15823,,2026-06-26 10:20:17,Web,Error
2669,,2026-06-27 07:45:00,Android,Error
1929,U0743,2026-06-06 23:04:00,Web,Error
16282,U0739,2026-06-26 10:14:09,Web,Error
13960,U0651,2026-06-27 20:34:00,Android,Exitoso
4613,U0023,2026-06-27 02:18:00,Android,Error
11560,U0822,2026-06-26 15:11:00,Web,Exitoso
8419,U0562,2026-06-03 08:20:00,Web,Exitoso
16376,U0532,2026-06-26 10:25:20,Web,Error
12453,U0529,2026-06-18 13:23:00,Android,Exitoso
583,,2026-06-13 06:35:00,Web,Error
4485,U0025,2026-06-21 08:03:00,Web,Error
4999,U0065,2026-06-01 05:26:00,Web,Error
15354,,2026-06-26 10:18:45,Web,Error
14986,U0489,2026-06-01 13:07:00,Android,Exitoso
6572,U0668,2026-06-13 03:37:00,Android,Exitoso
3663,U0740,2026-06-01 06:27:00,iOS,Error
12476,U0716,2026-06-03 16:24:00,iOS,Exitoso
12901,U0505,2026-06-25 04:15:00,iOS,Exitoso
8537,U0593,2026-06-26 19:28:00,iOS,Exitoso
8328,U0513,2026-06-22 22:38:00,Android,Exitoso
14519,U0914,2026-06-11 17:03:00,Web,Exitoso
4998,U0435,2026-06-23 10:24:00,iOS,Error
11675,U0525,2026-06-26 20:06:00,iOS,Exitoso
2649,,2026-06-21 01:33:00,Web,Error
13351,U0947,2026-06-25 22:10:00,iOS,Exitoso
15146,,2026-06-26 10:05:51,Web,Error
5974,U0707,2026-06-15 01:14:00,Android,Exitoso
1273,U0759,2026-06-14 05:50:00,Web,Error
5543,U0946,2026-06-07 04:41:00,Web,Exitoso
4337,U0393,2026-06-07 02:54:00,Web,Error
9827,U0680,2026-06-25 20:05:00,Android,Exitoso
11787,U0702,2026-06-26 15:10:00,iOS,Exitoso
14077,U0552,2026-06-06 14:34:00,Android,Exitoso
11577,U0884,2026-06-22 22:30:00,Android,Exitoso
8349,U0582,2026-06-24 22:15:00,Web,Exitoso
4329,U0045,2026-06-18 15:24:00,Web,Error
6425,U0791,2026-06-28 13:31:00,Web,Exitoso
1907,U0288,2026-06-21 11:55:00,Android,Error
10385,U0545,2026-06-05 22:33:00,Android,Exitoso
7609,U0670,2026-06-21 06:53:00,Web,Exitoso
15799,,2026-06-26 10:06:56,Web,Error
6271,U0695,2026-06-11 15:55:00,iOS,Exitoso
6479,U0666,2026-06-21 20:47:00,Android,Exitoso
13679,U0857,2026-06-24 17:40:00,iOS,Exitoso
4531,U0448,2026-06-23 05:16:00,iOS,Error
5555,U0665,2026-06-22 07:21:00,Web,Exitoso
489,U0788,2026-06-15 11:53:00,Web,Error
6821,U0455,2026-06-03 01:54:00,Web,Exitoso
11600,U0866,2026-06-03 00:57:00,Web,Exitoso
4258,U0024,2026-06-26 13:23:00,Android,Error
10502,U0879,2026-06-23 07:09:00,Android,Exitoso
4901,U0858,2026-06-05 00:31:00,Web,Error
9905,U0479,2026-06-23 02:46:00,Web,Exitoso
5108,U0693,2026-06-08 13:58:00,Web,Exitoso
181,,2026-06-05 23:19:00,Web,Error
4707,U0625,2026-06-25 18:05:00,Web,Error
609,,2026-06-22 00:57:00,Web,Error
15648,,2026-06-26 10:12:32,Web,Error
8843,U0575,2026-06-19 02:32:00,Web,Exitoso
10162,U0921,2026-06-14 00:46:00,iOS,Exitoso
2050,U0419,2026-06-07 17:28:00,Android,Error
12279,U0978,2026-06-24 19:16:00,Web,Exitoso
12458,U0475,2026-06-03 23:45:00,Web,Exitoso
1070,,2026-06-01 23:48:00,Android,Error
13725,U0952,2026-06-05 21:30:00,iOS,Exitoso
16051,,2026-06-26 10:27:53,Web,Error
13676,U0926,2026-06-09 06:20:00,iOS,Exitoso
12494,U0753,2026-06-17 09:12:00,Web,Exitoso
13579,U0954,2026-06-13 06:25:00,iOS,Exitoso
3179,U0591,2026-06-15 01:31:00,Web,Error
2415,U0286,2026-06-14 18:28:00,Android,Error
1957,,2026-06-04 19:03:00,Web,Error
1341,,2026-06-27 19:42:00,Web,Error
11409,U0767,2026-06-23 11:07:00,iOS,Exitoso
1934,U0419,2026-06-26 14:46:00,Web,Error
12154,U0772,2026-06-07 21:18:00,iOS,Exitoso
12891,U0844,2026-06-25 02:27:00,Android,Exitoso
15697,,2026-06-26 10:19:49,Web,Error
4195,,2026-06-26 21:31:00,Web,Error
1342,U0730,2026-06-01 19:42:00,Web,Error
16152,,2026-06-26 10:10:19,Web,Error
7184,U0547,2026-06-19 03:46:00,iOS,Exitoso
16079,,2026-06-26 10:24:59,Web,Error
15419,,2026-06-26 10:05:12,Web,Error
10731,U0819,2026-06-18 17:00:00,iOS,Exitoso
10916,U0898,2026-06-08 04:40:00,Web,Exitoso
13913,U0715,2026-06-24 06:32:00,iOS,Exitoso
3125,U0053,2026-06-23 15:36:00,iOS,Error
5375,U0610,2026-06-07 00:09:00,iOS,Exitoso
15910,,2026-06-26 10:12:38,Web,Error
15807,,2026-06-26 10:10:27,Web,Error
870,U0422,2026-06-18 08:58:00,iOS,Error
2335,U0389,2026-06-19 23:38:00,iOS,Error
11375,U0678,2026-06-20 14:46:00,Android,Exitoso
10795,U0554,2026-06-08 10:23:00,Web,Exitoso
2957,U0165,2026-06-27 18:40:00,Web,Error
8319,U0986,2026-06-01 04:15:00,iOS,Exitoso
9002,U0501,2026-06-12 14:50:00,Web,Exitoso
14131,U0760,2026-06-26 07:06:00,iOS,Exitoso
2632,U0438,2026-06-13 21:00:00,Android,Error
5977,U0828,2026-06-07 09:48:00,Web,Exitoso
10115,U0692,2026-06-17 19:59:00,Web,Exitoso
3794,U0242,2026-06-21 22:13:00,iOS,Error
8754,U0596,2026-06-23 13:01:00,Android,Exitoso
5140,U0548,2026-06-15 17:27:00,Android,Exitoso
922,U0333,2026-06-02 00:25:00,Web,Error
11647,U0715,2026-06-26 18:11:00,iOS,Exitoso
33,U0183,2026-06-27 08:24:00,Android,Error
13489,U0492,2026-06-22 23:41:00,Web,Exitoso
1715,,2026-06-08 14:00:00,Web,Error
9045,U0899,2026-06-09 00:30:00,iOS,Exitoso
2545,U0011,2026-06-18 18:37:00,Android,Error
5610,U0716,2026-06-01 23:26:00,Web,Exitoso
16069,,2026-06-26 10:08:43,Web,Error
15239,,2026-06-26 10:05:05,Web,Error
8365,U0577,2026-06-01 23:14:00,iOS,Exitoso
3497,U0479,2026-06-22 14:22:00,Web,Error
7537,U0930,2026-06-27 03:17:00,Web,Exitoso
901,U0504,2026-06-28 08:01:00,Web,Error
3980,,2026-06-06 12:36:00,Web,Error
10814,U0977,2026-06-10 04:58:00,Web,Exitoso
1033,U0410,2026-06-19 11:53:00,Android,Error
10387,U0864,2026-06-24 20:39:00,iOS,Exitoso
8580,U0598,2026-06-07 12:44:00,Android,Exitoso
15393,,2026-06-26 10:24:26,Web,Error
3596,U0226,2026-06-03 17:41:00,Web,Error
16107,,2026-06-26 10:04:05,Web,Error
3720,U0417,2026-06-01 16:28:00,Web,Error
15573,,2026-06-26 10:23:35,Web,Error
11913,U0780,2026-06-06 20:48:00,Android,Exitoso
11968,U0501,2026-06-24 22:03:00,Web,Exitoso
889,U0552,2026-06-28 02:33:00,Web,Error
9775,U0836,2026-06-20 23:07:00,iOS,Exitoso
452,U0612,2026-06-27 03:19:00,iOS,Error
2825,U0122,2026-06-10 12:27:00,Web,Error
3444,U0174,2026-06-17 11:45:00,iOS,Error
9006,U0697,2026-06-12 03:10:00,iOS,Exitoso
15228,,2026-06-26 10:23:28,Web,Error
10487,U0950,2026-06-20 15:57:00,iOS,Exitoso
4958,U0043,2026-06-01 20:17:00,Web,Error
13772,U0632,2026-06-19 21:31:00,Web,Exitoso
11109,U0484,2026-06-14 13:36:00,Android,Exitoso
7498,U0923,2026-06-22 21:55:00,Android,Exitoso
4533,U0830,2026-06-18 05:27:00,Web,Error
9918,U0653,2026-06-14 03:58:00,Web,Exitoso
14040,U0550,2026-06-05 13:16:00,Web,Exitoso
12906,U0468,2026-06-07 12:45:00,Android,Exitoso
2882,,2026-06-19 11:42:00,Web,Error
790,U0045,2026-06-07 08:27:00,Web,Error
11944,U0842,2026-06-17 22:25:00,iOS,Exitoso
7737,U0568,2026-06-24 15:38:00,Web,Exitoso
7777,U0720,2026-06-06 20:14:00,Android,Exitoso
333,U0295,2026-06-22 06:01:00,Web,Error
16318,U0747,2026-06-26 10:24:20,Web,Error
7285,U0616,2026-06-04 03:38:00,iOS,Exitoso
14435,U0622,2026-06-13 16:46:00,Web,Exitoso
14439,U0538,2026-06-08 02:22:00,iOS,Exitoso
10403,U0805,2026-06-17 16:55:00,iOS,Exitoso
13675,U0623,2026-06-13 10:52:00,iOS,Exitoso
12857,U0796,2026-06-02 02:55:00,Android,Exitoso
13376,U0899,2026-06-11 18:38:00,Android,Exitoso
4853,U0219,2026-06-23 20:25:00,Web,Error
5832,U0914,2026-06-15 08:45:00,Android,Exitoso
5244,U1000,2026-06-18 19:52:00,Web,Exitoso
10871,U0598,2026-06-23 10:08:00,Android,Exitoso
15940,,2026-06-26 10:20:08,Web,Error
2452,,2026-06-10 20:46:00,Android,Error
11099,U0905,2026-06-05 15:51:00,Android,Exitoso
7594,U0741,2026-06-05 13:37:00,Web,Exitoso
4358,U0225,2026-06-20 01:25:00,Android,Error
2873,U0098,2026-06-09 09:26:00,Web,Error
261,U0309,2026-06-18 07:47:00,iOS,Error
6706,U0813,2026-06-15 16:52:00,Web,Exitoso
12215,U0922,2026-06-11 05:34:00,Android,Exitoso
7538,U0462,2026-06-22 11:52:00,iOS,Exitoso
14971,U0707,2026-06-03 16:56:00,Android,Exitoso
10055,U0874,2026-06-10 11:50:00,Web,Exitoso
3254,U0465,2026-06-01 13:03:00,Web,Error
7348,U0482,2026-06-24 18:17:00,Android,Exitoso
8833,U0721,2026-06-03 06:46:00,Android,Exitoso
7771,U0690,2026-06-07 23:58:00,Android,Exitoso
4910,U0370,2026-06-21 13:01:00,Android,Error
10699,U0972,2026-06-20 10:51:00,Android,Exitoso
7773,U0752,2026-06-21 14:10:00,Android,Exitoso
7631,U0770,2026-06-02 09:18:00,Android,Exitoso
2118,U0880,2026-06-02 16:54:00,Web,Error
15510,,2026-06-26 10:05:03,Web,Error
13158,U0665,2026-06-27 00:52:00,iOS,Exitoso
5230,U0940,2026-06-10 16:52:00,Web,Exitoso
1701,U0369,2026-06-17 20:33:00,Android,Error
11936,U0938,2026-06-22 23:13:00,Web,Exitoso
329,,2026-06-14 04:59:00,Web,Error
8689,U0578,2026-06-23 09:23:00,iOS,Exitoso
326,,2026-06-17 07:17:00,Web,Error
10061,U0839,2026-06-06 22:48:00,iOS,Exitoso
9209,U0584,2026-06-14 23:56:00,iOS,Exitoso
6753,U0578,2026-06-21 11:00:00,Android,Exitoso
13522,U0511,2026-06-19 20:46:00,Web,Exitoso
1613,U0450,2026-06-04 03:32:00,Android,Error
12501,U0653,2026-06-28 13:05:00,Android,Exitoso
16332,U0635,2026-06-26 10:06:18,Web,Error
10205,U0961,2026-06-07 20:54:00,Web,Exitoso
6980,U0921,2026-06-19 20:28:00,Web,Exitoso
15683,,2026-06-26 10:01:04,Web,Error
9462,U0849,2026-06-13 00:50:00,iOS,Exitoso
673,,2026-06-17 22:29:00,iOS,Error
4699,,2026-06-15 14:01:00,Web,Error
15229,,2026-06-26 10:00:07,Web,Error
13456,U0475,2026-06-13 01:37:00,Android,Exitoso
11124,U0941,2026-06-09 00:33:00,Android,Exitoso
8126,U0952,2026-06-10 23:40:00,Android,Exitoso
11376,U0543,2026-06-12 13:40:00,iOS,Exitoso
9657,U0609,2026-06-19 10:21:00,Android,Exitoso
8117,U0460,2026-06-04 21:22:00,Web,Exitoso
9945,U0700,2026-06-16 11:33:00,Android,Exitoso
3766,,2026-06-12 19:13:00,Web,Error
11522,U0673,2026-06-06 21:21:00,Web,Exitoso
9197,U0715,2026-06-10 09:41:00,Web,Exitoso
4992,U0960,2026-06-10 21:49:00,Web,Error
13652,U0915,2026-06-06 19:31:00,Android,Exitoso
8098,U0704,2026-06-18 08:24:00,Android,Exitoso
11302,U0756,2026-06-15 21:33:00,iOS,Exitoso
7627,U0676,2026-06-16 14:09:00,Android,Exitoso
7236,U0978,2026-06-07 04:21:00,iOS,Exitoso
1647,U0408,2026-06-28 17:52:00,Web,Error
9627,U0688,2026-06-24 17:29:00,Android,Exitoso
12263,U0817,2026-06-16 18:43:00,Android,Exitoso
10188,U0806,2026-06-03 05:33:00,iOS,Exitoso
7607,U0460,2026-06-21 21:24:00,Web,Exitoso
15429,,2026-06-26 10:02:37,Web,Error
9027,U0476,2026-06-01 01:03:00,iOS,Exitoso
13538,U0608,2026-06-08 19:48:00,iOS,Exitoso
4012,,2026-06-01 21:10:00,Web,Error
16324,U0626,2026-06-26 10:22:16,Web,Error
5308,U0822,2026-06-08 07:46:00,Android,Exitoso
6341,U0734,2026-06-10 22:31:00,iOS,Exitoso
15403,,2026-06-26 10:17:43,Web,Error
14028,U0971,2026-06-24 11:43:00,Android,Exitoso
13321,U0720,2026-06-17 13:41:00,Web,Exitoso
14520,U0806,2026-06-07 10:14:00,Web,Exitoso
8254,U0605,2026-06-04 20:07:00,Web,Exitoso
12584,U0672,2026-06-14 02:17:00,Web,Exitoso
6117,U0502,2026-06-24 13:11:00,Android,Exitoso
8728,U0524,2026-06-21 09:11:00,iOS,Exitoso
2203,,2026-06-20 04:50:00,Web,Error
8962,U0695,2026-06-23 14:38:00,iOS,Exitoso
5836,U0830,2026-06-08 19:30:00,Web,Exitoso
5802,U0689,2026-06-21 14:31:00,Android,Exitoso
8375,U0932,2026-06-17 23:14:00,Web,Exitoso
14235,U0947,2026-06-14 21:40:00,Android,Exitoso
8128,U0792,2026-06-21 05:38:00,iOS,Exitoso
4953,U0227,2026-06-21 11:37:00,Android,Error
3538,U0391,2026-06-27 23:49:00,Web,Error
15077,,2026-06-26 10:21:39,Web,Error
1887,U0116,2026-06-09 23:42:00,Android,Error
11086,U0688,2026-06-16 05:45:00,iOS,Exitoso
5107,U0576,2026-06-14 13:40:00,Web,Exitoso
15166,,2026-06-26 10:26:08,Web,Error
14395,U0451,2026-06-08 21:03:00,Android,Exitoso
8499,U0942,2026-06-15 01:56:00,Android,Exitoso
202,,2026-06-16 05:50:00,Web,Error
9495,U0678,2026-06-27 06:03:00,Android,Exitoso
13342,U0622,2026-06-06 13:41:00,Android,Exitoso
589,U0172,2026-06-18 08:50:00,Web,Error
2553,U0411,2026-06-02 17:01:00,Android,Error
10689,U0757,2026-06-17 21:29:00,Android,Exitoso
2404,U0373,2026-06-18 11:32:00,Android,Error
2282,U0326,2026-06-21 21:07:00,iOS,Error
3452,U0410,2026-06-22 07:45:00,Android,Error
11604,U0971,2026-06-19 22:04:00,Web,Exitoso
1672,U0080,2026-06-23 01:18:00,Web,Error
10556,U0849,2026-06-10 10:52:00,Android,Exitoso
6193,U0788,2026-06-24 23:33:00,Android,Exitoso
16460,U0615,2026-06-26 10:12:24,Web,Error
99,U0051,2026-06-04 18:21:00,Web,Error
9306,U0465,2026-06-05 21:20:00,iOS,Exitoso
1675,U0423,2026-06-04 04:10:00,Android,Error
10333,U0571,2026-06-24 03:32:00,Android,Exitoso
5411,U0500,2026-06-20 03:09:00,Web,Exitoso
4712,U0164,2026-06-21 12:19:00,Web,Error
11304,U0539,2026-06-25 06:01:00,Android,Exitoso
2087,,2026-06-21 05:52:00,Web,Error
7662,U0778,2026-06-03 15:02:00,Android,Exitoso
9438,U0508,2026-06-21 07:54:00,Android,Exitoso
245,,2026-06-27 16:32:00,Web,Error
811,,2026-06-01 01:59:00,Web,Error
7148,U0932,2026-06-11 16:50:00,Web,Exitoso
14499,U0606,2026-06-06 21:06:00,iOS,Exitoso
12942,U0829,2026-06-10 22:48:00,Web,Exitoso
11011,U0746,2026-06-12 21:23:00,iOS,Exitoso
691,U0693,2026-06-23 18:46:00,iOS,Error
16058,,2026-06-26 10:14:50,Web,Error
3239,U0219,2026-06-01 19:01:00,Web,Error
4965,U0575,2026-06-02 17:06:00,Web,Error
14021,U0650,2026-06-19 02:41:00,Android,Exitoso
15590,,2026-06-26 10:17:49,Web,Error
12812,U0990,2026-06-28 11:59:00,Android,Exitoso
11444,U0547,2026-06-08 16:53:00,Web,Exitoso
8876,U0559,2026-06-18 11:10:00,iOS,Exitoso
7846,U0499,2026-06-07 11:18:00,Web,Exitoso
2191,,2026-06-27 03:51:00,iOS,Error
488,U0452,2026-06-27 16:04:00,Android,Error
6792,U0778,2026-06-17 22:29:00,Web,Exitoso
4469,U0379,2026-06-17 03:46:00,iOS,Error
8837,U0891,2026-06-05 18:40:00,Android,Exitoso
9041,U0809,2026-06-11 15:32:00,iOS,Exitoso
6975,U0576,2026-06-13 17:37:00,iOS,Exitoso
3457,U0093,2026-06-19 16:34:00,Android,Error
3569,U0743,2026-06-01 16:01:00,iOS,Error
9661,U0467,2026-06-11 11:43:00,iOS,Exitoso
14756,U0930,2026-06-22 04:56:00,Android,Exitoso
8701,U0976,2026-06-19 04:35:00,iOS,Exitoso
10883,U0848,2026-06-28 09:20:00,Android,Exitoso
1053,,2026-06-24 15:59:00,Android,Error
10777,U0846,2026-06-27 01:52:00,Web,Exitoso
188,U0369,2026-06-03 08:34:00,Android,Error
7069,U0984,2026-06-25 11:08:00,iOS,Exitoso
2475,U0783,2026-06-15 20:25:00,Web,Error
14407,U0559,2026-06-28 13:49:00,Web,Exitoso
3923,U0213,2026-06-22 14:57:00,Android,Error
14834,U0491,2026-06-26 03:06:00,Android,Exitoso
11513,U0538,2026-06-08 01:10:00,Android,Exitoso
2116,,2026-06-01 15:11:00,Android,Error
7474,U0716,2026-06-24 10:00:00,Android,Exitoso
6252,U0686,2026-06-15 04:56:00,Android,Exitoso
13813,U0833,2026-06-21 08:29:00,iOS,Exitoso
9544,U0682,2026-06-02 07:58:00,Android,Exitoso
5889,U0598,2026-06-21 23:47:00,Android,Exitoso
8538,U0599,2026-06-25 09:52:00,Web,Exitoso
15430,,2026-06-26 10:12:21,Web,Error
15065,,2026-06-26 10:08:55,Web,Error
14783,U0746,2026-06-18 01:21:00,Android,Exitoso
16103,,2026-06-26 10:15:42,Web,Error
16080,,2026-06-26 10:28:27,Web,Error
7668,U0577,2026-06-17 02:06:00,Android,Exitoso
5012,U0601,2026-06-24 13:11:00,iOS,Exitoso
7181,U0995,2026-06-07 05:50:00,iOS,Exitoso
11347,U0976,2026-06-09 06:24:00,Web,Exitoso
11632,U0695,2026-06-11 03:38:00,iOS,Exitoso
718,U0629,2026-06-17 12:30:00,Web,Error
10688,U0621,2026-06-21 00:07:00,Web,Exitoso
6397,U0570,2026-06-09 09:41:00,iOS,Exitoso
4830,U0883,2026-06-10 11:51:00,Web,Error
5209,U0912,2026-06-26 00:07:00,iOS,Exitoso
16016,,2026-06-26 10:00:53,Web,Error
14481,U0895,2026-06-27 08:05:00,Android,Exitoso
4371,,2026-06-17 18:11:00,Web,Error
3942,,2026-06-05 20:47:00,Web,Error
13909,U0561,2026-06-25 18:29:00,Web,Exitoso
15880,,2026-06-26 10:08:13,Web,Error
3024,,2026-06-18 20:11:00,Web,Error
8948,U0947,2026-06-06 02:55:00,iOS,Exitoso
1641,U0026,2026-06-06 22:52:00,iOS,Error
5861,U0852,2026-06-21 22:10:00,iOS,Exitoso
8268,U0798,2026-06-17 07:36:00,iOS,Exitoso
15649,,2026-06-26 10:19:02,Web,Error
1287,U0257,2026-06-19 08:20:00,Android,Error
3163,U0756,2026-06-18 12:20:00,Web,Error
12173,U0801,2026-06-25 12:10:00,Android,Exitoso
5022,U0617,2026-06-18 12:38:00,iOS,Exitoso
12679,U0808,2026-06-23 23:02:00,iOS,Exitoso
3658,U0439,2026-06-24 20:08:00,Android,Error
16164,,2026-06-26 10:00:58,Web,Error
15652,,2026-06-26 10:01:36,Web,Error
10264,U0637,2026-06-28 01:19:00,iOS,Exitoso
7070,U0634,2026-06-19 23:02:00,Web,Exitoso
11516,U0463,2026-06-03 12:11:00,iOS,Exitoso
9750,U0693,2026-06-24 11:00:00,iOS,Exitoso
3809,U0960,2026-06-24 06:16:00,Android,Error
299,U0089,2026-06-03 22:46:00,Web,Error
12889,U0564,2026-06-07 11:45:00,Android,Exitoso
8088,U0955,2026-06-26 05:37:00,Web,Exitoso
15357,,2026-06-26 10:18:55,Web,Error
11896,U0523,2026-06-06 08:56:00,Web,Exitoso
81,,2026-06-27 00:52:00,iOS,Error
14749,U0937,2026-06-20 18:07:00,Web,Exitoso
10859,U0912,2026-06-02 17:45:00,Android,Exitoso
2449,U0213,2026-06-09 01:22:00,Web,Error
2036,,2026-06-21 09:36:00,Web,Error
16127,,2026-06-26 10:11:15,Web,Error
14373,U0515,2026-06-10 07:09:00,Android,Exitoso
13880,U0840,2026-06-26 04:11:00,iOS,Exitoso
14516,U0545,2026-06-27 23:34:00,iOS,Exitoso
5203,U0926,2026-06-21 11:04:00,Web,Exitoso
15279,,2026-06-26 10:09:40,Web,Error
2366,U0151,2026-06-12 13:34:00,iOS,Error
7761,U0704,2026-06-27 23:46:00,Android,Exitoso
6234,U0732,2026-06-28 07:02:00,Web,Exitoso
8744,U0944,2026-06-13 21:55:00,iOS,Exitoso
11705,U0985,2026-06-26 05:34:00,Android,Exitoso
868,U0338,2026-06-01 06:13:00,Android,Error
8552,U0609,2026-06-04 10:04:00,iOS,Exitoso
8099,U0783,2026-06-23 06:10:00,Web,Exitoso
6958,U0538,2026-06-21 14:41:00,Web,Exitoso
7608,U0815,2026-06-21 07:50:00,iOS,Exitoso
9644,U0917,2026-06-20 12:57:00,Web,Exitoso
13297,U0675,2026-06-05 08:31:00,iOS,Exitoso
8212,U0540,2026-06-26 07:48:00,iOS,Exitoso
10858,U0624,2026-06-18 20:15:00,Web,Exitoso
179,,2026-06-09 15:49:00,Web,Error
4836,U0312,2026-06-12 04:16:00,Web,Error
6918,U0953,2026-06-17 18:15:00,Web,Exitoso
855,U0245,2026-06-13 06:58:00,iOS,Error
4554,U0358,2026-06-10 06:23:00,iOS,Error
719,U0414,2026-06-25 07:33:00,iOS,Error
15884,,2026-06-26 10:08:31,Web,Error
6210,U0932,2026-06-20 14:47:00,Web,Exitoso
873,,2026-06-02 21:32:00,Android,Error
11105,U0895,2026-06-01 20:08:00,Android,Exitoso
2431,U0323,2026-06-15 08:14:00,Android,Error
5756,U0490,2026-06-13 06:48:00,Web,Exitoso
14166,U0910,2026-06-20 22:14:00,iOS,Exitoso
8379,U0773,2026-06-24 06:15:00,iOS,Exitoso
5002,U0762,2026-06-17 05:34:00,Web,Exitoso
4266,U0134,2026-06-18 05:15:00,Android,Error
2250,,2026-06-14 00:09:00,Android,Error
3936,U0377,2026-06-09 13:59:00,Web,Error
14470,U0746,2026-06-07 11:11:00,Web,Exitoso
11804,U0503,2026-06-05 21:40:00,iOS,Exitoso
2440,U0456,2026-06-03 20:12:00,Web,Error
7520,U0972,2026-06-19 08:06:00,iOS,Exitoso
10201,U0902,2026-06-02 22:32:00,iOS,Exitoso
5697,U0679,2026-06-27 06:19:00,Web,Exitoso
12516,U0713,2026-06-08 11:11:00,iOS,Exitoso
1819,U0659,2026-06-06 05:39:00,Android,Error
5635,U0617,2026-06-25 02:21:00,iOS,Exitoso
6613,U0545,2026-06-23 08:54:00,Android,Exitoso
7853,U0480,2026-06-02 04:28:00,Android,Exitoso
6238,U0558,2026-06-01 23:39:00,Android,Exitoso
4312,U0354,2026-06-06 16:43:00,iOS,Error
14295,U0832,2026-06-05 20:12:00,Web,Exitoso
12262,U0671,2026-06-20 14:29:00,Android,Exitoso
4060,U0364,2026-06-05 23:31:00,Android,Error
8868,U0758,2026-06-02 14:18:00,Android,Exitoso
11400,U0988,2026-06-13 12:45:00,Android,Exitoso
3401,U0762,2026-06-03 05:37:00,iOS,Error
6114,U0584,2026-06-27 05:45:00,iOS,Exitoso
11654,U0672,2026-06-12 05:21:00,iOS,Exitoso
13276,U0898,2026-06-24 19:47:00,iOS,Exitoso
614,U0074,2026-06-08 06:58:00,iOS,Error
3039,U0116,2026-06-03 14:50:00,Android,Error
3624,,2026-06-21 03:35:00,Web,Error
787,,2026-06-18 00:48:00,Web,Error
6358,U0886,2026-06-03 06:03:00,iOS,Exitoso
6731,U0662,2026-06-26 02:30:00,Android,Exitoso
15127,,2026-06-26 10:18:30,Web,Error
7615,U0972,2026-06-27 08:53:00,iOS,Exitoso
14193,U0724,2026-06-16 10:17:00,Web,Exitoso
12859,U0861,2026-06-23 06:53:00,iOS,Exitoso
5640,U0850,2026-06-13 04:46:00,Web,Exitoso
12671,U0566,2026-06-15 03:40:00,Android,Exitoso
12845,U0969,2026-06-26 05:00:00,Android,Exitoso
10189,U0484,2026-06-12 02:47:00,Web,Exitoso
340,U0298,2026-06-23 21:35:00,Web,Error
6215,U0684,2026-06-21 18:56:00,iOS,Exitoso
4403,U0385,2026-06-04 14:26:00,Android,Error
11954,U0708,2026-06-15 12:10:00,Web,Exitoso
15757,,2026-06-26 10:00:01,Web,Error
5536,U0622,2026-06-18 21:19:00,iOS,Exitoso
10068,U0597,2026-06-24 12:58:00,Android,Exitoso
16350,U0615,2026-06-26 10:11:46,Web,Error
12982,U0715,2026-06-05 00:08:00,iOS,Exitoso
2995,,2026-06-21 10:58:00,Web,Error
12611,U0648,2026-06-16 00:59:00,iOS,Exitoso
15324,,2026-06-26 10:06:56,Web,Error
16156,,2026-06-26 10:00:00,Web,Error
14833,U0724,2026-06-24 15:36:00,Web,Exitoso
3332,U0184,2026-06-06 01:22:00,Android,Error
7589,U0553,2026-06-13 04:24:00,iOS,Exitoso
1323,U0297,2026-06-08 04:28:00,iOS,Error
14353,U0566,2026-06-14 11:59:00,iOS,Exitoso
14222,U0879,2026-06-20 15:02:00,Android,Exitoso
2471,U0997,2026-06-03 07:56:00,Android,Error
6286,U0756,2026-06-22 20:59:00,Web,Exitoso
15500,,2026-06-26 10:19:38,Web,Error
83,U0305,2026-06-03 04:41:00,Web,Error
8927,U0585,2026-06-21 12:15:00,Web,Exitoso
6505,U0968,2026-06-04 16:42:00,Android,Exitoso
16270,U0674,2026-06-26 10:24:02,Web,Error
5029,U0715,2026-06-12 16:25:00,Web,Exitoso
3175,,2026-06-02 07:22:00,Web,Error
742,U0086,2026-06-27 23:45:00,Web,Error
1980,,2026-06-18 09:53:00,Android,Error
12270,U0617,2026-06-24 01:42:00,Web,Exitoso
11332,U0974,2026-06-27 13:33:00,Android,Exitoso
10453,U0731,2026-06-01 05:48:00,iOS,Exitoso
9913,U0897,2026-06-15 19:39:00,iOS,Exitoso
6645,U0747,2026-06-12 05:02:00,Web,Exitoso
12958,U0969,2026-06-10 09:44:00,Android,Exitoso
7917,U0787,2026-06-12 05:28:00,iOS,Exitoso
7547,U0740,2026-06-17 17:47:00,Android,Exitoso
760,U0358,2026-06-08 05:16:00,iOS,Error
9334,U0659,2026-06-08 12:34:00,Web,Exitoso
14775,U0517,2026-06-01 05:46:00,Web,Exitoso
4498,U0698,2026-06-03 15:22:00,Web,Error
15947,,2026-06-26 10:18:41,Web,Error
10472,U0849,2026-06-04 18:09:00,Android,Exitoso
11194,U0795,2026-06-25 00:05:00,Web,Exitoso
9408,U0700,2026-06-28 16:21:00,Web,Exitoso
4085,,2026-06-04 03:58:00,Web,Error
10008,U0654,2026-06-28 03:05:00,Android,Exitoso
14547,U0803,2026-06-07 16:29:00,Android,Exitoso
5309,U0528,2026-06-17 21:48:00,Android,Exitoso
10778,U0835,2026-06-09 15:39:00,Android,Exitoso
7694,U0984,2026-06-13 16:18:00,Android,Exitoso
11865,U0560,2026-06-16 12:32:00,Web,Exitoso
895,U0178,2026-06-13 01:52:00,iOS,Error
183,U0169,2026-06-25 03:15:00,iOS,Error
13506,U0986,2026-06-15 10:59:00,iOS,Exitoso
2478,U0631,2026-06-01 09:15:00,Android,Error
7618,U0679,2026-06-06 12:04:00,Web,Exitoso
15761,,2026-06-26 10:08:59,Web,Error
342,U0472,2026-06-05 21:45:00,Web,Error
3939,,2026-06-05 06:43:00,Web,Error
8938,U0635,2026-06-10 22:15:00,Web,Exitoso
1938,U0544,2026-06-25 03:02:00,Web,Error
3101,,2026-06-28 00:21:00,iOS,Error
5251,U0800,2026-06-01 15:48:00,Web,Exitoso
8783,U0866,2026-06-21 07:27:00,iOS,Exitoso
16007,,2026-06-26 10:00:03,Web,Error
5971,U0887,2026-06-05 07:44:00,iOS,Exitoso
3216,U0005,2026-06-24 22:30:00,Web,Error
7913,U0506,2026-06-08 04:40:00,Web,Exitoso
12931,U0772,2026-06-23 20:08:00,Android,Exitoso
8352,U0710,2026-06-06 08:30:00,iOS,Exitoso
3342,U0564,2026-06-11 23:45:00,Web,Error
7895,U0672,2026-06-09 02:26:00,iOS,Exitoso
16151,,2026-06-26 10:06:56,Web,Error
1724,,2026-06-08 15:52:00,Android,Error
14905,U0653,2026-06-16 04:27:00,Web,Exitoso
14033,U0581,2026-06-16 22:41:00,Android,Exitoso
9625,U0779,2026-06-23 07:51:00,Web,Exitoso
7801,U0820,2026-06-09 08:11:00,iOS,Exitoso
2202,,2026-06-16 23:55:00,Web,Error
1393,,2026-06-17 09:26:00,iOS,Error
13740,U0640,2026-06-14 18:05:00,Android,Exitoso
10447,U0810,2026-06-15 01:26:00,iOS,Exitoso
14350,U0709,2026-06-18 11:49:00,iOS,Exitoso
7382,U0886,2026-06-07 16:14:00,Android,Exitoso
8745,U0880,2026-06-10 19:16:00,iOS,Exitoso
13890,U0590,2026-06-05 07:26:00,Android,Exitoso
3993,,2026-06-19 10:07:00,Web,Error
14788,U0736,2026-06-17 10:15:00,Web,Exitoso
7106,U0905,2026-06-14 19:00:00,Android,Exitoso
5505,U0749,2026-06-09 14:19:00,iOS,Exitoso
10692,U0928,2026-06-11 00:40:00,Web,Exitoso
9277,U0598,2026-06-06 02:19:00,iOS,Exitoso
1619,,2026-06-14 19:33:00,Web,Error
4364,U0963,2026-06-16 09:59:00,Web,Error
16180,,2026-06-26 10:27:17,Web,Error
3627,U0016,2026-06-09 02:24:00,Web,Error
9584,U0952,2026-06-28 06:18:00,iOS,Exitoso
1318,U0812,2026-06-08 07:22:00,Web,Error
11563,U0984,2026-06-28 12:30:00,Android,Exitoso
7030,U0706,2026-06-03 01:28:00,Web,Exitoso
12615,U0659,2026-06-05 01:58:00,iOS,Exitoso
6533,U0650,2026-06-28 05:04:00,Web,Exitoso
6762,U0700,2026-06-24 15:38:00,Android,Exitoso
2474,U0320,2026-06-01 09:16:00,Android,Error
8348,U0907,2026-06-26 15:33:00,Android,Exitoso
3337,U0977,2026-06-26 03:04:00,iOS,Error
6174,U0641,2026-06-10 15:13:00,Android,Exitoso
11921,U0891,2026-06-08 12:13:00,Android,Exitoso
9335,U0603,2026-06-04 06:26:00,iOS,Exitoso
10674,U0918,2026-06-25 07:55:00,iOS,Exitoso
11890,U0549,2026-06-21 21:22:00,iOS,Exitoso
13899,U0644,2026-06-01 13:15:00,Android,Exitoso
1559,,2026-06-28 02:06:00,Android,Error
3416,,2026-06-09 10:56:00,Web,Error
14777,U0696,2026-06-23 15:42:00,Web,Exitoso
4314,,2026-06-26 17:46:00,Web,Error
15121,,2026-06-26 10:03:15,Web,Error
12410,U0466,2026-06-27 11:58:00,Android,Exitoso
2491,U0032,2026-06-02 18:41:00,Android,Error
6668,U0993,2026-06-22 02:40:00,Web,Exitoso
6103,U0718,2026-06-01 19:49:00,iOS,Exitoso
3746,,2026-06-21 04:24:00,Web,Error
9745,U0776,2026-06-12 22:31:00,iOS,Exitoso
8332,U0992,2026-06-27 07:34:00,Web,Exitoso
1178,U0937,2026-06-10 13:28:00,Web,Error
4181,,2026-06-22 21:03:00,Web,Error
8363,U0904,2026-06-16 09:46:00,iOS,Exitoso
3089,,2026-06-13 11:53:00,iOS,Error
634,,2026-06-22 04:37:00,Android,Error
1511,U0268,2026-06-27 15:58:00,iOS,Error
15023,,2026-06-26 10:08:31,Web,Error
12833,U0731,2026-06-18 05:45:00,iOS,Exitoso
8957,U0779,2026-06-19 13:03:00,Android,Exitoso
8740,U0831,2026-06-19 05:50:00,iOS,Exitoso
836,,2026-06-04 20:17:00,iOS,Error
15454,,2026-06-26 10:26:14,Web,Error
11912,U0715,2026-06-24 09:42:00,Android,Exitoso
15450,,2026-06-26 10:10:27,Web,Error
9525,U0641,2026-06-18 09:12:00,Web,Exitoso
8568,U0773,2026-06-09 13:04:00,Web,Exitoso
9061,U0657,2026-06-07 09:46:00,iOS,Exitoso
10870,U0574,2026-06-16 08:01:00,Android,Exitoso
11529,U0775,2026-06-08 21:39:00,Web,Exitoso
5117,U0672,2026-06-15 10:12:00,Android,Exitoso
3976,U0407,2026-06-16 06:52:00,Android,Error
7857,U0755,2026-06-16 04:22:00,Android,Exitoso
4823,U0801,2026-06-24 03:32:00,Web,Error
7333,U0907,2026-06-16 17:27:00,Web,Exitoso
5351,U0584,2026-06-05 16:29:00,iOS,Exitoso
3215,U0079,2026-06-05 16:34:00,iOS,Error
7016,U0612,2026-06-02 16:53:00,Web,Exitoso
4868,U0182,2026-06-26 05:13:00,iOS,Error
591,U0161,2026-06-08 19:55:00,Web,Error
10223,U0555,2026-06-27 14:56:00,Web,Exitoso
6728,U0676,2026-06-09 04:23:00,Android,Exitoso
4470,U0212,2026-06-15 11:25:00,Android,Error
3613,U0029,2026-06-20 02:28:00,Android,Error
8181,U0652,2026-06-01 02:32:00,iOS,Exitoso
1036,U0824,2026-06-27 14:09:00,iOS,Error
527,,2026-06-01 14:34:00,Android,Error
2707,U0309,2026-06-12 02:51:00,iOS,Error
11649,U0750,2026-06-12 00:16:00,Android,Exitoso
1197,U0447,2026-06-09 12:26:00,Android,Error
3225,,2026-06-13 08:40:00,Web,Error
2788,U0402,2026-06-14 02:06:00,Android,Error
8935,U0763,2026-06-01 21:32:00,iOS,Exitoso
6037,U0692,2026-06-11 06:00:00,Android,Exitoso
415,,2026-06-14 04:07:00,Web,Error
3520,U0606,2026-06-08 07:33:00,Web,Error
8492,U0615,2026-06-05 04:18:00,Android,Exitoso
14199,U0588,2026-06-27 18:15:00,Web,Exitoso
5506,U0583,2026-06-23 14:33:00,Android,Exitoso
14892,U0976,2026-06-03 10:41:00,Web,Exitoso
15230,,2026-06-26 10:23:23,Web,Error
6071,U0531,2026-06-24 21:10:00,Android,Exitoso
16435,U0791,2026-06-26 10:10:22,Web,Error
4011,,2026-06-21 09:21:00,Web,Error
14895,U0824,2026-06-01 20:06:00,iOS,Exitoso
4967,U0400,2026-06-19 12:09:00,iOS,Error
491,U0047,2026-06-09 07:27:00,Web,Error
11783,U0967,2026-06-11 05:54:00,iOS,Exitoso
4546,,2026-06-16 04:16:00,Web,Error
8442,U0790,2026-06-26 07:35:00,iOS,Exitoso
4739,U0777,2026-06-18 12:31:00,Web,Error
5311,U0731,2026-06-08 19:27:00,iOS,Exitoso
3756,,2026-06-06 04:28:00,Web,Error
15628,,2026-06-26 10:28:26,Web,Error
2588,,2026-06-15 13:08:00,Web,Error
10483,U0937,2026-06-15 04:42:00,Android,Exitoso
6455,U0571,2026-06-14 17:49:00,iOS,Exitoso
13427,U0593,2026-06-14 05:14:00,iOS,Exitoso
2827,U0300,2026-06-20 21:26:00,Web,Error
15172,,2026-06-26 10:15:18,Web,Error
5098,U0597,2026-06-09 17:00:00,iOS,Exitoso
10437,U0698,2026-06-16 23:59:00,Web,Exitoso
5442,U0973,2026-06-28 00:55:00,Web,Exitoso
6796,U0893,2026-06-19 08:45:00,iOS,Exitoso
12059,U0515,2026-06-10 00:14:00,Android,Exitoso
2141,U0360,2026-06-01 00:30:00,Android,Error
16278,U0829,2026-06-26 10:09:47,Web,Error
14303,U0854,2026-06-14 10:50:00,iOS,Exitoso
10545,U0989,2026-06-18 02:03:00,Android,Exitoso
3380,U0585,2026-06-26 11:08:00,Web,Error
9781,U0921,2026-06-12 14:16:00,iOS,Exitoso
2276,U0399,2026-06-13 16:57:00,Android,Error
11028,U0550,2026-06-22 16:51:00,Web,Exitoso
13135,U0870,2026-06-22 14:11:00,Android,Exitoso
2376,U0360,2026-06-04 04:53:00,iOS,Error
15151,,2026-06-26 10:23:13,Web,Error
12899,U0922,2026-06-05 11:30:00,Android,Exitoso
3803,U0693,2026-06-24 11:43:00,Web,Error
4844,U0238,2026-06-11 02:41:00,iOS,Error
12651,U0862,2026-06-20 17:05:00,iOS,Exitoso
10673,U0751,2026-06-10 13:09:00,iOS,Exitoso
9199,U0903,2026-06-15 22:17:00,iOS,Exitoso
10745,U0522,2026-06-02 23:36:00,Web,Exitoso
10011,U0674,2026-06-05 03:58:00,iOS,Exitoso
8529,U0565,2026-06-01 12:21:00,Android,Exitoso
11425,U0843,2026-06-12 14:27:00,iOS,Exitoso
10869,U0462,2026-06-10 08:42:00,Web,Exitoso
2967,U0174,2026-06-26 02:36:00,Web,Error
14214,U0806,2026-06-22 23:40:00,Web,Exitoso
11487,U0664,2026-06-26 14:10:00,iOS,Exitoso
5587,U0521,2026-06-11 16:32:00,Android,Exitoso
10092,U0919,2026-06-16 11:27:00,Android,Exitoso
9161,U0451,2026-06-02 03:03:00,iOS,Exitoso
9147,U0708,2026-06-14 00:13:00,Android,Exitoso
2835,U0359,2026-06-13 17:55:00,Android,Error
4162,U0413,2026-06-09 21:06:00,iOS,Error
6073,U0685,2026-06-27 23:50:00,Android,Exitoso
6094,U0586,2026-06-24 10:58:00,Web,Exitoso
10697,U0502,2026-06-25 05:19:00,iOS,Exitoso
10976,U0563,2026-06-22 19:28:00,Android,Exitoso
1998,U0143,2026-06-17 00:04:00,Android,Error
16428,U0952,2026-06-26 10:06:47,Web,Error
6395,U0920,2026-06-16 03:22:00,Android,Exitoso
6674,U0454,2026-06-24 13:04:00,Android,Exitoso
3463,U0184,2026-06-03 15:12:00,iOS,Error
9182,U0797,2026-06-04 01:59:00,iOS,Exitoso
914,U0012,2026-06-15 18:06:00,iOS,Error
13501,U0997,2026-06-10 20:28:00,iOS,Exitoso
15954,,2026-06-26 10:20:39,Web,Error
2129,,2026-06-08 02:30:00,iOS,Error
6452,U0461,2026-06-23 20:53:00,Web,Exitoso
9377,U0674,2026-06-11 03:59:00,Web,Exitoso
4185,U0016,2026-06-03 13:49:00,iOS,Error
13226,U0545,2026-06-23 04:35:00,Web,Exitoso
1457,U0172,2026-06-06 20:37:00,iOS,Error
15360,,2026-06-26 10:25:17,Web,Error
10102,U0862,2026-06-18 04:00:00,iOS,Exitoso
4902,U0259,2026-06-07 13:48:00,iOS,Error
6930,U0781,2026-06-21 10:11:00,Web,Exitoso
15410,,2026-06-26 10:10:11,Web,Error
5703,U0693,2026-06-16 05:29:00,Web,Exitoso
1222,U0242,2026-06-06 09:47:00,Android,Error
2952,U0832,2026-06-03 05:35:00,Web,Error
8364,U0802,2026-06-21 22:20:00,Android,Exitoso
11531,U0988,2026-06-08 21:37:00,iOS,Exitoso
6810,U0751,2026-06-05 22:11:00,Android,Exitoso
14188,U0582,2026-06-09 20:09:00,Android,Exitoso
16468,U0635,2026-06-26 10:04:16,Web,Error
7693,U0648,2026-06-11 15:21:00,Web,Exitoso
9051,U0981,2026-06-10 07:10:00,Web,Exitoso
1084,,2026-06-25 13:57:00,Web,Error
4542,U0642,2026-06-01 11:55:00,Web,Error
14302,U0762,2026-06-01 06:55:00,iOS,Exitoso
1230,U0370,2026-06-19 03:28:00,Web,Error
15579,,2026-06-26 10:13:03,Web,Error
6931,U0814,2026-06-03 22:30:00,Web,Exitoso
2232,U0462,2026-06-23 06:35:00,iOS,Error
1423,U0798,2026-06-02 08:57:00,Android,Error
4268,,2026-06-23 03:14:00,Web,Error
4007,,2026-06-26 23:47:00,Web,Error
7623,U0740,2026-06-27 10:00:00,iOS,Exitoso
6559,U0546,2026-06-27 13:01:00,Android,Exitoso
137,,2026-06-20 23:40:00,Android,Error
7678,U0959,2026-06-14 20:28:00,iOS,Exitoso
7409,U0842,2026-06-22 18:52:00,Android,Exitoso
10921,U0502,2026-06-14 11:44:00,iOS,Exitoso
5754,U0923,2026-06-01 11:46:00,iOS,Exitoso
10252,U0707,2026-06-26 05:30:00,Android,Exitoso
15100,,2026-06-26 10:10:09,Web,Error
4578,U0158,2026-06-02 14:36:00,iOS,Error
8357,U0829,2026-06-02 07:46:00,Web,Exitoso
3652,,2026-06-03 20:16:00,Web,Error
3691,U0488,2026-06-16 10:50:00,Web,Error
15818,,2026-06-26 10:06:04,Web,Error
12520,U0990,2026-06-13 01:59:00,Android,Exitoso
1219,U0347,2026-06-08 06:35:00,Web,Error
3660,,2026-06-10 05:19:00,Web,Error
12104,U0709,2026-06-17 12:15:00,Web,Exitoso
6138,U0887,2026-06-04 14:18:00,iOS,Exitoso
14810,U0538,2026-06-15 00:50:00,iOS,Exitoso
7874,U0908,2026-06-09 16:18:00,Android,Exitoso
14812,U0883,2026-06-13 01:43:00,iOS,Exitoso
16211,,2026-06-26 10:14:03,Web,Error
13458,U0600,2026-06-20 15:53:00,Android,Exitoso
7525,U0898,2026-06-22 19:07:00,Web,Exitoso
6029,U0876,2026-06-28 06:20:00,Android,Exitoso
13620,U0649,2026-06-25 19:03:00,Web,Exitoso
3588,U0359,2026-06-26 04:19:00,Android,Error
12243,U0462,2026-06-09 18:38:00,Web,Exitoso
958,U0285,2026-06-12 10:10:00,Web,Error
3750,U0088,2026-06-05 10:42:00,iOS,Error
8125,U0542,2026-06-19 00:36:00,Web,Exitoso
7872,U0817,2026-06-13 20:39:00,Android,Exitoso
9841,U0761,2026-06-01 06:08:00,Web,Exitoso
3466,U0534,2026-06-21 18:09:00,iOS,Error
2997,U0419,2026-06-13 15:24:00,iOS,Error
12161,U0585,2026-06-17 00:48:00,Android,Exitoso
8331,U0627,2026-06-10 17:11:00,Android,Exitoso
2323,U0566,2026-06-19 20:50:00,Android,Error
1350,,2026-06-11 23:21:00,Android,Error
16128,,2026-06-26 10:10:51,Web,Error
1877,U0867,2026-06-07 20:27:00,Web,Error
8116,U0573,2026-06-07 12:46:00,Web,Exitoso
1098,U0226,2026-06-27 11:46:00,Android,Error
9629,U0808,2026-06-09 17:36:00,Android,Exitoso
12245,U0702,2026-06-22 22:01:00,iOS,Exitoso
3211,U0775,2026-06-15 01:17:00,iOS,Error
8233,U0940,2026-06-16 07:31:00,Web,Exitoso
2434,,2026-06-04 07:38:00,iOS,Error
1592,U0062,2026-06-01 15:01:00,Android,Error
1717,,2026-06-09 05:46:00,Web,Error
16109,,2026-06-26 10:27:38,Web,Error
1399,U0164,2026-06-20 06:36:00,Web,Error
15546,,2026-06-26 10:29:25,Web,Error
5249,U0977,2026-06-06 21:37:00,iOS,Exitoso
5122,U0678,2026-06-02 16:56:00,iOS,Exitoso
6662,U0455,2026-06-08 18:04:00,iOS,Exitoso
13085,U0490,2026-06-28 16:31:00,iOS,Exitoso
1898,,2026-06-16 00:15:00,Web,Error
9291,U0640,2026-06-04 05:31:00,iOS,Exitoso
7396,U0630,2026-06-18 23:56:00,Android,Exitoso
2536,U0499,2026-06-24 02:42:00,Web,Error
3410,,2026-06-24 03:20:00,iOS,Error
15220,,2026-06-26 10:29:33,Web,Error
9482,U0509,2026-06-09 01:41:00,Android,Exitoso
4655,U0081,2026-06-20 04:46:00,Android,Error
11725,U0830,2026-06-02 16:31:00,Web,Exitoso
3160,,2026-06-02 11:30:00,Web,Error
6021,U0790,2026-06-08 00:57:00,iOS,Exitoso
11059,U0918,2026-06-09 07:02:00,Web,Exitoso
4465,,2026-06-10 01:39:00,Web,Error
16494,U0799,2026-06-26 10:13:19,Web,Error
4094,U0152,2026-06-16 00:22:00,Web,Error
3250,,2026-06-17 06:04:00,iOS,Error
8705,U0731,2026-06-13 12:00:00,iOS,Exitoso
6683,U0602,2026-06-13 01:10:00,Android,Exitoso
12491,U0627,2026-06-06 02:29:00,Web,Exitoso
12014,U0885,2026-06-19 16:12:00,Android,Exitoso
9849,U0975,2026-06-28 15:38:00,Android,Exitoso
2163,U0065,2026-06-04 17:09:00,Web,Error
7921,U0725,2026-06-27 11:19:00,Web,Exitoso
6837,U0788,2026-06-27 10:16:00,Web,Exitoso
6581,U0723,2026-06-04 05:12:00,Web,Exitoso
8787,U0856,2026-06-09 19:07:00,iOS,Exitoso
12406,U0974,2026-06-01 19:12:00,Android,Exitoso
1543,,2026-06-08 15:50:00,iOS,Error
13602,U0931,2026-06-12 00:20:00,Web,Exitoso
11831,U0970,2026-06-10 19:04:00,iOS,Exitoso
15273,,2026-06-26 10:18:48,Web,Error
1669,,2026-06-23 13:37:00,Android,Error
6977,U0635,2026-06-05 07:03:00,Web,Exitoso
2829,U0069,2026-06-14 17:25:00,Android,Error
15165,,2026-06-26 10:22:29,Web,Error
1686,U0137,2026-06-02 15:26:00,Android,Error
2046,U0223,2026-06-01 14:58:00,Android,Error
15009,,2026-06-26 10:11:27,Web,Error
16029,,2026-06-26 10:22:59,Web,Error
16508,U0710,2026-06-26 10:05:55,Web,Error
1665,,2026-06-06 08:19:00,Web,Error
9863,U0793,2026-06-01 20:29:00,Web,Exitoso
9669,U0896,2026-06-08 21:55:00,Android,Exitoso
11922,U0778,2026-06-08 01:41:00,iOS,Exitoso
16065,,2026-06-26 10:07:14,Web,Error
470,U0731,2026-06-03 02:38:00,Android,Error
6040,U0817,2026-06-16 01:39:00,iOS,Exitoso
14275,U0512,2026-06-23 06:12:00,Web,Exitoso
5668,U0916,2026-06-13 04:39:00,Web,Exitoso
8774,U0659,2026-06-21 01:43:00,Web,Exitoso
2462,,2026-06-16 09:02:00,Web,Error
6899,U0716,2026-06-01 11:32:00,iOS,Exitoso
5484,U0973,2026-06-22 03:45:00,Android,Exitoso
15063,,2026-06-26 10:08:57,Web,Error
10296,U0867,2026-06-07 17:04:00,Web,Exitoso
3214,U0837,2026-06-10 14:36:00,iOS,Error
10684,U0519,2026-06-07 11:24:00,iOS,Exitoso
9592,U0701,2026-06-12 14:49:00,iOS,Exitoso
5256,U0607,2026-06-25 06:07:00,iOS,Exitoso
994,U0306,2026-06-05 05:28:00,iOS,Error
13146,U0478,2026-06-27 19:37:00,Web,Exitoso
14587,U0847,2026-06-05 03:12:00,iOS,Exitoso
8972,U0879,2026-06-06 05:22:00,Android,Exitoso
14206,U0980,2026-06-19 08:20:00,iOS,Exitoso
1546,U0274,2026-06-25 22:45:00,iOS,Error
13753,U0824,2026-06-07 09:00:00,Android,Exitoso
1688,U0020,2026-06-10 05:32:00,Android,Error
6129,U0602,2026-06-06 18:07:00,Web,Exitoso
14575,U0848,2026-06-08 12:58:00,Android,Exitoso
2699,U0336,2026-06-07 17:18:00,iOS,Error
9870,U0584,2026-06-08 14:34:00,iOS,Exitoso
5626,U0517,2026-06-12 16:28:00,Android,Exitoso
6850,U0901,2026-06-04 08:03:00,Android,Exitoso
14283,U0518,2026-06-19 19:13:00,Android,Exitoso
12071,U0561,2026-06-27 10:06:00,Web,Exitoso
9501,U0957,2026-06-12 16:17:00,Android,Exitoso
4323,U0210,2026-06-01 05:38:00,Android,Error
7111,U0458,2026-06-25 13:33:00,Web,Exitoso
7980,U0802,2026-06-10 17:26:00,Android,Exitoso
4768,,2026-06-22 11:35:00,Web,Error
10578,U0793,2026-06-14 23:13:00,Web,Exitoso
12691,U0968,2026-06-25 14:16:00,Android,Exitoso
11171,U0953,2026-06-19 13:17:00,iOS,Exitoso
10056,U0808,2026-06-26 01:19:00,Android,Exitoso
436,,2026-06-10 17:41:00,Web,Error
10044,U0504,2026-06-22 11:28:00,Android,Exitoso
7748,U0883,2026-06-06 12:18:00,Android,Exitoso
6195,U0542,2026-06-25 17:45:00,iOS,Exitoso
228,,2026-06-04 10:55:00,Web,Error
13542,U0579,2026-06-17 02:17:00,Android,Exitoso
343,U0048,2026-06-25 13:22:00,Web,Error
13547,U0813,2026-06-14 01:44:00,Web,Exitoso
14583,U0730,2026-06-15 19:10:00,Android,Exitoso
12244,U0897,2026-06-03 07:31:00,Android,Exitoso
4692,U0725,2026-06-12 22:30:00,Web,Error
576,U0116,2026-06-21 06:42:00,Web,Error
8095,U0662,2026-06-01 16:40:00,iOS,Exitoso
7175,U0534,2026-06-26 15:41:00,iOS,Exitoso
15049,,2026-06-26 10:21:57,Web,Error
14867,U0978,2026-06-02 06:10:00,Android,Exitoso
5009,U0828,2026-06-25 20:16:00,iOS,Exitoso
13103,U0591,2026-06-25 09:33:00,Android,Exitoso
590,U0845,2026-06-05 17:09:00,Web,Error
9915,U0659,2026-06-25 00:13:00,Android,Exitoso
12806,U0689,2026-06-10 23:59:00,Web,Exitoso
3579,,2026-06-09 11:52:00,Web,Error
2283,U0430,2026-06-24 03:29:00,Android,Error
1578,U0918,2026-06-10 04:23:00,iOS,Error
3191,U0273,2026-06-25 04:31:00,Android,Error
5350,U0737,2026-06-10 23:17:00,Web,Exitoso
6571,U0955,2026-06-24 03:24:00,iOS,Exitoso
5451,U0908,2026-06-05 07:58:00,iOS,Exitoso
25,,2026-06-08 05:24:00,Web,Error
7208,U0692,2026-06-16 05:19:00,iOS,Exitoso
4855,U0500,2026-06-21 20:39:00,Web,Error
10588,U0969,2026-06-11 13:25:00,Android,Exitoso
683,U0397,2026-06-28 18:00:00,Web,Error
14542,U0692,2026-06-16 06:26:00,iOS,Exitoso
8903,U0955,2026-06-22 17:46:00,Android,Exitoso
5628,U0642,2026-06-03 08:50:00,iOS,Exitoso
11739,U0486,2026-06-02 20:51:00,Web,Exitoso
9441,U0909,2026-06-15 14:42:00,Android,Exitoso
5464,U0814,2026-06-16 13:20:00,iOS,Exitoso
716,U0060,2026-06-05 09:16:00,Android,Error
6176,U0596,2026-06-18 21:08:00,iOS,Exitoso
14242,U0865,2026-06-25 07:07:00,Web,Exitoso
12018,U0612,2026-06-07 19:04:00,Web,Exitoso
95,U0592,2026-06-16 02:38:00,Web,Error
13872,U0627,2026-06-23 03:28:00,Android,Exitoso
13592,U0823,2026-06-27 10:54:00,iOS,Exitoso
14914,U0537,2026-06-22 16:04:00,Android,Exitoso
16442,U0668,2026-06-26 10:27:12,Web,Error
14096,U0852,2026-06-26 00:56:00,Web,Exitoso
4089,U0846,2026-06-06 05:01:00,iOS,Error
12574,U0806,2026-06-14 01:23:00,Web,Exitoso
1091,U0302,2026-06-07 17:19:00,Android,Error
3375,U0756,2026-06-09 16:07:00,Web,Error
15263,,2026-06-26 10:20:02,Web,Error
5430,U0537,2026-06-20 12:15:00,iOS,Exitoso
9548,U0525,2026-06-19 02:05:00,iOS,Exitoso
6172,U0471,2026-06-06 22:11:00,Android,Exitoso
6126,U0486,2026-06-28 04:26:00,Web,Exitoso
5180,U0790,2026-06-25 07:21:00,iOS,Exitoso
10941,U0484,2026-06-09 01:30:00,Android,Exitoso
7462,U0976,2026-06-15 21:46:00,Web,Exitoso
5593,U0601,2026-06-09 22:18:00,Web,Exitoso
7212,U0952,2026-06-12 01:04:00,Web,Exitoso
2437,,2026-06-12 04:10:00,Web,Error
14954,U0619,2026-06-15 05:04:00,Android,Exitoso
2843,U0247,2026-06-07 19:44:00,Web,Error
5579,U0838,2026-06-06 09:21:00,Web,Exitoso
5436,U0477,2026-06-20 22:51:00,Web,Exitoso
5227,U0938,2026-06-05 05:00:00,iOS,Exitoso
2299,U0038,2026-06-19 17:33:00,Android,Error
14082,U0818,2026-06-12 15:37:00,iOS,Exitoso
7858,U0653,2026-06-11 10:23:00,Web,Exitoso
13256,U0655,2026-06-06 19:17:00,Android,Exitoso
13405,U0807,2026-06-10 19:49:00,Web,Exitoso
11313,U0581,2026-06-22 23:04:00,iOS,Exitoso
16459,U0616,2026-06-26 10:22:14,Web,Error
146,U0586,2026-06-25 14:39:00,Android,Error
6460,U0598,2026-06-09 01:06:00,Android,Exitoso
10448,U0867,2026-06-23 11:58:00,Android,Exitoso
5867,U0689,2026-06-05 16:58:00,iOS,Exitoso
6807,U0889,2026-06-06 09:43:00,Android,Exitoso
3302,U0887,2026-06-19 13:23:00,Web,Error
1752,U0566,2026-06-14 02:32:00,iOS,Error
16411,U0459,2026-06-26 10:12:00,Web,Error
8974,U0843,2026-06-26 06:29:00,Web,Exitoso
5768,U0539,2026-06-14 00:10:00,Android,Exitoso
14838,U0878,2026-06-14 12:10:00,Web,Exitoso
4809,,2026-06-21 21:08:00,Web,Error
9053,U0835,2026-06-18 05:59:00,iOS,Exitoso
8242,U0655,2026-06-20 09:03:00,Web,Exitoso
15150,,2026-06-26 10:26:51,Web,Error
15386,,2026-06-26 10:22:57,Web,Error
4496,U0509,2026-06-21 20:36:00,Web,Error
2656,U0340,2026-06-06 15:16:00,Web,Error
10322,U0553,2026-06-17 15:09:00,Android,Exitoso
2406,U0288,2026-06-16 07:27:00,iOS,Error
10759,U0723,2026-06-19 05:52:00,Android,Exitoso
15677,,2026-06-26 10:12:47,Web,Error
9979,U0819,2026-06-16 20:29:00,iOS,Exitoso
8189,U0720,2026-06-26 22:37:00,Android,Exitoso
12739,U0525,2026-06-16 07:43:00,Android,Exitoso
11223,U0682,2026-06-10 05:57:00,Web,Exitoso
14083,U0686,2026-06-04 13:06:00,Web,Exitoso
4246,,2026-06-03 06:26:00,Web,Error
8228,U0948,2026-06-26 00:18:00,iOS,Exitoso
5878,U0986,2026-06-20 17:44:00,Web,Exitoso
12067,U0791,2026-06-25 00:28:00,Android,Exitoso
8881,U0602,2026-06-17 08:53:00,iOS,Exitoso
8768,U0986,2026-06-22 09:45:00,Android,Exitoso
10532,U0821,2026-06-28 09:18:00,iOS,Exitoso
367,U0155,2026-06-08 02:28:00,iOS,Error
9111,U0556,2026-06-02 17:02:00,Android,Exitoso
2306,U0088,2026-06-17 05:59:00,Web,Error
5495,U0468,2026-06-02 08:09:00,iOS,Exitoso
4825,U0123,2026-06-14 21:10:00,Web,Error
8388,U1000,2026-06-21 08:34:00,Android,Exitoso
7505,U0767,2026-06-18 15:42:00,iOS,Exitoso
2398,U0035,2026-06-16 10:22:00,Android,Error
11633,U0700,2026-06-10 15:55:00,Android,Exitoso
14511,U0578,2026-06-24 10:07:00,iOS,Exitoso
4187,U0417,2026-06-09 23:44:00,iOS,Error
13368,U0701,2026-06-15 23:14:00,iOS,Exitoso
5478,U0615,2026-06-05 12:53:00,Android,Exitoso
10559,U0950,2026-06-20 04:29:00,Web,Exitoso
15536,,2026-06-26 10:28:55,Web,Error
15891,,2026-06-26 10:20:21,Web,Error
15200,,2026-06-26 10:22:03,Web,Error
6680,U0908,2026-06-18 22:35:00,Android,Exitoso
3917,,2026-06-28 13:32:00,Web,Error
8192,U0528,2026-06-08 09:42:00,iOS,Exitoso
1710,,2026-06-03 19:52:00,iOS,Error
7976,U0942,2026-06-14 06:03:00,Web,Exitoso
14092,U0515,2026-06-05 16:50:00,Web,Exitoso
3169,U0109,2026-06-10 05:59:00,iOS,Error
13078,U0897,2026-06-12 22:56:00,Web,Exitoso
84,U0556,2026-06-01 18:49:00,Web,Error
3929,,2026-06-11 17:26:00,Web,Error
1353,,2026-06-17 18:49:00,Web,Error
16407,U0830,2026-06-26 10:15:40,Web,Error
13399,U0841,2026-06-23 12:57:00,Android,Exitoso
11958,U0990,2026-06-17 22:22:00,Web,Exitoso
13253,U0992,2026-06-23 22:47:00,Android,Exitoso
7256,U0735,2026-06-13 12:16:00,Android,Exitoso
629,U0280,2026-06-07 01:24:00,Web,Error
12242,U0870,2026-06-10 00:01:00,iOS,Exitoso
837,U0628,2026-06-09 07:46:00,Web,Error
14860,U0683,2026-06-16 09:34:00,Android,Exitoso
1284,,2026-06-23 12:58:00,iOS,Error
11106,U0927,2026-06-04 16:55:00,iOS,Exitoso
5400,U0916,2026-06-19 03:56:00,Web,Exitoso
4400,U0401,2026-06-25 23:40:00,Web,Error
1531,U0230,2026-06-13 16:45:00,Web,Error
7617,U0581,2026-06-26 15:22:00,Web,Exitoso
14019,U0639,2026-06-27 23:51:00,iOS,Exitoso
4464,,2026-06-27 04:57:00,Web,Error
3212,U0417,2026-06-16 17:39:00,iOS,Error
15750,,2026-06-26 10:01:30,Web,Error
11008,U0507,2026-06-04 09:01:00,Android,Exitoso
13764,U0915,2026-06-13 17:29:00,Android,Exitoso
8146,U0985,2026-06-16 17:04:00,Web,Exitoso
9926,U0672,2026-06-06 12:47:00,Web,Exitoso
3428,,2026-06-12 05:20:00,Web,Error
15434,,2026-06-26 10:07:06,Web,Error
1768,,2026-06-08 17:02:00,Web,Error
15096,,2026-06-26 10:01:58,Web,Error
11405,U0937,2026-06-09 07:19:00,iOS,Exitoso
3664,U0397,2026-06-28 02:29:00,Android,Error
12129,U0929,2026-06-05 09:59:00,Android,Exitoso
6113,U0997,2026-06-12 02:08:00,iOS,Exitoso
13129,U0651,2026-06-12 23:12:00,Web,Exitoso
3597,,2026-06-15 06:54:00,Web,Error
8465,U0709,2026-06-16 09:18:00,iOS,Exitoso
1444,,2026-06-21 23:33:00,iOS,Error
10897,U0831,2026-06-20 10:21:00,Android,Exitoso
1841,,2026-06-25 17:21:00,Web,Error
11247,U0724,2026-06-11 11:10:00,Web,Exitoso
5000,U0658,2026-06-24 21:50:00,Web,Error
9234,U0731,2026-06-11 22:48:00,Android,Exitoso
14879,U0487,2026-06-02 08:19:00,Web,Exitoso
11669,U0988,2026-06-17 00:39:00,Android,Exitoso
7568,U0790,2026-06-28 04:23:00,Web,Exitoso
11054,U0981,2026-06-14 04:06:00,Android,Exitoso
4975,U0406,2026-06-25 17:51:00,Android,Error
11947,U0482,2026-06-15 09:12:00,Web,Exitoso
3916,,2026-06-15 07:10:00,Web,Error
14076,U0770,2026-06-15 20:11:00,iOS,Exitoso
985,U0081,2026-06-09 22:39:00,Android,Error
7074,U0751,2026-06-12 15:38:00,Android,Exitoso
14703,U0631,2026-06-18 20:11:00,iOS,Exitoso
8064,U0983,2026-06-16 10:26:00,iOS,Exitoso
9361,U0645,2026-06-20 22:37:00,iOS,Exitoso
5065,U0548,2026-06-11 08:22:00,iOS,Exitoso
1146,U0423,2026-06-01 12:38:00,iOS,Error
2200,U0036,2026-06-24 16:46:00,Web,Error
3370,U0309,2026-06-03 05:35:00,Web,Error
10748,U0486,2026-06-17 14:23:00,iOS,Exitoso
1180,U0544,2026-06-17 09:50:00,Web,Error
8867,U0832,2026-06-21 03:43:00,Web,Exitoso
2567,U0362,2026-06-05 13:51:00,Android,Error
1976,,2026-06-16 01:02:00,Android,Error
2518,,2026-06-18 09:55:00,iOS,Error
10054,U0908,2026-06-13 04:53:00,iOS,Exitoso
212,U0229,2026-06-18 23:40:00,Android,Error
625,U0358,2026-06-20 10:48:00,Web,Error
2771,U0415,2026-06-13 04:11:00,Web,Error
9818,U0488,2026-06-16 13:33:00,iOS,Exitoso
14802,U0509,2026-06-25 00:12:00,iOS,Exitoso
1588,U0752,2026-06-08 16:38:00,iOS,Error
9919,U0668,2026-06-07 04:59:00,iOS,Exitoso
15623,,2026-06-26 10:26:14,Web,Error
4826,U0191,2026-06-15 09:11:00,iOS,Error
1530,U0778,2026-06-08 19:20:00,Web,Error
13353,U0586,2026-06-11 05:12:00,Web,Exitoso
6199,U0588,2026-06-01 02:55:00,Android,Exitoso
1286,U0655,2026-06-03 12:31:00,Web,Error
8283,U0903,2026-06-13 04:47:00,Web,Exitoso
3953,U0964,2026-06-07 03:42:00,Web,Error
845,U0572,2026-06-07 07:06:00,Android,Error
10506,U0884,2026-06-15 09:22:00,iOS,Exitoso
6360,U0651,2026-06-28 13:31:00,Web,Exitoso
10405,U0589,2026-06-01 20:50:00,iOS,Exitoso
2265,U0753,2026-06-02 16:29:00,Android,Error
6588,U0465,2026-06-27 19:17:00,Android,Exitoso
5072,U0545,2026-06-27 19:17:00,Web,Exitoso
10445,U0975,2026-06-06 20:14:00,Android,Exitoso
9808,U0822,2026-06-08 21:28:00,Web,Exitoso
795,U0021,2026-06-22 03:36:00,Web,Error
11018,U0931,2026-06-02 15:06:00,Web,Exitoso
3526,,2026-06-05 08:21:00,Web,Error
11703,U0911,2026-06-06 10:08:00,Android,Exitoso
16139,,2026-06-26 10:23:25,Web,Error
14566,U0894,2026-06-08 10:26:00,iOS,Exitoso
13313,U0639,2026-06-04 12:27:00,Web,Exitoso
8134,U0984,2026-06-14 09:52:00,iOS,Exitoso
1548,,2026-06-26 16:16:00,Web,Error
11460,U0614,2026-06-15 07:45:00,Android,Exitoso
7713,U0652,2026-06-19 14:26:00,Android,Exitoso
15679,,2026-06-26 10:08:21,Web,Error
8540,U0866,2026-06-27 14:40:00,Android,Exitoso
2944,U0167,2026-06-19 18:00:00,iOS,Error
13952,U0690,2026-06-08 06:08:00,iOS,Exitoso
1729,,2026-06-11 15:23:00,Web,Error
13285,U0948,2026-06-11 17:37:00,Android,Exitoso
10084,U0874,2026-06-01 18:22:00,iOS,Exitoso
12487,U0472,2026-06-16 21:59:00,Android,Exitoso
15284,,2026-06-26 10:08:08,Web,Error
12792,U0908,2026-06-26 16:34:00,Web,Exitoso
751,U0142,2026-06-25 20:51:00,Android,Error
11977,U0551,2026-06-27 03:05:00,iOS,Exitoso
2538,,2026-06-09 10:03:00,Web,Error
7145,U0489,2026-06-27 21:12:00,iOS,Exitoso
9163,U0496,2026-06-10 06:58:00,Android,Exitoso
9559,U0644,2026-06-03 06:17:00,Web,Exitoso
4717,U0389,2026-06-26 21:08:00,Web,Error
765,,2026-06-23 12:44:00,Web,Error
6127,U0777,2026-06-20 13:41:00,iOS,Exitoso
2408,,2026-06-11 10:11:00,iOS,Error
12004,U0560,2026-06-20 18:10:00,Android,Exitoso
3183,,2026-06-10 04:31:00,Web,Error
10081,U0997,2026-06-25 07:31:00,iOS,Exitoso
16347,U0718,2026-06-26 10:11:19,Web,Error
7273,U0755,2026-06-25 18:42:00,Web,Exitoso
13099,U0790,2026-06-27 15:33:00,Web,Exitoso
496,U0181,2026-06-06 17:14:00,Android,Error
14116,U0913,2026-06-14 06:48:00,Web,Exitoso
11856,U0684,2026-06-25 11:35:00,Android,Exitoso
10800,U0680,2026-06-23 18:36:00,Android,Exitoso
7320,U0803,2026-06-16 04:06:00,Android,Exitoso
4781,U0530,2026-06-14 23:20:00,Web,Error
11573,U0500,2026-06-20 06:38:00,Web,Exitoso
4796,U0823,2026-06-20 07:37:00,Web,Error
3241,U0085,2026-06-28 07:19:00,Web,Error
6567,U0722,2026-06-01 22:47:00,iOS,Exitoso
15466,,2026-06-26 10:06:28,Web,Error
10165,U0509,2026-06-03 21:15:00,Web,Exitoso
2138,,2026-06-01 13:49:00,Android,Error
4587,U0542,2026-06-17 05:49:00,Web,Error
11380,U0992,2026-06-12 00:22:00,iOS,Exitoso
1865,U0154,2026-06-21 17:55:00,Web,Error
2083,U0073,2026-06-26 16:58:00,Android,Error
8719,U0532,2026-06-11 16:36:00,Android,Exitoso
474,U0143,2026-06-03 09:23:00,Android,Error
2913,U0551,2026-06-24 18:59:00,Web,Error
16432,U0562,2026-06-26 10:09:43,Web,Error
5800,U0475,2026-06-22 11:28:00,Web,Exitoso
9683,U0688,2026-06-15 11:15:00,Web,Exitoso
6885,U0542,2026-06-04 04:07:00,iOS,Exitoso
15473,,2026-06-26 10:04:24,Web,Error
10658,U0526,2026-06-07 15:52:00,Web,Exitoso
10169,U0465,2026-06-22 08:58:00,Web,Exitoso
5654,U0515,2026-06-26 17:27:00,iOS,Exitoso
15197,,2026-06-26 10:09:51,Web,Error
11294,U0952,2026-06-09 01:55:00,Web,Exitoso
2906,U0006,2026-06-02 18:04:00,Android,Error
16420,U0894,2026-06-26 10:17:58,Web,Error
1952,U0127,2026-06-20 05:23:00,iOS,Error
5644,U0847,2026-06-15 01:35:00,iOS,Exitoso
796,,2026-06-16 02:27:00,Web,Error
8777,U0855,2026-06-03 09:03:00,iOS,Exitoso
15844,,2026-06-26 10:28:04,Web,Error
2436,U0625,2026-06-18 00:45:00,Web,Error
6914,U0934,2026-06-07 06:23:00,Android,Exitoso
14913,U0510,2026-06-09 12:07:00,iOS,Exitoso
2218,,2026-06-02 22:44:00,iOS,Error
7077,U0781,2026-06-10 08:40:00,Android,Exitoso
6506,U0909,2026-06-11 09:05:00,Web,Exitoso
1447,U0087,2026-06-16 13:43:00,Android,Error
14560,U0720,2026-06-12 04:16:00,iOS,Exitoso
11634,U0936,2026-06-13 22:06:00,Android,Exitoso
9281,U0944,2026-06-26 20:34:00,iOS,Exitoso
6664,U0654,2026-06-25 16:46:00,Android,Exitoso
11696,U0781,2026-06-12 21:41:00,Android,Exitoso
12545,U0730,2026-06-24 23:15:00,Android,Exitoso
5303,U0557,2026-06-09 00:17:00,Android,Exitoso
7182,U0945,2026-06-12 21:41:00,Android,Exitoso
16070,,2026-06-26 10:02:18,Web,Error
10237,U0553,2026-06-28 02:22:00,Web,Exitoso
15527,,2026-06-26 10:05:54,Web,Error
8932,U0480,2026-06-07 05:40:00,iOS,Exitoso
8031,U0859,2026-06-16 22:24:00,Web,Exitoso
9726,U0941,2026-06-25 02:21:00,Android,Exitoso
16042,,2026-06-26 10:01:51,Web,Error
15710,,2026-06-26 10:14:02,Web,Error
12344,U0591,2026-06-24 13:39:00,iOS,Exitoso
9166,U0991,2026-06-20 09:44:00,Android,Exitoso
11381,U0801,2026-06-26 17:58:00,iOS,Exitoso
3951,,2026-06-17 18:05:00,Web,Error
6002,U0729,2026-06-20 04:13:00,Web,Exitoso
2541,U0125,2026-06-21 06:42:00,iOS,Error
15094,,2026-06-26 10:27:57,Web,Error
7768,U0497,2026-06-17 06:26:00,Web,Exitoso
4189,U0038,2026-06-28 03:21:00,Android,Error
13162,U0805,2026-06-18 15:27:00,iOS,Exitoso
11156,U0793,2026-06-15 08:36:00,Android,Exitoso
2067,,2026-06-28 16:43:00,Web,Error
11445,U0632,2026-06-27 22:24:00,Web,Exitoso
12292,U0970,2026-06-20 03:56:00,iOS,Exitoso
481,,2026-06-18 19:52:00,Web,Error
16198,,2026-06-26 10:17:44,Web,Error
10066,U0867,2026-06-24 12:27:00,Android,Exitoso
1438,U0343,2026-06-19 12:13:00,Android,Error
1463,U0073,2026-06-17 04:11:00,Android,Error
15159,,2026-06-26 10:27:17,Web,Error
5671,U0744,2026-06-14 07:01:00,Web,Exitoso
7924,U0799,2026-06-19 14:59:00,iOS,Exitoso
7945,U0618,2026-06-05 23:34:00,Android,Exitoso
15074,,2026-06-26 10:27:01,Web,Error
11154,U0482,2026-06-18 13:19:00,Android,Exitoso
2548,U0223,2026-06-19 14:57:00,Android,Error
199,U0438,2026-06-27 14:58:00,Web,Error
11141,U0670,2026-06-17 05:08:00,iOS,Exitoso
11455,U0990,2026-06-21 17:12:00,Web,Exitoso
13149,U0786,2026-06-04 10:04:00,Android,Exitoso
6709,U0703,2026-06-04 20:03:00,Android,Exitoso
368,U0811,2026-06-14 02:48:00,Web,Error
2268,U0067,2026-06-02 04:08:00,Android,Error
6862,U0629,2026-06-11 00:57:00,Web,Exitoso
10534,U0941,2026-06-19 08:36:00,Web,Exitoso
622,,2026-06-08 22:28:00,Web,Error
12170,U0478,2026-06-13 17:03:00,Android,Exitoso
3178,U0418,2026-06-20 22:25:00,Android,Error
5613,U0953,2026-06-12 00:39:00,iOS,Exitoso
307,U0314,2026-06-14 23:00:00,Android,Error
4541,U0419,2026-06-20 20:39:00,Android,Error
15275,,2026-06-26 10:25:04,Web,Error
7137,U0716,2026-06-14 13:36:00,Android,Exitoso
16090,,2026-06-26 10:28:15,Web,Error
14197,U0943,2026-06-17 16:26:00,Web,Exitoso
13627,U0747,2026-06-08 23:40:00,Web,Exitoso
904,,2026-06-18 13:36:00,Web,Error
15310,,2026-06-26 10:06:50,Web,Error
5956,U0969,2026-06-01 06:22:00,Android,Exitoso
15481,,2026-06-26 10:01:07,Web,Error
15184,,2026-06-26 10:21:40,Web,Error
7884,U0502,2026-06-23 18:37:00,Android,Exitoso
8620,U0499,2026-06-15 00:28:00,Web,Exitoso
6604,U0883,2026-06-25 04:11:00,Android,Exitoso
8748,U0515,2026-06-13 09:57:00,iOS,Exitoso
9025,U0535,2026-06-06 09:53:00,Android,Exitoso
1763,U0186,2026-06-23 04:05:00,Web,Error
7128,U0560,2026-06-24 16:12:00,iOS,Exitoso
4775,U0377,2026-06-08 02:27:00,Web,Error
14704,U0892,2026-06-01 18:32:00,Web,Exitoso
12085,U0682,2026-06-22 02:29:00,Web,Exitoso
3018,U0415,2026-06-09 18:11:00,iOS,Error
3974,U0097,2026-06-03 03:30:00,iOS,Error
10554,U0554,2026-06-04 21:47:00,Web,Exitoso
1538,U0422,2026-06-15 19:43:00,iOS,Error
793,,2026-06-22 15:51:00,Web,Error
13515,U0878,2026-06-05 17:18:00,Android,Exitoso
7746,U0831,2026-06-26 01:30:00,iOS,Exitoso
14768,U0636,2026-06-24 02:57:00,iOS,Exitoso
11136,U0606,2026-06-22 07:59:00,iOS,Exitoso
13264,U0672,2026-06-03 18:38:00,Android,Exitoso
10239,U0652,2026-06-11 14:38:00,Web,Exitoso
5006,U0799,2026-06-02 02:57:00,Android,Exitoso
9741,U0846,2026-06-18 01:45:00,Web,Exitoso
1369,U0326,2026-06-17 18:24:00,Web,Error
9214,U0675,2026-06-20 23:26:00,iOS,Exitoso
4735,U0171,2026-06-27 07:58:00,Web,Error
10982,U0580,2026-06-26 15:33:00,Web,Exitoso
12182,U0801,2026-06-01 22:18:00,Android,Exitoso
14706,U0908,2026-06-27 01:30:00,Android,Exitoso
16101,,2026-06-26 10:09:42,Web,Error
13859,U0592,2026-06-06 20:21:00,Android,Exitoso
4086,,2026-06-09 18:40:00,Web,Error
13563,U0871,2026-06-02 02:49:00,iOS,Exitoso
14343,U0665,2026-06-02 19:23:00,iOS,Exitoso
13298,U0971,2026-06-16 18:06:00,Web,Exitoso
12601,U0927,2026-06-25 10:30:00,Web,Exitoso
16004,,2026-06-26 10:06:49,Web,Error
10337,U0952,2026-06-28 08:27:00,iOS,Exitoso
11997,U0874,2026-06-25 01:16:00,Web,Exitoso
16181,,2026-06-26 10:05:36,Web,Error
11717,U0882,2026-06-25 15:05:00,Web,Exitoso
6858,U0508,2026-06-01 18:05:00,Web,Exitoso
6415,U0668,2026-06-03 01:12:00,Android,Exitoso
14800,U0470,2026-06-01 05:39:00,iOS,Exitoso
5533,U0698,2026-06-07 11:20:00,Web,Exitoso
6959,U0684,2026-06-02 00:00:00,Web,Exitoso
1718,U0394,2026-06-13 20:25:00,iOS,Error
8675,U0677,2026-06-07 04:45:00,Android,Exitoso
5612,U0606,2026-06-27 12:26:00,Web,Exitoso
15464,,2026-06-26 10:20:15,Web,Error
2887,,2026-06-01 15:11:00,Web,Error
607,,2026-06-18 22:16:00,iOS,Error
14430,U0535,2026-06-09 20:08:00,Android,Exitoso
5025,U0524,2026-06-18 20:38:00,iOS,Exitoso
13543,U0702,2026-06-23 14:03:00,iOS,Exitoso
2645,U0205,2026-06-16 15:25:00,Android,Error
3948,U0164,2026-06-20 18:49:00,Web,Error
12474,U0507,2026-06-02 09:23:00,Android,Exitoso
13886,U0963,2026-06-11 20:07:00,Android,Exitoso
6458,U0577,2026-06-07 20:19:00,Web,Exitoso
2006,U0361,2026-06-09 20:28:00,Android,Error
2071,U0621,2026-06-18 04:16:00,iOS,Error
4021,,2026-06-04 09:33:00,Web,Error
10278,U0457,2026-06-24 16:23:00,Web,Exitoso
2516,U0130,2026-06-16 16:01:00,Android,Error
12797,U0589,2026-06-12 06:51:00,Web,Exitoso
444,U0366,2026-06-08 11:11:00,iOS,Error
7711,U0590,2026-06-02 05:17:00,Web,Exitoso
10544,U0875,2026-06-03 07:58:00,iOS,Exitoso
3359,,2026-06-17 22:26:00,Web,Error
585,U0504,2026-06-09 05:02:00,Web,Error
11465,U0809,2026-06-24 21:03:00,Web,Exitoso
7957,U0641,2026-06-24 16:16:00,iOS,Exitoso
6634,U0519,2026-06-06 15:10:00,Android,Exitoso
7883,U0845,2026-06-24 20:14:00,iOS,Exitoso
10126,U0880,2026-06-10 10:40:00,Android,Exitoso
6462,U0921,2026-06-20 07:46:00,Android,Exitoso
14194,U0827,2026-06-09 18:15:00,Android,Exitoso
5842,U0633,2026-06-13 09:27:00,Android,Exitoso
14167,U0715,2026-06-27 05:13:00,Android,Exitoso
13254,U0906,2026-06-20 03:18:00,iOS,Exitoso
10989,U0857,2026-06-21 07:02:00,Web,Exitoso
8563,U0660,2026-06-01 02:26:00,Web,Exitoso
2499,U0056,2026-06-28 00:33:00,Android,Error
11819,U0935,2026-06-06 11:28:00,iOS,Exitoso
7646,U0933,2026-06-13 19:22:00,Web,Exitoso
14250,U0795,2026-06-23 16:54:00,iOS,Exitoso
6033,U0648,2026-06-04 14:10:00,Android,Exitoso
13189,U0588,2026-06-26 16:16:00,Web,Exitoso
15922,,2026-06-26 10:16:57,Web,Error
2599,U0011,2026-06-18 16:15:00,iOS,Error
9515,U0990,2026-06-09 23:34:00,Android,Exitoso
5437,U0953,2026-06-17 05:25:00,Android,Exitoso
13770,U0832,2026-06-02 11:45:00,Web,Exitoso
7565,U0662,2026-06-01 21:48:00,iOS,Exitoso
12939,U0693,2026-06-19 19:43:00,iOS,Exitoso
2442,U0383,2026-06-28 12:29:00,Web,Error
10909,U0922,2026-06-28 17:28:00,iOS,Exitoso
4143,U0919,2026-06-22 17:45:00,Web,Error
4718,U0994,2026-06-03 07:24:00,Web,Error
2318,U0228,2026-06-05 21:37:00,iOS,Error
16372,U0937,2026-06-26 10:12:28,Web,Error
9008,U0709,2026-06-19 03:43:00,Android,Exitoso
5834,U0511,2026-06-10 00:03:00,iOS,Exitoso
5236,U0508,2026-06-04 11:06:00,Web,Exitoso
6048,U0535,2026-06-06 04:23:00,Web,Exitoso
3771,U0964,2026-06-18 00:22:00,iOS,Error
11290,U0697,2026-06-25 03:53:00,iOS,Exitoso
10677,U0915,2026-06-27 01:00:00,Web,Exitoso
89,,2026-06-18 10:12:00,Web,Error
11010,U0972,2026-06-10 01:21:00,Android,Exitoso
7724,U0778,2026-06-05 15:46:00,Web,Exitoso
7260,U0519,2026-06-18 18:51:00,iOS,Exitoso
15250,,2026-06-26 10:16:22,Web,Error
11574,U0610,2026-06-28 02:02:00,Android,Exitoso
11620,U0980,2026-06-13 10:48:00,Android,Exitoso
10911,U0585,2026-06-18 03:25:00,Android,Exitoso
374,U0391,2026-06-03 11:34:00,Web,Error
11100,U0944,2026-06-08 09:48:00,iOS,Exitoso
128,,2026-06-09 06:20:00,iOS,Error
2683,,2026-06-14 21:10:00,iOS,Error
1024,U0014,2026-06-22 09:54:00,iOS,Error
10619,U0788,2026-06-25 07:26:00,Android,Exitoso
16252,U0972,2026-06-26 10:02:49,Web,Error
543,U0041,2026-06-17 09:53:00,Web,Error
15067,,2026-06-26 10:25:38,Web,Error
5549,U0848,2026-06-06 19:14:00,Android,Exitoso
15544,,2026-06-26 10:00:27,Web,Error
13243,U0582,2026-06-25 00:50:00,Web,Exitoso
7778,U0767,2026-06-20 15:13:00,Android,Exitoso
16466,U0839,2026-06-26 10:22:15,Web,Error
11834,U0682,2026-06-10 05:27:00,Android,Exitoso
6855,U0879,2026-06-08 23:33:00,Android,Exitoso
15879,,2026-06-26 10:19:11,Web,Error
12748,U0509,2026-06-16 14:03:00,Web,Exitoso
3097,U0306,2026-06-07 23:13:00,iOS,Error
10665,U0538,2026-06-01 19:27:00,Android,Exitoso
14734,U0578,2026-06-19 02:35:00,Android,Exitoso
4172,U0310,2026-06-16 01:48:00,iOS,Error
11303,U0602,2026-06-12 15:23:00,iOS,Exitoso
1145,U0282,2026-06-17 10:49:00,Android,Error
6902,U0866,2026-06-18 00:23:00,Web,Exitoso
780,U0350,2026-06-28 04:27:00,Web,Error
8975,U0748,2026-06-12 23:19:00,Android,Exitoso
3430,U0237,2026-06-22 08:26:00,Android,Error
7816,U0482,2026-06-03 18:37:00,Web,Exitoso
2113,U0145,2026-06-06 23:53:00,iOS,Error
7719,U0626,2026-06-28 06:29:00,Web,Exitoso
15803,,2026-06-26 10:12:10,Web,Error
5089,U0734,2026-06-28 02:53:00,Web,Exitoso
2960,U0232,2026-06-15 21:39:00,Android,Error
4527,,2026-06-10 00:39:00,Web,Error
1460,U0270,2026-06-22 10:31:00,Android,Error
13550,U0764,2026-06-16 14:18:00,Android,Exitoso
13027,U0758,2026-06-21 11:53:00,Android,Exitoso
9670,U0634,2026-06-08 20:07:00,Android,Exitoso
271,U0636,2026-06-26 16:00:00,Android,Error
8443,U0631,2026-06-23 22:00:00,Android,Exitoso
4501,U0336,2026-06-18 18:32:00,iOS,Error
14445,U0720,2026-06-25 03:53:00,Android,Exitoso
3027,U0289,2026-06-22 12:06:00,Web,Error
7714,U0530,2026-06-20 18:58:00,iOS,Exitoso
15949,,2026-06-26 10:06:23,Web,Error
12522,U0994,2026-06-21 23:31:00,Android,Exitoso
4648,,2026-06-26 08:24:00,Web,Error
12155,U0584,2026-06-28 10:09:00,Android,Exitoso
14553,U0589,2026-06-07 12:17:00,Android,Exitoso
14160,U0908,2026-06-13 23:24:00,Android,Exitoso
16057,,2026-06-26 10:08:19,Web,Error
6811,U0868,2026-06-10 03:19:00,Web,Exitoso
14987,U0954,2026-06-20 11:29:00,Web,Exitoso
8886,U0474,2026-06-13 08:50:00,Android,Exitoso
259,U0446,2026-06-19 09:46:00,iOS,Error
7053,U0952,2026-06-12 21:01:00,Web,Exitoso
10780,U0959,2026-06-15 01:38:00,Web,Exitoso
4388,,2026-06-21 10:09:00,Web,Error
3590,,2026-06-25 20:26:00,Web,Error
4838,,2026-06-03 19:39:00,Web,Error
6937,U0665,2026-06-09 12:49:00,Web,Exitoso
8644,U0912,2026-06-09 13:57:00,iOS,Exitoso
6573,U0577,2026-06-12 18:29:00,Web,Exitoso
12672,U0930,2026-06-20 23:56:00,iOS,Exitoso
1144,U0288,2026-06-14 18:53:00,iOS,Error
11794,U0558,2026-06-03 00:17:00,Android,Exitoso
10051,U0978,2026-06-14 05:54:00,iOS,Exitoso
3984,U0522,2026-06-09 10:02:00,Web,Error
4800,U0920,2026-06-09 23:15:00,Web,Error
13009,U0723,2026-06-16 02:29:00,Web,Exitoso
11211,U0785,2026-06-05 05:52:00,Android,Exitoso
11517,U0520,2026-06-11 22:02:00,iOS,Exitoso
14140,U0657,2026-06-16 05:01:00,Web,Exitoso
12274,U0461,2026-06-27 19:37:00,Web,Exitoso
3549,U0246,2026-06-06 15:19:00,iOS,Error
5534,U0849,2026-06-18 03:05:00,Web,Exitoso
15474,,2026-06-26 10:29:00,Web,Error
782,U0431,2026-06-03 01:51:00,Web,Error
7354,U0506,2026-06-26 19:29:00,Android,Exitoso
14514,U0809,2026-06-25 17:54:00,iOS,Exitoso
1501,U0281,2026-06-22 22:52:00,Android,Error
8051,U0711,2026-06-24 09:17:00,Android,Exitoso
4811,U0325,2026-06-26 06:33:00,Android,Error
13292,U0475,2026-06-07 09:30:00,Android,Exitoso
13318,U0688,2026-06-11 15:14:00,Web,Exitoso
10539,U0911,2026-06-14 09:27:00,Android,Exitoso
4608,U0275,2026-06-07 07:05:00,Android,Error
5008,U0938,2026-06-22 05:08:00,Web,Exitoso
14091,U0971,2026-06-13 10:18:00,Web,Exitoso
6,U0588,2026-06-15 01:17:00,Web,Error
10664,U0474,2026-06-28 02:02:00,Android,Exitoso
13985,U0661,2026-06-22 00:46:00,iOS,Exitoso
9272,U0871,2026-06-07 05:50:00,Web,Exitoso
2885,U0281,2026-06-26 15:54:00,Web,Error
8120,U0846,2026-06-27 08:44:00,iOS,Exitoso
3372,,2026-06-10 23:37:00,Web,Error
14980,U0666,2026-06-15 04:00:00,iOS,Exitoso
9903,U0492,2026-06-13 11:41:00,iOS,Exitoso
14293,U0739,2026-06-10 15:03:00,Web,Exitoso
12836,U0521,2026-06-01 23:25:00,iOS,Exitoso
16233,U0874,2026-06-26 10:09:21,Web,Error
797,,2026-06-26 21:28:00,Web,Error
7814,U0521,2026-06-26 18:22:00,Web,Exitoso
16125,,2026-06-26 10:12:06,Web,Error
7534,U0976,2026-06-19 01:57:00,Web,Exitoso
37,U0481,2026-06-13 10:12:00,Web,Error
12291,U0594,2026-06-23 01:23:00,Web,Exitoso
7947,U0623,2026-06-21 06:25:00,iOS,Exitoso
5712,U0469,2026-06-03 16:05:00,iOS,Exitoso
4336,,2026-06-21 10:41:00,Web,Error
1195,U0391,2026-06-28 02:58:00,iOS,Error
863,U0081,2026-06-09 17:33:00,Android,Error
8713,U0818,2026-06-19 18:44:00,Android,Exitoso
9852,U0750,2026-06-06 19:31:00,iOS,Exitoso
2564,U0314,2026-06-05 01:23:00,Android,Error
8437,U0841,2026-06-21 17:41:00,iOS,Exitoso
12586,U0845,2026-06-02 07:30:00,Web,Exitoso
6287,U0923,2026-06-14 17:00:00,iOS,Exitoso
12607,U0532,2026-06-22 16:25:00,iOS,Exitoso
8535,U0516,2026-06-27 05:02:00,iOS,Exitoso
8991,U0709,2026-06-14 01:59:00,Android,Exitoso
2929,U0247,2026-06-22 18:05:00,Web,Error
16008,,2026-06-26 10:02:06,Web,Error
682,U0526,2026-06-15 18:40:00,Web,Error
14440,U0934,2026-06-13 06:46:00,iOS,Exitoso
4489,U0690,2026-06-12 06:18:00,Web,Error
5994,U0522,2026-06-22 11:15:00,Web,Exitoso
13633,U0893,2026-06-05 21:35:00,iOS,Exitoso
11624,U0967,2026-06-09 05:54:00,Web,Exitoso
1589,,2026-06-08 11:19:00,Web,Error
8252,U0546,2026-06-21 07:45:00,Android,Exitoso
16217,U0714,2026-06-26 10:21:04,Web,Error
11021,U0792,2026-06-14 15:34:00,iOS,Exitoso
2417,U0161,2026-06-06 10:17:00,Web,Error
15686,,2026-06-26 10:09:50,Web,Error
3268,U0092,2026-06-28 09:52:00,Android,Error
3172,,2026-06-22 03:26:00,Web,Error
12996,U0473,2026-06-16 01:44:00,Web,Exitoso
1016,U0947,2026-06-10 14:50:00,iOS,Error
8285,U0516,2026-06-06 02:00:00,iOS,Exitoso
7085,U0614,2026-06-25 01:53:00,Android,Exitoso
791,U0374,2026-06-04 15:08:00,iOS,Error
9052,U0727,2026-06-02 01:06:00,Web,Exitoso
10294,U0813,2026-06-21 14:20:00,Web,Exitoso
5222,U0922,2026-06-01 04:19:00,iOS,Exitoso
5193,U0573,2026-06-27 16:27:00,Android,Exitoso
13901,U0640,2026-06-05 12:51:00,Web,Exitoso
2871,U0405,2026-06-19 12:09:00,Web,Error
11646,U0649,2026-06-26 13:16:00,iOS,Exitoso
737,U0300,2026-06-04 12:41:00,Web,Error
7315,U0666,2026-06-23 09:55:00,Web,Exitoso
8430,U0456,2026-06-27 14:51:00,Android,Exitoso
15509,,2026-06-26 10:02:11,Web,Error
4156,,2026-06-12 00:46:00,Web,Error
9777,U0994,2026-06-11 03:22:00,Android,Exitoso
2736,U0062,2026-06-17 19:17:00,Android,Error
3420,U0042,2026-06-01 03:47:00,Web,Error
3629,,2026-06-22 10:20:00,Web,Error
6277,U0925,2026-06-02 15:09:00,Web,Exitoso
3789,U0606,2026-06-23 00:51:00,Android,Error
10183,U0688,2026-06-12 03:29:00,iOS,Exitoso
1854,U0769,2026-06-03 11:23:00,iOS,Error
6891,U0997,2026-06-26 18:26:00,Android,Exitoso
11481,U0574,2026-06-02 17:32:00,Web,Exitoso
10920,U0621,2026-06-09 11:20:00,Web,Exitoso
2420,U0152,2026-06-04 08:00:00,iOS,Error
7377,U0898,2026-06-23 08:24:00,Web,Exitoso
6777,U0716,2026-06-12 10:10:00,Web,Exitoso
1479,U0413,2026-06-06 23:23:00,Web,Error
1124,U0260,2026-06-11 10:04:00,iOS,Error
5092,U0885,2026-06-18 18:45:00,iOS,Exitoso
9868,U0897,2026-06-14 02:23:00,iOS,Exitoso
15533,,2026-06-26 10:22:00,Web,Error
297,U0638,2026-06-22 21:34:00,Web,Error
15091,,2026-06-26 10:22:48,Web,Error
6928,U0775,2026-06-19 23:29:00,Web,Exitoso
15118,,2026-06-26 10:13:02,Web,Error
14009,U0873,2026-06-28 03:08:00,iOS,Exitoso
3252,U0045,2026-06-25 22:53:00,Android,Error
2399,,2026-06-13 00:18:00,iOS,Error
8298,U0881,2026-06-17 07:16:00,Android,Exitoso
13119,U0540,2026-06-07 14:41:00,Web,Exitoso
2140,,2026-06-20 18:44:00,Web,Error
9982,U0587,2026-06-28 02:17:00,iOS,Exitoso
14110,U0586,2026-06-25 16:43:00,Android,Exitoso
1983,U0338,2026-06-01 15:59:00,Web,Error
12648,U0918,2026-06-02 10:34:00,Web,Exitoso
736,U0106,2026-06-21 05:51:00,iOS,Error
3656,,2026-06-07 06:36:00,Web,Error
457,U0005,2026-06-28 15:06:00,Web,Error
3267,U0157,2026-06-20 19:38:00,iOS,Error
16155,,2026-06-26 10:00:49,Web,Error
6575,U0672,2026-06-02 17:45:00,Web,Exitoso
16099,,2026-06-26 10:26:45,Web,Error
2295,U0734,2026-06-25 06:48:00,Web,Error
13777,U0606,2026-06-23 20:34:00,Web,Exitoso
5044,U0660,2026-06-03 06:39:00,Android,Exitoso
16040,,2026-06-26 10:08:15,Web,Error
2685,U0076,2026-06-05 22:12:00,iOS,Error
13540,U0686,2026-06-12 08:44:00,iOS,Exitoso
13495,U0968,2026-06-04 04:52:00,Android,Exitoso
6237,U0942,2026-06-22 18:08:00,iOS,Exitoso
896,U0641,2026-06-25 21:21:00,Web,Error
10645,U0822,2026-06-20 19:47:00,iOS,Exitoso
6332,U0575,2026-06-07 21:53:00,Android,Exitoso
15930,,2026-06-26 10:20:26,Web,Error
5408,U0953,2026-06-14 12:29:00,Android,Exitoso
3203,U0316,2026-06-23 14:26:00,Android,Error
7852,U0766,2026-06-27 20:36:00,Android,Exitoso
16310,U0487,2026-06-26 10:06:00,Web,Error
15528,,2026-06-26 10:15:36,Web,Error
14472,U0513,2026-06-10 17:48:00,Android,Exitoso
12548,U0487,2026-06-15 14:22:00,iOS,Exitoso
1699,U0303,2026-06-20 04:25:00,iOS,Error
4675,U0184,2026-06-20 03:26:00,iOS,Error
8193,U0784,2026-06-07 23:44:00,Web,Exitoso
15769,,2026-06-26 10:15:12,Web,Error
15525,,2026-06-26 10:03:01,Web,Error
250,U0081,2026-06-14 06:44:00,iOS,Error
6121,U0854,2026-06-03 19:26:00,Android,Exitoso
5106,U0977,2026-06-17 02:22:00,Android,Exitoso
9655,U0717,2026-06-10 22:59:00,Web,Exitoso
6746,U0471,2026-06-23 06:57:00,Android,Exitoso
1462,U0327,2026-06-02 14:49:00,iOS,Error
10975,U0756,2026-06-18 03:19:00,Web,Exitoso
14692,U0937,2026-06-19 07:18:00,iOS,Exitoso
4988,,2026-06-21 14:08:00,Web,Error
3682,U0324,2026-06-26 17:47:00,iOS,Error
12282,U0603,2026-06-20 14:57:00,iOS,Exitoso
2704,U0879,2026-06-23 23:02:00,Web,Error
16097,,2026-06-26 10:18:07,Web,Error
11279,U0695,2026-06-10 23:09:00,Web,Exitoso
1066,U0218,2026-06-27 19:45:00,Web,Error
2043,,2026-06-02 10:07:00,iOS,Error
16240,U0895,2026-06-26 10:14:14,Web,Error
7248,U0709,2026-06-22 19:28:00,Web,Exitoso
16078,,2026-06-26 10:03:06,Web,Error
7129,U0734,2026-06-09 09:17:00,Web,Exitoso
2725,U0389,2026-06-26 03:39:00,iOS,Error
14455,U0772,2026-06-15 17:27:00,Web,Exitoso
11020,U0647,2026-06-17 01:06:00,iOS,Exitoso
3515,,2026-06-21 09:46:00,Web,Error
16306,U0890,2026-06-26 10:06:01,Web,Error
3429,,2026-06-03 20:42:00,iOS,Error
303,,2026-06-20 21:07:00,iOS,Error
544,,2026-06-22 03:04:00,Android,Error
12575,U0508,2026-06-02 06:37:00,Web,Exitoso
3572,U0096,2026-06-02 13:32:00,Android,Error
15637,,2026-06-26 10:13:46,Web,Error
13464,U0757,2026-06-02 16:56:00,Web,Exitoso
9771,U0916,2026-06-03 17:19:00,iOS,Exitoso
13341,U0878,2026-06-24 19:42:00,Android,Exitoso
12446,U0519,2026-06-05 10:28:00,Web,Exitoso
11661,U0707,2026-06-19 08:44:00,iOS,Exitoso
5368,U0900,2026-06-23 17:09:00,Android,Exitoso
4960,U0349,2026-06-17 14:25:00,Android,Error
10978,U0635,2026-06-04 02:15:00,Web,Exitoso
2124,,2026-06-19 23:05:00,Android,Error
14818,U0476,2026-06-02 05:10:00,Web,Exitoso
12297,U0874,2026-06-12 16:40:00,Web,Exitoso
4899,U0090,2026-06-12 15:35:00,Android,Error
9341,U0749,2026-06-18 03:35:00,Android,Exitoso
12537,U0644,2026-06-09 12:14:00,iOS,Exitoso
4889,,2026-06-01 05:34:00,Web,Error
10783,U0983,2026-06-04 06:48:00,Web,Exitoso
418,,2026-06-11 21:41:00,Web,Error
14561,U0731,2026-06-07 17:27:00,Web,Exitoso
9923,U0532,2026-06-13 05:40:00,iOS,Exitoso
10908,U0739,2026-06-20 07:14:00,Web,Exitoso
5516,U0578,2026-06-05 02:52:00,Android,Exitoso
14285,U0467,2026-06-08 17:47:00,iOS,Exitoso
1765,U0373,2026-06-20 09:48:00,iOS,Error
10650,U0467,2026-06-22 04:40:00,Web,Exitoso
10133,U0919,2026-06-17 00:25:00,iOS,Exitoso
9203,U0684,2026-06-23 11:58:00,Web,Exitoso
5701,U0467,2026-06-19 17:09:00,Web,Exitoso
5921,U0787,2026-06-28 07:06:00,Web,Exitoso
12760,U0854,2026-06-05 03:02:00,iOS,Exitoso
16030,,2026-06-26 10:04:17,Web,Error
7946,U0828,2026-06-18 11:04:00,Web,Exitoso
5674,U0640,2026-06-23 16:20:00,iOS,Exitoso
15036,,2026-06-26 10:13:39,Web,Error
16039,,2026-06-26 10:15:23,Web,Error
5361,U0724,2026-06-03 06:40:00,Android,Exitoso
1500,U0423,2026-06-17 23:43:00,Android,Error
7551,U0558,2026-06-13 23:26:00,iOS,Exitoso
2565,,2026-06-27 16:10:00,Android,Error
16206,,2026-06-26 10:03:48,Web,Error
3409,U0095,2026-06-26 16:47:00,Web,Error
14766,U0578,2026-06-24 10:31:00,Android,Exitoso
8404,U0537,2026-06-24 10:51:00,Android,Exitoso
14113,U0662,2026-06-14 10:02:00,iOS,Exitoso
7672,U0773,2026-06-09 16:26:00,Web,Exitoso
10764,U0794,2026-06-01 01:48:00,Web,Exitoso
3314,U0353,2026-06-04 15:28:00,Android,Error
2374,,2026-06-08 16:11:00,Web,Error
3099,U0427,2026-06-27 20:12:00,Android,Error
15521,,2026-06-26 10:19:09,Web,Error
14495,U0597,2026-06-01 11:56:00,Web,Exitoso
16093,,2026-06-26 10:27:10,Web,Error
11359,U0686,2026-06-07 08:34:00,Android,Exitoso
14767,U0662,2026-06-27 07:51:00,Android,Exitoso
7998,U0514,2026-06-14 19:22:00,Web,Exitoso
15889,,2026-06-26 10:12:36,Web,Error
13284,U0693,2026-06-05 22:51:00,Web,Exitoso
10141,U0989,2026-06-28 13:44:00,Android,Exitoso
12604,U0782,2026-06-28 09:19:00,iOS,Exitoso
1017,U0247,2026-06-24 08:47:00,Android,Error
12051,U0976,2026-06-05 16:37:00,Web,Exitoso
8624,U0601,2026-06-10 07:56:00,iOS,Exitoso
8508,U0742,2026-06-06 10:29:00,Android,Exitoso
4736,U0939,2026-06-20 01:29:00,Web,Error
13715,U0768,2026-06-04 02:14:00,Web,Exitoso
6836,U0871,2026-06-24 15:26:00,Android,Exitoso
6694,U0780,2026-06-02 14:58:00,Web,Exitoso
7172,U0908,2026-06-05 02:27:00,iOS,Exitoso
12120,U0973,2026-06-19 15:09:00,Web,Exitoso
15264,,2026-06-26 10:18:21,Web,Error
11826,U0735,2026-06-09 23:26:00,iOS,Exitoso
5679,U0818,2026-06-22 23:16:00,Web,Exitoso
6404,U0603,2026-06-25 11:54:00,iOS,Exitoso
7892,U0877,2026-06-25 05:17:00,Android,Exitoso
9610,U0914,2026-06-18 19:41:00,iOS,Exitoso
3493,U0751,2026-06-23 22:01:00,Android,Error
3659,,2026-06-14 00:33:00,Web,Error
14942,U0769,2026-06-14 14:35:00,Web,Exitoso
9701,U0987,2026-06-15 23:49:00,iOS,Exitoso
5322,U0599,2026-06-14 14:20:00,iOS,Exitoso
13879,U0972,2026-06-09 19:55:00,Web,Exitoso
6805,U0753,2026-06-26 00:37:00,iOS,Exitoso
4924,U0006,2026-06-08 11:18:00,Android,Error
6347,U0890,2026-06-21 22:58:00,Android,Exitoso
3819,,2026-06-12 20:39:00,Web,Error
5759,U0976,2026-06-08 06:30:00,Android,Exitoso
687,,2026-06-11 05:37:00,Web,Error
1690,U0036,2026-06-09 15:25:00,iOS,Error
9030,U0617,2026-06-04 03:32:00,Android,Exitoso
5816,U0769,2026-06-03 08:39:00,iOS,Exitoso
10939,U0794,2026-06-06 10:18:00,iOS,Exitoso
12967,U0861,2026-06-21 12:08:00,Android,Exitoso
13301,U0699,2026-06-17 01:49:00,Android,Exitoso
8083,U0717,2026-06-05 19:51:00,Web,Exitoso
12826,U0530,2026-06-09 23:38:00,Web,Exitoso
4298,U0041,2026-06-21 19:36:00,Android,Error
3547,U0330,2026-06-01 07:59:00,Web,Error
15913,,2026-06-26 10:00:36,Web,Error
4640,U0205,2026-06-19 02:08:00,iOS,Error
9596,U0480,2026-06-27 01:43:00,iOS,Exitoso
9309,U0800,2026-06-26 07:14:00,Web,Exitoso
12149,U0973,2026-06-04 04:12:00,Web,Exitoso
1089,U0969,2026-06-19 19:39:00,Web,Error
6778,U0470,2026-06-26 12:29:00,Web,Exitoso
6346,U0922,2026-06-10 04:25:00,Android,Exitoso
12246,U0883,2026-06-11 20:02:00,Web,Exitoso
7920,U0943,2026-06-05 22:50:00,iOS,Exitoso
5021,U0659,2026-06-13 06:06:00,Web,Exitoso
2507,U0184,2026-06-12 07:38:00,iOS,Error
14409,U0908,2026-06-23 06:45:00,Web,Exitoso
16073,,2026-06-26 10:28:28,Web,Error
10784,U0661,2026-06-06 10:21:00,iOS,Exitoso
12825,U0547,2026-06-23 14:45:00,Web,Exitoso
3556,U0007,2026-06-16 00:25:00,Web,Error
16148,,2026-06-26 10:08:00,Web,Error
9990,U0580,2026-06-14 13:35:00,Web,Exitoso
13955,U0769,2026-06-22 14:05:00,Web,Exitoso
10550,U0978,2026-06-11 09:26:00,Android,Exitoso
1706,U0234,2026-06-11 01:21:00,Web,Error
4620,U0498,2026-06-26 23:38:00,Web,Error
15664,,2026-06-26 10:18:49,Web,Error
16143,,2026-06-26 10:07:02,Web,Error
14599,U0772,2026-06-18 08:03:00,Android,Exitoso
11374,U0842,2026-06-23 08:09:00,iOS,Exitoso
467,U0305,2026-06-10 14:40:00,iOS,Error
3331,U0287,2026-06-27 08:55:00,Web,Error
14717,U0483,2026-06-13 16:51:00,iOS,Exitoso
2354,U0306,2026-06-08 12:28:00,iOS,Error
2643,U0963,2026-06-10 00:06:00,iOS,Error
10017,U0970,2026-06-22 13:49:00,Android,Exitoso
1074,,2026-06-10 22:27:00,iOS,Error
11929,U0456,2026-06-15 17:10:00,Web,Exitoso
7735,U0901,2026-06-25 16:30:00,Web,Exitoso
272,U0283,2026-06-11 08:50:00,iOS,Error
9816,U0479,2026-06-08 01:21:00,iOS,Exitoso
4592,U0300,2026-06-26 18:25:00,iOS,Error
13136,U0653,2026-06-24 04:38:00,Android,Exitoso
12218,U0956,2026-06-07 12:12:00,Web,Exitoso
3845,U0420,2026-06-09 22:46:00,Android,Error
3242,,2026-06-13 02:09:00,Web,Error
11715,U0877,2026-06-20 15:47:00,Android,Exitoso
13122,U0709,2026-06-09 22:37:00,Web,Exitoso
12358,U0747,2026-06-07 23:18:00,Web,Exitoso
10868,U0928,2026-06-02 20:14:00,Web,Exitoso
13143,U0646,2026-06-20 12:17:00,Web,Exitoso
6412,U0998,2026-06-24 08:03:00,Web,Exitoso
2653,U0020,2026-06-05 13:39:00,Web,Error
1931,U0138,2026-06-18 03:47:00,iOS,Error
11555,U0756,2026-06-03 08:10:00,iOS,Exitoso
5007,U0552,2026-06-24 21:08:00,Android,Exitoso
8299,U0840,2026-06-26 19:52:00,iOS,Exitoso
592,U0537,2026-06-06 18:42:00,Web,Error
9900,U0897,2026-06-27 12:56:00,Web,Exitoso
1422,,2026-06-21 21:06:00,iOS,Error
15948,,2026-06-26 10:27:56,Web,Error
7800,U0525,2026-06-10 13:01:00,Android,Exitoso
3426,,2026-06-04 16:06:00,iOS,Error
7911,U0742,2026-06-14 23:26:00,iOS,Exitoso
4096,U0258,2026-06-20 11:42:00,Android,Error
916,U0942,2026-06-20 20:33:00,iOS,Error
920,U0432,2026-06-11 15:46:00,Android,Error
11118,U0879,2026-06-06 07:37:00,Web,Exitoso
7742,U0897,2026-06-02 03:42:00,iOS,Exitoso
2907,U0094,2026-06-10 09:37:00,Android,Error
13314,U0851,2026-06-10 00:59:00,Web,Exitoso
14698,U0733,2026-06-04 02:51:00,iOS,Exitoso
9094,U0938,2026-06-04 16:08:00,Android,Exitoso
6615,U0468,2026-06-19 05:55:00,Web,Exitoso
1723,U0061,2026-06-09 11:41:00,Android,Error
14105,U0761,2026-06-06 13:14:00,Android,Exitoso
13123,U0581,2026-06-21 18:47:00,Web,Exitoso
10213,U0659,2026-06-08 03:32:00,Web,Exitoso
531,,2026-06-07 15:26:00,Web,Error
13182,U0665,2026-06-23 21:47:00,Web,Exitoso
6266,U0820,2026-06-09 05:45:00,Android,Exitoso
12493,U0691,2026-06-27 03:23:00,iOS,Exitoso
14020,U0655,2026-06-06 09:24:00,iOS,Exitoso
2485,U0105,2026-06-13 14:53:00,Android,Error
12783,U0690,2026-06-24 13:45:00,iOS,Exitoso
915,U0473,2026-06-16 04:41:00,Android,Error
12009,U0711,2026-06-17 12:21:00,iOS,Exitoso
6825,U0707,2026-06-10 23:44:00,Web,Exitoso
5056,U0740,2026-06-17 04:25:00,iOS,Exitoso
12789,U0715,2026-06-12 15:43:00,iOS,Exitoso
6429,U0738,2026-06-28 11:31:00,Android,Exitoso
8482,U0800,2026-06-28 15:02:00,Web,Exitoso
9290,U0574,2026-06-25 12:00:00,iOS,Exitoso
2053,U0498,2026-06-08 12:27:00,Android,Error
9039,U0947,2026-06-22 04:12:00,Android,Exitoso
9970,U0505,2026-06-10 20:34:00,Android,Exitoso
12618,U0623,2026-06-22 03:36:00,Android,Exitoso
5407,U0591,2026-06-21 12:07:00,iOS,Exitoso
3563,U0266,2026-06-07 03:25:00,Web,Error
15838,,2026-06-26 10:19:08,Web,Error
1207,U0009,2026-06-06 13:12:00,Web,Error
6822,U0908,2026-06-05 23:21:00,iOS,Exitoso
8358,U0785,2026-06-03 02:20:00,Android,Exitoso
3858,U0406,2026-06-24 13:57:00,Android,Error
12631,U0573,2026-06-11 12:44:00,Android,Exitoso
3641,U0464,2026-06-26 22:30:00,Web,Error
8771,U0883,2026-06-20 19:53:00,Web,Exitoso
12328,U0744,2026-06-23 01:36:00,Android,Exitoso
13198,U0860,2026-06-03 00:56:00,Web,Exitoso
13408,U0623,2026-06-01 21:43:00,Android,Exitoso
9222,U0961,2026-06-12 14:14:00,Android,Exitoso
988,,2026-06-17 16:39:00,Android,Error
6755,U0538,2026-06-20 07:11:00,Android,Exitoso
14157,U0801,2026-06-24 12:15:00,iOS,Exitoso
12830,U0982,2026-06-22 10:15:00,iOS,Exitoso
6056,U0871,2026-06-16 00:26:00,iOS,Exitoso
3999,,2026-06-14 07:18:00,Web,Error
15861,,2026-06-26 10:26:49,Web,Error
4019,U0151,2026-06-09 15:11:00,Web,Error
715,U0365,2026-06-01 14:57:00,Android,Error
11857,U0773,2026-06-12 17:42:00,Web,Exitoso
3399,U0311,2026-06-18 22:27:00,Web,Error
11597,U0614,2026-06-08 18:05:00,Web,Exitoso
15381,,2026-06-26 10:26:50,Web,Error
14203,U0635,2026-06-10 08:43:00,iOS,Exitoso
6182,U0573,2026-06-09 06:20:00,Android,Exitoso
11300,U0993,2026-06-14 09:05:00,Web,Exitoso
14724,U0797,2026-06-05 20:54:00,Android,Exitoso
1403,U0037,2026-06-01 16:46:00,Android,Error
13612,U0517,2026-06-09 22:42:00,Android,Exitoso
6614,U0505,2026-06-09 20:02:00,Web,Exitoso
9917,U0796,2026-06-13 21:31:00,Web,Exitoso
13068,U0476,2026-06-20 16:01:00,Web,Exitoso
9078,U0581,2026-06-05 03:15:00,iOS,Exitoso
205,,2026-06-06 10:21:00,iOS,Error
2246,,2026-06-10 12:39:00,Web,Error
9458,U0474,2026-06-20 21:23:00,Web,Exitoso
9484,U0994,2026-06-09 16:44:00,Android,Exitoso
866,U0133,2026-06-02 10:26:00,iOS,Error
14630,U0714,2026-06-19 22:48:00,Android,Exitoso
1112,,2026-06-28 11:59:00,Web,Error
5088,U0908,2026-06-13 18:28:00,Web,Exitoso
6508,U0686,2026-06-06 22:41:00,Web,Exitoso
14759,U0819,2026-06-14 09:06:00,iOS,Exitoso
11342,U0727,2026-06-03 17:14:00,Android,Exitoso
14317,U0548,2026-06-28 07:32:00,iOS,Exitoso
3612,U0181,2026-06-22 02:19:00,Android,Error
10047,U0749,2026-06-04 01:20:00,iOS,Exitoso
16363,U0997,2026-06-26 10:05:31,Web,Error
14357,U0920,2026-06-05 15:13:00,Android,Exitoso
7406,U0888,2026-06-02 20:12:00,Android,Exitoso
6754,U0791,2026-06-02 03:58:00,iOS,Exitoso
3407,U0603,2026-06-27 08:50:00,iOS,Error
7546,U0617,2026-06-16 05:36:00,Web,Exitoso
10174,U0681,2026-06-19 02:19:00,Web,Exitoso
4004,,2026-06-01 22:22:00,Web,Error
11073,U0605,2026-06-16 00:58:00,Android,Exitoso
1576,U0264,2026-06-19 06:14:00,iOS,Error
2328,U0421,2026-06-13 13:22:00,Android,Error
10698,U0584,2026-06-16 02:41:00,Web,Exitoso
1221,U0449,2026-06-02 19:57:00,Android,Error
8226,U0794,2026-06-17 10:04:00,Android,Exitoso
7717,U0854,2026-06-26 08:31:00,iOS,Exitoso
4631,,2026-06-13 21:45:00,Web,Error
2845,U0778,2026-06-27 06:04:00,Web,Error
14664,U0598,2026-06-28 15:09:00,iOS,Exitoso
7513,U0883,2026-06-03 01:44:00,Web,Exitoso
15498,,2026-06-26 10:19:05,Web,Error
6578,U0674,2026-06-07 09:37:00,Web,Exitoso
14776,U0806,2026-06-24 13:01:00,Android,Exitoso
2233,U0882,2026-06-20 15:05:00,Web,Error
9405,U0545,2026-06-05 16:21:00,Web,Exitoso
10590,U0836,2026-06-24 11:16:00,Web,Exitoso
9512,U0885,2026-06-05 04:18:00,Web,Exitoso
6720,U0753,2026-06-20 20:13:00,Android,Exitoso
9881,U0530,2026-06-24 09:45:00,iOS,Exitoso
14931,U0522,2026-06-18 15:52:00,Web,Exitoso
6875,U0982,2026-06-23 01:20:00,Android,Exitoso
8019,U0995,2026-06-23 21:38:00,Android,Exitoso
3450,U0124,2026-06-20 20:38:00,Web,Error
13273,U0696,2026-06-19 00:03:00,Web,Exitoso
1051,U0699,2026-06-18 23:12:00,iOS,Error
12265,U0663,2026-06-09 09:47:00,iOS,Exitoso
16393,U0854,2026-06-26 10:06:26,Web,Error
5992,U0823,2026-06-13 10:31:00,Android,Exitoso
9480,U0760,2026-06-10 10:05:00,Android,Exitoso
6643,U0534,2026-06-08 17:10:00,Android,Exitoso
14491,U0813,2026-06-11 10:15:00,Web,Exitoso
16165,,2026-06-26 10:20:54,Web,Error
10656,U0947,2026-06-06 03:57:00,iOS,Exitoso
1936,U0100,2026-06-01 07:34:00,Android,Error
6859,U0622,2026-06-06 14:03:00,Web,Exitoso
14136,U0956,2026-06-06 05:19:00,iOS,Exitoso
4535,U0395,2026-06-14 08:19:00,Web,Error
12122,U0478,2026-06-28 08:21:00,iOS,Exitoso
16190,,2026-06-26 10:13:41,Web,Error
9576,U0554,2026-06-17 15:56:00,Android,Exitoso
9831,U0818,2026-06-02 12:10:00,Web,Exitoso
12124,U0654,2026-06-12 02:49:00,Web,Exitoso
8729,U0573,2026-06-14 03:23:00,iOS,Exitoso
2267,U0040,2026-06-03 06:29:00,Android,Error
7198,U0910,2026-06-12 04:44:00,Web,Exitoso
8670,U0495,2026-06-07 14:08:00,iOS,Exitoso
4420,U0078,2026-06-02 06:30:00,Web,Error
10485,U0542,2026-06-04 15:15:00,Android,Exitoso
9349,U0528,2026-06-25 00:45:00,Android,Exitoso
5853,U0568,2026-06-04 04:05:00,Android,Exitoso
6692,U0805,2026-06-24 22:07:00,Web,Exitoso
14505,U0524,2026-06-25 09:14:00,Web,Exitoso
8147,U0498,2026-06-22 08:01:00,Web,Exitoso
15082,,2026-06-26 10:01:37,Web,Error
13788,U0643,2026-06-01 15:50:00,Android,Exitoso
15134,,2026-06-26 10:02:13,Web,Error
193,,2026-06-21 15:10:00,Web,Error
5125,U0958,2026-06-13 10:21:00,iOS,Exitoso
8789,U0455,2026-06-08 04:46:00,iOS,Exitoso
7553,U0940,2026-06-08 19:40:00,Android,Exitoso
16355,U0897,2026-06-26 10:08:31,Web,Error
10097,U0600,2026-06-09 23:35:00,Web,Exitoso
106,U0085,2026-06-27 03:28:00,Web,Error
5243,U0978,2026-06-07 11:30:00,iOS,Exitoso
12438,U0667,2026-06-03 08:43:00,iOS,Exitoso
13811,U0553,2026-06-27 18:17:00,Web,Exitoso
8917,U0922,2026-06-24 09:52:00,iOS,Exitoso
1082,U0660,2026-06-17 10:00:00,Web,Error
11781,U0877,2026-06-28 17:24:00,iOS,Exitoso
3476,U0841,2026-06-06 01:07:00,iOS,Error
9132,U0797,2026-06-14 20:29:00,Android,Exitoso
9538,U0807,2026-06-20 10:54:00,Android,Exitoso
4537,U0563,2026-06-04 03:10:00,Web,Error
4130,U0316,2026-06-27 03:31:00,Web,Error
8814,U0531,2026-06-01 05:16:00,iOS,Exitoso
5152,U0964,2026-06-06 05:54:00,Web,Exitoso
5901,U0819,2026-06-12 08:17:00,Web,Exitoso
13375,U0724,2026-06-21 06:53:00,iOS,Exitoso
13140,U0534,2026-06-13 00:17:00,iOS,Exitoso
16433,U0576,2026-06-26 10:24:55,Web,Error
6147,U0697,2026-06-03 08:53:00,Android,Exitoso
1736,,2026-06-19 14:09:00,Web,Error
3668,U0082,2026-06-26 02:30:00,Android,Error
14964,U0540,2026-06-25 07:47:00,Web,Exitoso
4680,,2026-06-15 16:19:00,Web,Error
3321,U0104,2026-06-03 20:13:00,Web,Error
16425,U0615,2026-06-26 10:14:21,Web,Error
13972,U0640,2026-06-08 06:07:00,iOS,Exitoso
3150,U0008,2026-06-26 01:34:00,Web,Error
11740,U0678,2026-06-17 03:50:00,Android,Exitoso
5934,U0547,2026-06-18 03:45:00,Web,Exitoso
13333,U0692,2026-06-02 02:23:00,Android,Exitoso
13105,U0949,2026-06-27 10:39:00,Android,Exitoso
14036,U0568,2026-06-28 11:31:00,Web,Exitoso
852,,2026-06-06 18:45:00,Web,Error
5020,U0788,2026-06-22 22:03:00,Web,Exitoso
6184,U0523,2026-06-07 12:00:00,Android,Exitoso
14323,U0803,2026-06-09 16:50:00,iOS,Exitoso
10721,U0466,2026-06-03 10:59:00,iOS,Exitoso
7522,U0846,2026-06-24 22:29:00,iOS,Exitoso
5003,U0483,2026-06-20 21:10:00,iOS,Exitoso
13013,U0721,2026-06-05 10:47:00,Web,Exitoso
273,,2026-06-26 23:30:00,Android,Error
11915,U0466,2026-06-10 01:34:00,iOS,Exitoso
15103,,2026-06-26 10:18:19,Web,Error
8825,U0616,2026-06-23 13:46:00,Web,Exitoso
6929,U0744,2026-06-18 11:31:00,iOS,Exitoso
9971,U0656,2026-06-09 13:30:00,iOS,Exitoso
1635,U0257,2026-06-01 17:04:00,iOS,Error
4950,,2026-06-22 11:46:00,Web,Error
3289,U0103,2026-06-02 20:44:00,Android,Error
13334,U0611,2026-06-19 20:53:00,Android,Exitoso
15020,,2026-06-26 10:05:33,Web,Error
1590,U0912,2026-06-28 09:53:00,Web,Error
8782,U0835,2026-06-05 05:19:00,Web,Exitoso
7611,U0646,2026-06-12 14:38:00,Web,Exitoso
600,,2026-06-18 18:56:00,Web,Error
7889,U0474,2026-06-11 23:15:00,Android,Exitoso
8654,U0611,2026-06-04 03:08:00,Web,Exitoso
11720,U0757,2026-06-16 10:28:00,Android,Exitoso
1975,U0307,2026-06-14 16:31:00,Android,Error
12387,U0485,2026-06-24 07:18:00,iOS,Exitoso
15578,,2026-06-26 10:26:40,Web,Error
973,U0246,2026-06-08 17:03:00,Web,Error
6003,U0558,2026-06-25 21:03:00,Web,Exitoso
13930,U0634,2026-06-10 07:44:00,iOS,Exitoso
9532,U0825,2026-06-17 11:57:00,iOS,Exitoso
685,U0732,2026-06-22 16:57:00,iOS,Error
4756,,2026-06-02 21:08:00,Web,Error
6745,U0620,2026-06-21 07:35:00,Web,Exitoso
14428,U0604,2026-06-09 22:55:00,Web,Exitoso
10722,U0478,2026-06-26 04:42:00,Web,Exitoso
7784,U0861,2026-06-19 00:35:00,Web,Exitoso
4155,,2026-06-27 11:46:00,Web,Error
8865,U0722,2026-06-06 20:51:00,iOS,Exitoso
9100,U0694,2026-06-18 02:20:00,Android,Exitoso
13719,U0730,2026-06-27 12:56:00,Android,Exitoso
15503,,2026-06-26 10:06:04,Web,Error
4709,,2026-06-06 09:17:00,Web,Error
14526,U0584,2026-06-14 11:36:00,Android,Exitoso
7283,U0525,2026-06-03 14:47:00,Web,Exitoso
14314,U0486,2026-06-13 14:40:00,Android,Exitoso
445,U0229,2026-06-09 11:54:00,Android,Error
11940,U0846,2026-06-19 08:13:00,Android,Exitoso
9019,U0542,2026-06-18 04:21:00,iOS,Exitoso
9444,U0595,2026-06-28 01:10:00,Android,Exitoso
6767,U0770,2026-06-27 12:54:00,Android,Exitoso
16401,U0489,2026-06-26 10:06:08,Web,Error
5844,U0773,2026-06-23 22:52:00,iOS,Exitoso
1009,U0039,2026-06-26 15:26:00,iOS,Error
15465,,2026-06-26 10:24:16,Web,Error
9010,U0700,2026-06-07 04:29:00,Android,Exitoso
1356,,2026-06-05 09:22:00,Android,Error
4348,,2026-06-19 01:09:00,Web,Error
12049,U0472,2026-06-21 07:16:00,Web,Exitoso
14820,U0784,2026-06-08 19:14:00,Android,Exitoso
8963,U0792,2026-06-24 05:32:00,Android,Exitoso
11748,U0791,2026-06-11 03:32:00,Android,Exitoso
11411,U0844,2026-06-20 03:45:00,iOS,Exitoso
3695,,2026-06-12 05:29:00,Web,Error
10917,U0527,2026-06-19 06:08:00,iOS,Exitoso
7610,U0945,2026-06-16 17:31:00,iOS,Exitoso
5661,U0476,2026-06-20 06:15:00,iOS,Exitoso
11507,U0737,2026-06-13 20:20:00,Android,Exitoso
8934,U0822,2026-06-23 12:19:00,Android,Exitoso
9410,U0852,2026-06-08 08:36:00,Android,Exitoso
2238,,2026-06-05 14:11:00,Android,Error
16377,U0833,2026-06-26 10:29:57,Web,Error
10045,U0999,2026-06-18 19:46:00,iOS,Exitoso
1023,U0392,2026-06-22 11:49:00,Web,Error
9862,U0793,2026-06-23 08:59:00,Android,Exitoso
3020,,2026-06-06 05:51:00,Web,Error
4184,U0296,2026-06-15 12:29:00,Android,Error
5101,U0578,2026-06-17 21:35:00,iOS,Exitoso
11237,U0611,2026-06-18 19:29:00,Android,Exitoso
15398,,2026-06-26 10:27:05,Web,Error
11864,U0746,2026-06-07 21:14:00,Web,Exitoso
9493,U0903,2026-06-25 03:32:00,Web,Exitoso
12706,U0879,2026-06-10 01:31:00,iOS,Exitoso
9406,U0879,2026-06-15 23:52:00,Android,Exitoso
8247,U0807,2026-06-24 09:34:00,Android,Exitoso
15762,,2026-06-26 10:27:35,Web,Error
6302,U0780,2026-06-09 05:18:00,Android,Exitoso
9876,U0931,2026-06-23 17:25:00,iOS,Exitoso
13835,U0908,2026-06-05 19:10:00,iOS,Exitoso
2150,U0065,2026-06-28 03:23:00,Android,Error
3710,U0289,2026-06-19 12:00:00,iOS,Error
4540,U0345,2026-06-11 21:32:00,Web,Error
5734,U0639,2026-06-05 04:17:00,Android,Exitoso
6773,U0740,2026-06-25 12:47:00,Android,Exitoso
15248,,2026-06-26 10:01:41,Web,Error
12804,U0967,2026-06-15 14:37:00,Android,Exitoso
14960,U0515,2026-06-15 05:58:00,Web,Exitoso
12106,U0508,2026-06-10 13:35:00,Web,Exitoso
2600,U0614,2026-06-08 11:59:00,iOS,Error
8177,U0959,2026-06-09 20:54:00,Web,Exitoso
4138,U0106,2026-06-17 19:39:00,iOS,Error
1267,,2026-06-02 23:34:00,Web,Error
2393,U0115,2026-06-04 17:22:00,iOS,Error
8930,U0680,2026-06-09 06:20:00,iOS,Exitoso
8840,U0780,2026-06-22 05:23:00,Android,Exitoso
15738,,2026-06-26 10:17:41,Web,Error
9814,U0555,2026-06-12 13:36:00,Web,Exitoso
11187,U0895,2026-06-28 17:41:00,Android,Exitoso
13444,U0774,2026-06-22 17:18:00,Web,Exitoso
11153,U0856,2026-06-27 07:43:00,iOS,Exitoso
5808,U0879,2026-06-19 03:12:00,Android,Exitoso
10371,U0957,2026-06-21 09:46:00,iOS,Exitoso
5652,U0488,2026-06-08 17:09:00,iOS,Exitoso
14176,U0901,2026-06-17 00:10:00,Android,Exitoso
4074,U0539,2026-06-07 15:29:00,Web,Error
5293,U0889,2026-06-07 07:55:00,Android,Exitoso
3350,,2026-06-22 04:30:00,Web,Error
1203,U0815,2026-06-20 14:43:00,Web,Error
8063,U0719,2026-06-05 18:40:00,iOS,Exitoso
9357,U0473,2026-06-11 07:24:00,Android,Exitoso
11849,U0843,2026-06-22 12:46:00,iOS,Exitoso
3543,U0136,2026-06-16 04:23:00,iOS,Error
1251,U0654,2026-06-25 16:57:00,Web,Error
11960,U0625,2026-06-27 14:30:00,Web,Exitoso
14863,U0930,2026-06-13 07:01:00,iOS,Exitoso
2921,U0669,2026-06-23 11:54:00,iOS,Error
7606,U0784,2026-06-27 17:50:00,Web,Exitoso
12723,U0761,2026-06-21 06:40:00,iOS,Exitoso
15368,,2026-06-26 10:14:41,Web,Error
4354,U0761,2026-06-20 23:11:00,Web,Error
14545,U0627,2026-06-04 01:39:00,iOS,Exitoso
10848,U0652,2026-06-06 10:17:00,iOS,Exitoso
2877,,2026-06-03 21:25:00,Web,Error
10971,U0588,2026-06-04 22:37:00,Web,Exitoso
15144,,2026-06-26 10:23:10,Web,Error
7305,U0873,2026-06-27 16:05:00,Android,Exitoso
13074,U0997,2026-06-18 18:00:00,Android,Exitoso
14747,U0685,2026-06-17 15:28:00,iOS,Exitoso
3036,,2026-06-05 10:53:00,iOS,Error
6386,U0815,2026-06-28 10:15:00,Android,Exitoso
7981,U0722,2026-06-19 03:27:00,iOS,Exitoso
5183,U0585,2026-06-17 22:16:00,Web,Exitoso
2580,U0258,2026-06-20 16:16:00,iOS,Error
10415,U0744,2026-06-02 22:07:00,Android,Exitoso
763,,2026-06-23 00:28:00,Web,Error
2428,U0237,2026-06-26 02:09:00,Web,Error
712,U0088,2026-06-04 20:57:00,Android,Error
2098,U0268,2026-06-28 10:15:00,Web,Error
10388,U0809,2026-06-24 17:52:00,iOS,Exitoso
7167,U0618,2026-06-14 02:56:00,iOS,Exitoso
10929,U0699,2026-06-23 14:12:00,Android,Exitoso
11184,U0567,2026-06-07 04:19:00,iOS,Exitoso
1540,U0840,2026-06-07 13:12:00,Android,Error
1645,U0492,2026-06-14 09:01:00,Web,Error
2749,U0335,2026-06-11 04:41:00,iOS,Error
6158,U0962,2026-06-06 00:43:00,Android,Exitoso
9929,U0633,2026-06-07 22:12:00,Web,Exitoso
13628,U0697,2026-06-18 00:57:00,Web,Exitoso
11138,U0656,2026-06-13 19:51:00,Web,Exitoso
4241,,2026-06-01 23:40:00,Web,Error
9042,U0805,2026-06-19 07:40:00,Android,Exitoso
3045,U0356,2026-06-10 06:01:00,Android,Error
16105,,2026-06-26 10:21:17,Web,Error
11340,U0699,2026-06-23 14:24:00,Web,Exitoso
236,U0158,2026-06-04 05:38:00,Web,Error
8378,U0684,2026-06-12 11:56:00,Web,Exitoso
2968,,2026-06-09 09:43:00,Web,Error
12890,U0716,2026-06-18 23:20:00,Web,Exitoso
311,U0159,2026-06-06 02:30:00,Android,Error
3852,U0096,2026-06-21 22:37:00,Web,Error
11759,U0582,2026-06-11 12:34:00,Android,Exitoso
13059,U0475,2026-06-06 23:37:00,iOS,Exitoso
391,U0908,2026-06-07 18:53:00,Web,Error
50,U0108,2026-06-23 19:00:00,Android,Error
13476,U0779,2026-06-19 05:40:00,Web,Exitoso
4438,U0275,2026-06-17 21:27:00,Web,Error
13800,U0869,2026-06-23 01:29:00,iOS,Exitoso
10423,U0766,2026-06-06 20:00:00,iOS,Exitoso
12039,U0458,2026-06-26 19:40:00,iOS,Exitoso
4941,U0703,2026-06-16 12:40:00,Web,Error
13631,U0875,2026-06-13 03:52:00,iOS,Exitoso
11782,U0557,2026-06-23 04:37:00,Web,Exitoso
12151,U0910,2026-06-07 16:46:00,Web,Exitoso
4256,U0028,2026-06-08 00:01:00,Android,Error
7443,U0881,2026-06-02 18:20:00,Web,Exitoso
5259,U0798,2026-06-11 03:52:00,iOS,Exitoso
11483,U0863,2026-06-22 01:24:00,Android,Exitoso
14069,U0834,2026-06-12 05:42:00,Android,Exitoso
10691,U0532,2026-06-01 08:26:00,Android,Exitoso
9183,U0776,2026-06-10 02:20:00,iOS,Exitoso
6388,U0613,2026-06-25 04:36:00,iOS,Exitoso
12823,U0743,2026-06-27 02:13:00,Web,Exitoso
9259,U0487,2026-06-06 11:52:00,Android,Exitoso
3085,,2026-06-11 23:41:00,iOS,Error
4981,,2026-06-21 07:32:00,Web,Error
1152,U0839,2026-06-22 06:10:00,Web,Error
8648,U0762,2026-06-22 20:50:00,iOS,Exitoso
5937,U0613,2026-06-25 09:21:00,Web,Exitoso
9454,U0515,2026-06-16 02:36:00,iOS,Exitoso
11406,U0869,2026-06-25 18:17:00,iOS,Exitoso
9136,U0840,2026-06-05 15:14:00,iOS,Exitoso
9895,U0890,2026-06-25 21:21:00,Web,Exitoso
15427,,2026-06-26 10:19:30,Web,Error
2910,U0350,2026-06-06 14:21:00,iOS,Error
15593,,2026-06-26 10:21:32,Web,Error
798,U0475,2026-06-26 15:25:00,Web,Error
6956,U0903,2026-06-20 05:23:00,iOS,Exitoso
2387,U0516,2026-06-08 14:51:00,iOS,Error
10151,U0787,2026-06-02 23:00:00,Web,Exitoso
5891,U0851,2026-06-10 13:21:00,Web,Exitoso
15232,,2026-06-26 10:19:49,Web,Error
13098,U0825,2026-06-25 10:02:00,iOS,Exitoso
3615,U1000,2026-06-16 18:04:00,Web,Error
937,U0020,2026-06-06 16:17:00,iOS,Error
1897,U0149,2026-06-22 15:39:00,Web,Error
14266,U0807,2026-06-01 02:57:00,Web,Exitoso
2296,U0761,2026-06-16 00:39:00,Android,Error
10718,U0596,2026-06-26 13:18:00,iOS,Exitoso
6710,U0770,2026-06-01 06:27:00,Web,Exitoso
3992,U0979,2026-06-20 19:25:00,Web,Error
5531,U0923,2026-06-23 17:40:00,Web,Exitoso
12186,U0538,2026-06-26 13:46:00,Web,Exitoso
5643,U0747,2026-06-21 19:38:00,Web,Exitoso
12166,U0714,2026-06-09 23:04:00,Android,Exitoso
14175,U0868,2026-06-18 06:03:00,Android,Exitoso
15819,,2026-06-26 10:29:51,Web,Error
2035,U0721,2026-06-14 09:26:00,Web,Error
10292,U0587,2026-06-11 01:41:00,Web,Exitoso
15665,,2026-06-26 10:18:20,Web,Error
14555,U0568,2026-06-03 03:30:00,Android,Exitoso
7571,U0686,2026-06-12 09:19:00,Android,Exitoso
640,U0227,2026-06-22 01:33:00,Web,Error
11311,U0924,2026-06-01 23:09:00,iOS,Exitoso
13568,U0585,2026-06-24 23:21:00,iOS,Exitoso
10413,U0859,2026-06-23 02:06:00,iOS,Exitoso
11217,U0832,2026-06-22 03:42:00,iOS,Exitoso
2311,,2026-06-03 23:42:00,iOS,Error
2179,U0994,2026-06-18 01:31:00,Web,Error
875,U0092,2026-06-22 22:46:00,Android,Error
13106,U0793,2026-06-04 22:40:00,iOS,Exitoso
9830,U0483,2026-06-28 15:27:00,iOS,Exitoso
13949,U0533,2026-06-01 21:11:00,Web,Exitoso
15828,,2026-06-26 10:14:07,Web,Error
5970,U0592,2026-06-10 14:48:00,iOS,Exitoso
9516,U0806,2026-06-25 22:21:00,Android,Exitoso
15305,,2026-06-26 10:23:20,Web,Error
3632,U0373,2026-06-02 20:13:00,Android,Error
13970,U1000,2026-06-10 01:05:00,Web,Exitoso
11210,U0536,2026-06-21 11:43:00,Android,Exitoso
462,U0176,2026-06-08 12:30:00,Web,Error
6890,U0618,2026-06-04 20:51:00,Android,Exitoso
13598,U0701,2026-06-04 06:45:00,iOS,Exitoso
6743,U0603,2026-06-07 13:49:00,Web,Exitoso
5270,U0748,2026-06-21 04:45:00,Android,Exitoso
11426,U0896,2026-06-16 08:33:00,Web,Exitoso
3895,U0326,2026-06-18 19:25:00,Web,Error
7066,U0799,2026-06-01 23:24:00,iOS,Exitoso
4567,U0295,2026-06-10 12:40:00,iOS,Error
13127,U0976,2026-06-14 16:45:00,Android,Exitoso
1301,U0241,2026-06-08 03:11:00,iOS,Error
7346,U0839,2026-06-21 09:21:00,Android,Exitoso
2042,U0019,2026-06-23 14:03:00,Web,Error
3383,U0971,2026-06-02 01:37:00,Android,Error
9430,U0938,2026-06-02 14:54:00,iOS,Exitoso
12117,U0549,2026-06-17 00:24:00,Android,Exitoso
12240,U0927,2026-06-13 12:25:00,Android,Exitoso
9508,U0659,2026-06-28 15:58:00,iOS,Exitoso
1383,U0600,2026-06-19 15:21:00,Android,Error
10986,U0456,2026-06-27 02:22:00,Android,Exitoso
1745,U0361,2026-06-18 13:21:00,Android,Error
16301,U0840,2026-06-26 10:21:48,Web,Error
12488,U0614,2026-06-16 23:44:00,Android,Exitoso
2575,U0276,2026-06-03 02:52:00,Web,Error
3995,U0219,2026-06-02 02:04:00,iOS,Error
1863,U0658,2026-06-15 08:35:00,Web,Error
4208,U0978,2026-06-07 08:52:00,Web,Error
16122,,2026-06-26 10:28:47,Web,Error
14853,U0529,2026-06-10 01:04:00,iOS,Exitoso
6924,U0480,2026-06-28 05:58:00,Web,Exitoso
2451,U0584,2026-06-22 22:50:00,iOS,Error
14896,U0653,2026-06-18 07:50:00,iOS,Exitoso
15246,,2026-06-26 10:03:58,Web,Error
598,U0326,2026-06-27 22:00:00,iOS,Error
13510,U0662,2026-06-03 07:42:00,Web,Exitoso
7701,U0702,2026-06-20 18:14:00,Android,Exitoso
14607,U0710,2026-06-12 18:24:00,Web,Exitoso
8579,U0810,2026-06-17 00:43:00,Android,Exitoso
2137,U0364,2026-06-27 02:04:00,Web,Error
14695,U0482,2026-06-01 07:47:00,iOS,Exitoso
3230,U0115,2026-06-26 03:39:00,Web,Error
4346,U0024,2026-06-03 21:34:00,Android,Error
15921,,2026-06-26 10:15:51,Web,Error
3246,,2026-06-22 03:49:00,Web,Error
9068,U0626,2026-06-17 12:09:00,iOS,Exitoso
9003,U0926,2026-06-17 02:20:00,Android,Exitoso
9790,U0459,2026-06-14 01:59:00,Android,Exitoso
10308,U0714,2026-06-24 14:10:00,iOS,Exitoso
5258,U0932,2026-06-26 19:32:00,Android,Exitoso
3532,U0304,2026-06-07 18:47:00,Android,Error
10176,U0650,2026-06-14 12:54:00,Android,Exitoso
12078,U0879,2026-06-21 08:21:00,Web,Exitoso
10414,U0631,2026-06-23 18:32:00,Android,Exitoso
15689,,2026-06-26 10:04:23,Web,Error
243,U0231,2026-06-14 08:11:00,iOS,Error
2712,U0216,2026-06-12 07:07:00,Web,Error
12441,U0580,2026-06-20 15:15:00,Web,Exitoso
6180,U0721,2026-06-20 13:49:00,iOS,Exitoso
1380,U0985,2026-06-16 05:01:00,Android,Error
9748,U0530,2026-06-11 03:08:00,Android,Exitoso
3872,U0239,2026-06-10 22:02:00,Web,Error
15123,,2026-06-26 10:04:22,Web,Error
15859,,2026-06-26 10:21:08,Web,Error
15662,,2026-06-26 10:00:50,Web,Error
648,U0941,2026-06-27 18:17:00,Android,Error
7457,U0704,2026-06-26 19:50:00,iOS,Exitoso
13179,U0466,2026-06-27 16:13:00,Web,Exitoso
11613,U0876,2026-06-02 13:37:00,Web,Exitoso
601,,2026-06-14 22:24:00,Web,Error
4598,,2026-06-28 01:38:00,Web,Error
12370,U0733,2026-06-02 20:38:00,Android,Exitoso
10202,U0724,2026-06-12 10:33:00,Android,Exitoso
2618,,2026-06-05 13:01:00,iOS,Error
11163,U0862,2026-06-08 10:43:00,Web,Exitoso
9846,U0494,2026-06-18 16:53:00,Web,Exitoso
15653,,2026-06-26 10:03:47,Web,Error
12791,U0727,2026-06-20 20:54:00,Web,Exitoso
338,U0363,2026-06-27 11:32:00,Web,Error
12206,U0765,2026-06-14 21:47:00,Web,Exitoso
2301,U0090,2026-06-02 02:39:00,Web,Error
11797,U0483,2026-06-14 18:54:00,iOS,Exitoso
13234,U0755,2026-06-07 20:51:00,Android,Exitoso
12337,U0955,2026-06-09 17:28:00,Android,Exitoso
13240,U0662,2026-06-04 07:57:00,Web,Exitoso
1744,,2026-06-26 12:03:00,Web,Error
9332,U0982,2026-06-17 14:26:00,Android,Exitoso
16021,,2026-06-26 10:09:45,Web,Error
2551,U0112,2026-06-22 14:28:00,Web,Error
9116,U0603,2026-06-02 16:55:00,Android,Exitoso
6401,U0911,2026-06-10 07:29:00,Android,Exitoso
14645,U0854,2026-06-23 10:08:00,Web,Exitoso
12251,U0512,2026-06-26 13:08:00,Android,Exitoso
7026,U0920,2026-06-03 23:27:00,Web,Exitoso
4306,,2026-06-13 19:37:00,Web,Error
9077,U0947,2026-06-25 14:42:00,iOS,Exitoso
2082,U0563,2026-06-05 08:30:00,Android,Error
5496,U0795,2026-06-09 23:27:00,Android,Exitoso
1142,U0036,2026-06-05 23:24:00,Android,Error
10864,U0878,2026-06-03 04:59:00,Web,Exitoso
5238,U0600,2026-06-14 12:03:00,Web,Exitoso
4794,,2026-06-24 15:35:00,Web,Error
3311,U0364,2026-06-16 19:28:00,Web,Error
8642,U0721,2026-06-10 05:04:00,Android,Exitoso
3774,U0399,2026-06-22 22:51:00,Android,Error
13721,U0823,2026-06-09 01:58:00,Web,Exitoso
14523,U0679,2026-06-18 18:39:00,iOS,Exitoso
13017,U0926,2026-06-13 10:29:00,Android,Exitoso
8832,U0647,2026-06-23 04:18:00,iOS,Exitoso
10377,U0819,2026-06-06 16:47:00,Android,Exitoso
384,U0272,2026-06-02 09:46:00,iOS,Error
2559,U0443,2026-06-10 06:32:00,Web,Error
7161,U0998,2026-06-02 22:49:00,Web,Exitoso
14528,U0710,2026-06-21 08:38:00,Android,Exitoso
10676,U0488,2026-06-19 08:18:00,Web,Exitoso
9276,U0901,2026-06-15 07:39:00,Web,Exitoso
1302,U0246,2026-06-01 14:58:00,Android,Error
4545,U0136,2026-06-27 00:44:00,Web,Error
16345,U0802,2026-06-26 10:13:09,Web,Error
6595,U0566,2026-06-24 20:49:00,iOS,Exitoso
332,,2026-06-18 20:35:00,iOS,Error
7968,U0903,2026-06-15 10:43:00,iOS,Exitoso
15494,,2026-06-26 10:01:29,Web,Error
12503,U0463,2026-06-11 08:26:00,Android,Exitoso
10287,U0804,2026-06-01 20:26:00,iOS,Exitoso
9007,U0831,2026-06-21 06:15:00,iOS,Exitoso
9075,U0574,2026-06-01 07:25:00,Web,Exitoso
12031,U0818,2026-06-24 17:44:00,Web,Exitoso
1852,U0113,2026-06-17 03:22:00,Web,Error
3033,,2026-06-13 04:08:00,Web,Error
4411,,2026-06-14 14:14:00,Web,Error
2152,U0604,2026-06-01 06:58:00,Web,Error
11830,U0994,2026-06-14 12:15:00,iOS,Exitoso
15502,,2026-06-26 10:21:20,Web,Error
929,U0427,2026-06-03 12:56:00,Web,Error
13075,U0770,2026-06-21 10:35:00,iOS,Exitoso
4749,U0313,2026-06-17 00:29:00,Android,Error
5913,U0749,2026-06-17 10:34:00,iOS,Exitoso
11398,U0872,2026-06-21 09:12:00,Web,Exitoso
6761,U0826,2026-06-12 06:46:00,Web,Exitoso
7493,U0771,2026-06-15 12:41:00,iOS,Exitoso
14533,U0575,2026-06-15 07:45:00,Android,Exitoso
1894,U0671,2026-06-01 20:18:00,Web,Error
5358,U0983,2026-06-01 17:01:00,iOS,Exitoso
4742,U0222,2026-06-10 21:40:00,iOS,Error
10200,U0587,2026-06-05 04:03:00,Web,Exitoso
11443,U0838,2026-06-15 21:38:00,Web,Exitoso
185,U0373,2026-06-16 12:36:00,Android,Error
1031,U0146,2026-06-18 08:35:00,Android,Error
9073,U0717,2026-06-08 06:18:00,Web,Exitoso
1018,U0816,2026-06-02 15:15:00,Web,Error
12975,U0789,2026-06-02 18:08:00,Android,Exitoso
15256,,2026-06-26 10:09:43,Web,Error
10881,U0570,2026-06-03 01:19:00,Android,Exitoso
4171,U0024,2026-06-11 22:18:00,Web,Error
16304,U0477,2026-06-26 10:12:02,Web,Error
9595,U0709,2026-06-20 19:55:00,iOS,Exitoso
4226,,2026-06-24 01:26:00,Web,Error
11454,U0851,2026-06-12 15:18:00,iOS,Exitoso
6833,U0459,2026-06-19 20:09:00,Android,Exitoso
15929,,2026-06-26 10:22:32,Web,Error
14402,U0916,2026-06-11 18:03:00,Web,Exitoso
1988,,2026-06-28 02:43:00,Web,Error
10609,U0697,2026-06-27 13:27:00,iOS,Exitoso
8800,U0767,2026-06-08 21:25:00,Android,Exitoso
5274,U0933,2026-06-27 19:08:00,iOS,Exitoso
13816,U0631,2026-06-23 11:45:00,Web,Exitoso
8301,U0775,2026-06-16 19:35:00,Web,Exitoso
15493,,2026-06-26 10:24:09,Web,Error
1767,U0147,2026-06-28 10:32:00,iOS,Error
2626,U0868,2026-06-19 12:27:00,Web,Error
15277,,2026-06-26 10:01:31,Web,Error
12167,U0734,2026-06-12 10:42:00,Android,Exitoso
1224,U0166,2026-06-02 01:14:00,Web,Error
15759,,2026-06-26 10:06:07,Web,Error
10511,U0635,2026-06-25 11:55:00,Android,Exitoso
3346,U0168,2026-06-28 02:19:00,Web,Error
3330,U0042,2026-06-04 00:48:00,iOS,Error
14669,U0820,2026-06-27 07:14:00,iOS,Exitoso
4038,,2026-06-17 14:06:00,Web,Error
6713,U0509,2026-06-06 10:51:00,Android,Exitoso
4524,,2026-06-16 08:32:00,Web,Error
2710,U0210,2026-06-14 18:12:00,Web,Error
2989,,2026-06-26 00:40:00,Web,Error
5131,U0917,2026-06-01 08:29:00,Web,Exitoso
10120,U0739,2026-06-27 07:27:00,Android,Exitoso
4638,U0018,2026-06-06 16:50:00,iOS,Error
16258,U0621,2026-06-26 10:08:25,Web,Error
4399,U0317,2026-06-20 12:24:00,Web,Error
7856,U0875,2026-06-12 06:59:00,iOS,Exitoso
2168,U0272,2026-06-19 07:01:00,Web,Error
12987,U0946,2026-06-04 15:04:00,Android,Exitoso
7176,U0914,2026-06-24 20:53:00,iOS,Exitoso
5798,U0704,2026-06-02 08:56:00,Android,Exitoso
10090,U0711,2026-06-24 22:14:00,iOS,Exitoso
27,U0353,2026-06-25 05:00:00,Android,Error
166,U0381,2026-06-23 22:15:00,Android,Error
13402,U0861,2026-06-09 21:35:00,Android,Exitoso
4386,U0448,2026-06-20 01:08:00,iOS,Error
7599,U0969,2026-06-13 19:16:00,Web,Exitoso
4601,U0521,2026-06-28 06:14:00,Web,Error
3072,U0234,2026-06-15 22:41:00,iOS,Error
6560,U0813,2026-06-14 22:49:00,iOS,Exitoso
5639,U0595,2026-06-13 09:36:00,Web,Exitoso
14647,U0948,2026-06-25 03:35:00,Android,Exitoso
11894,U0893,2026-06-23 10:16:00,Android,Exitoso
4799,U0307,2026-06-13 20:35:00,iOS,Error
3879,,2026-06-04 22:26:00,Web,Error
11839,U0492,2026-06-02 15:05:00,Android,Exitoso
10129,U0929,2026-06-02 10:02:00,Web,Exitoso
16114,,2026-06-26 10:12:31,Web,Error
6853,U0997,2026-06-01 10:24:00,Android,Exitoso
8033,U0786,2026-06-03 07:36:00,Android,Exitoso
15687,,2026-06-26 10:25:15,Web,Error
11060,U0932,2026-06-02 06:54:00,iOS,Exitoso
5188,U0456,2026-06-21 05:03:00,Web,Exitoso
7237,U0508,2026-06-18 15:35:00,iOS,Exitoso
13885,U0594,2026-06-09 22:34:00,Web,Exitoso
10230,U0907,2026-06-13 00:49:00,iOS,Exitoso
9320,U0850,2026-06-07 04:36:00,Web,Exitoso
599,U0051,2026-06-22 02:40:00,Web,Error
16365,U0946,2026-06-26 10:04:56,Web,Error
7119,U0726,2026-06-21 11:06:00,Android,Exitoso
4956,,2026-06-06 11:52:00,Web,Error
10947,U0638,2026-06-25 01:14:00,Web,Exitoso
3244,,2026-06-17 23:46:00,Web,Error
8759,U0885,2026-06-06 08:21:00,Android,Exitoso
11127,U0776,2026-06-04 00:04:00,Web,Exitoso
5045,U0632,2026-06-05 12:10:00,Web,Exitoso
12038,U0790,2026-06-20 00:46:00,Web,Exitoso
1845,U0373,2026-06-02 15:58:00,Android,Error
5192,U0869,2026-06-21 00:12:00,Web,Exitoso
9326,U0767,2026-06-18 18:49:00,Web,Exitoso
14086,U0693,2026-06-07 17:15:00,Android,Exitoso
8551,U0977,2026-06-14 11:27:00,Web,Exitoso
11133,U0990,2026-06-15 13:14:00,iOS,Exitoso
12317,U0490,2026-06-20 05:17:00,Web,Exitoso
13796,U0556,2026-06-25 21:25:00,Android,Exitoso
1802,U0182,2026-06-24 12:07:00,Web,Error
827,,2026-06-11 14:17:00,Web,Error
7479,U0974,2026-06-24 21:00:00,iOS,Exitoso
15202,,2026-06-26 10:05:06,Web,Error
2912,U0067,2026-06-17 05:12:00,Android,Error
14126,U0580,2026-06-28 12:57:00,Android,Exitoso
6524,U0600,2026-06-02 17:46:00,Android,Exitoso
6120,U0806,2026-06-14 20:56:00,iOS,Exitoso
12712,U0864,2026-06-12 19:56:00,Android,Exitoso
13629,U0957,2026-06-14 03:14:00,Web,Exitoso
11774,U0917,2026-06-04 17:27:00,Web,Exitoso
14613,U0849,2026-06-22 15:46:00,Web,Exitoso
11428,U0676,2026-06-18 21:20:00,Android,Exitoso
888,U0132,2026-06-01 08:22:00,iOS,Error
10267,U0507,2026-06-17 00:12:00,Android,Exitoso
13049,U0666,2026-06-18 09:59:00,Web,Exitoso
1459,,2026-06-11 11:01:00,Web,Error
3542,U0257,2026-06-03 18:45:00,iOS,Error
12840,U0616,2026-06-18 21:43:00,Android,Exitoso
16158,,2026-06-26 10:09:53,Web,Error
11403,U0579,2026-06-21 20:27:00,Android,Exitoso
6866,U0490,2026-06-14 11:14:00,iOS,Exitoso
3748,U0850,2026-06-02 09:07:00,Android,Error
6577,U0716,2026-06-17 07:24:00,Web,Exitoso
6860,U0977,2026-06-09 15:29:00,Android,Exitoso
9313,U0808,2026-06-13 07:56:00,Android,Exitoso
20,U0181,2026-06-23 13:54:00,Android,Error
2524,U0730,2026-06-07 05:59:00,iOS,Error
10394,U0653,2026-06-08 05:07:00,Web,Exitoso
5634,U0799,2026-06-16 07:54:00,Web,Exitoso
15113,,2026-06-26 10:07:06,Web,Error
10463,U0944,2026-06-10 11:58:00,Android,Exitoso
7645,U0572,2026-06-26 18:01:00,Web,Exitoso
8030,U0665,2026-06-24 18:27:00,Android,Exitoso
4980,,2026-06-20 06:41:00,Web,Error
11353,U0966,2026-06-10 13:14:00,iOS,Exitoso
10249,U0811,2026-06-24 09:20:00,iOS,Exitoso
13311,U0603,2026-06-12 15:03:00,Android,Exitoso
13820,U0707,2026-06-18 10:03:00,Android,Exitoso
12419,U0620,2026-06-03 17:08:00,iOS,Exitoso
4912,U0179,2026-06-16 15:23:00,iOS,Error
7866,U0458,2026-06-18 08:24:00,Android,Exitoso
6106,U0845,2026-06-20 23:05:00,Web,Exitoso
9976,U0668,2026-06-20 06:01:00,Web,Exitoso
6879,U0528,2026-06-24 23:02:00,Android,Exitoso
45,U0030,2026-06-06 11:42:00,Android,Error
13460,U0552,2026-06-26 21:32:00,Android,Exitoso
4845,U0456,2026-06-14 18:48:00,Web,Error
1979,U0415,2026-06-20 22:21:00,Android,Error
5669,U0721,2026-06-22 13:31:00,Web,Exitoso
16422,U0715,2026-06-26 10:20:45,Web,Error
9909,U0601,2026-06-23 14:59:00,Web,Exitoso
16061,,2026-06-26 10:11:58,Web,Error
4961,U0757,2026-06-07 14:26:00,Web,Error
2893,U0434,2026-06-21 16:24:00,iOS,Error
15322,,2026-06-26 10:25:50,Web,Error
13497,U0611,2026-06-22 21:18:00,Web,Exitoso
14948,U0985,2026-06-10 14:52:00,Android,Exitoso
11893,U0974,2026-06-17 12:40:00,iOS,Exitoso
6722,U0769,2026-06-05 03:42:00,Android,Exitoso
12690,U0855,2026-06-20 12:38:00,Web,Exitoso
6483,U0694,2026-06-02 12:09:00,Android,Exitoso
13936,U0489,2026-06-09 03:13:00,Android,Exitoso
15981,,2026-06-26 10:26:31,Web,Error
605,U0438,2026-06-08 10:55:00,Web,Error
14940,U0482,2026-06-21 18:58:00,iOS,Exitoso
2368,,2026-06-24 09:25:00,iOS,Error
549,,2026-06-06 22:18:00,Web,Error
4843,U0253,2026-06-21 03:37:00,Android,Error
12663,U0519,2026-06-25 06:39:00,Web,Exitoso
10813,U0834,2026-06-21 20:38:00,Web,Exitoso
15137,,2026-06-26 10:29:30,Web,Error
12518,U0627,2026-06-16 09:06:00,iOS,Exitoso
6507,U0457,2026-06-03 18:59:00,Web,Exitoso
14590,U0990,2026-06-08 20:39:00,Android,Exitoso
15991,,2026-06-26 10:02:46,Web,Error
1561,U0148,2026-06-09 07:14:00,Android,Error
6691,U0671,2026-06-24 16:57:00,Android,Exitoso
9336,U0608,2026-06-24 06:32:00,Web,Exitoso
15402,,2026-06-26 10:23:45,Web,Error
15098,,2026-06-26 10:12:15,Web,Error
5874,U0682,2026-06-12 08:27:00,Web,Exitoso
10876,U0513,2026-06-02 06:57:00,iOS,Exitoso
12985,U0577,2026-06-05 11:18:00,Web,Exitoso
9653,U0577,2026-06-26 18:31:00,iOS,Exitoso
11368,U0888,2026-06-03 20:37:00,Web,Exitoso
4761,U0433,2026-06-27 12:48:00,Web,Error
4373,U0188,2026-06-23 20:02:00,Android,Error
6999,U0807,2026-06-26 04:24:00,Android,Exitoso
6406,U0824,2026-06-27 01:30:00,Web,Exitoso
12750,U0652,2026-06-05 19:50:00,Android,Exitoso
9993,U0734,2026-06-12 16:52:00,Web,Exitoso
1643,U0866,2026-06-16 13:38:00,Web,Error
12029,U0465,2026-06-10 18:40:00,Web,Exitoso
14220,U0972,2026-06-05 19:00:00,iOS,Exitoso
10827,U0569,2026-06-11 16:38:00,Android,Exitoso
5694,U0590,2026-06-18 16:14:00,Web,Exitoso
4122,U0457,2026-06-01 07:38:00,Web,Error
9890,U0693,2026-06-02 21:52:00,Web,Exitoso
4993,,2026-06-04 12:38:00,Web,Error
11038,U0694,2026-06-21 09:57:00,iOS,Exitoso
14740,U0690,2026-06-15 23:26:00,Android,Exitoso
15154,,2026-06-26 10:16:34,Web,Error
6608,U0799,2026-06-23 12:14:00,Android,Exitoso
6632,U0498,2026-06-14 05:29:00,Web,Exitoso
13080,U0651,2026-06-19 15:41:00,Android,Exitoso
13433,U0985,2026-06-06 06:44:00,iOS,Exitoso
16340,U0624,2026-06-26 10:08:18,Web,Error
9255,U0997,2026-06-14 17:02:00,iOS,Exitoso
2017,U0326,2026-06-15 19:28:00,Web,Error
8606,U0656,2026-06-10 00:51:00,Web,Exitoso
4944,U0902,2026-06-24 05:20:00,Web,Error
14677,U0728,2026-06-18 13:16:00,Android,Exitoso
12761,U0792,2026-06-21 14:54:00,Android,Exitoso
5347,U0461,2026-06-07 07:53:00,Android,Exitoso
8752,U0828,2026-06-21 15:59:00,Web,Exitoso
4872,U0222,2026-06-13 10:46:00,Android,Error
14952,U0691,2026-06-28 10:14:00,iOS,Exitoso
5651,U0623,2026-06-03 05:56:00,iOS,Exitoso
12321,U0714,2026-06-16 12:07:00,Android,Exitoso
3685,U0419,2026-06-16 07:26:00,Android,Error
15780,,2026-06-26 10:04:25,Web,Error
9429,U0682,2026-06-20 08:18:00,Web,Exitoso
100,U0789,2026-06-21 14:20:00,Android,Error
1959,U0189,2026-06-19 06:00:00,Web,Error
6782,U0850,2026-06-14 05:29:00,Android,Exitoso
3389,U0735,2026-06-28 06:08:00,Android,Error
748,U0118,2026-06-24 05:28:00,Web,Error
7374,U0739,2026-06-19 12:46:00,Android,Exitoso
11623,U0965,2026-06-15 12:13:00,iOS,Exitoso
14903,U0784,2026-06-11 23:34:00,Android,Exitoso
12499,U0868,2026-06-23 22:35:00,Android,Exitoso
14510,U0592,2026-06-26 15:44:00,Android,Exitoso
9323,U0934,2026-06-24 14:30:00,iOS,Exitoso
2915,,2026-06-09 08:10:00,Web,Error
13641,U0995,2026-06-13 23:39:00,Android,Exitoso
2438,U0775,2026-06-14 11:15:00,iOS,Error
353,U0726,2026-06-10 12:05:00,Web,Error
7781,U0844,2026-06-07 15:05:00,iOS,Exitoso
14000,U0711,2026-06-20 15:47:00,Android,Exitoso
10260,U0742,2026-06-21 04:20:00,iOS,Exitoso
3853,U0152,2026-06-06 00:38:00,Web,Error
9614,U0525,2026-06-05 03:59:00,iOS,Exitoso
1833,U0403,2026-06-27 05:19:00,iOS,Error
3723,,2026-06-19 08:09:00,Web,Error
8977,U0863,2026-06-14 19:03:00,iOS,Exitoso
11984,U0542,2026-06-26 18:58:00,iOS,Exitoso
8455,U0550,2026-06-19 02:34:00,Web,Exitoso
16183,,2026-06-26 10:16:40,Web,Error
2659,U0041,2026-06-19 20:28:00,iOS,Error
13702,U0575,2026-06-16 22:41:00,Android,Exitoso
10319,U0497,2026-06-08 11:48:00,Android,Exitoso
3011,U0420,2026-06-02 00:08:00,Android,Error
4357,U0672,2026-06-11 03:47:00,Web,Error
15815,,2026-06-26 10:05:54,Web,Error
9047,U0998,2026-06-09 15:30:00,iOS,Exitoso
10866,U0753,2026-06-20 02:33:00,Android,Exitoso
14298,U0898,2026-06-24 04:57:00,Android,Exitoso
6091,U0470,2026-06-19 13:44:00,iOS,Exitoso
12269,U0767,2026-06-07 04:13:00,iOS,Exitoso
7193,U0543,2026-06-11 16:23:00,Web,Exitoso
16444,U0455,2026-06-26 10:19:24,Web,Error
15292,,2026-06-26 10:17:37,Web,Error
15685,,2026-06-26 10:17:00,Web,Error
7763,U0841,2026-06-05 07:49:00,Web,Exitoso
13452,U0491,2026-06-27 13:00:00,Android,Exitoso
2418,,2026-06-06 21:28:00,Web,Error
8894,U0684,2026-06-03 22:59:00,iOS,Exitoso
2919,U0444,2026-06-06 15:42:00,Android,Error
9129,U0471,2026-06-06 19:57:00,iOS,Exitoso
1236,,2026-06-02 12:34:00,Web,Error
429,U0090,2026-06-12 13:31:00,Android,Error
6486,U0805,2026-06-08 00:52:00,Web,Exitoso
8221,U0751,2026-06-20 19:32:00,Web,Exitoso
15915,,2026-06-26 10:11:08,Web,Error
10861,U0468,2026-06-10 19:12:00,Android,Exitoso
4946,U0646,2026-06-09 12:28:00,Web,Error
8635,U0960,2026-06-02 14:09:00,Android,Exitoso
13814,U0922,2026-06-15 01:22:00,Android,Exitoso
635,U0082,2026-06-16 16:38:00,Web,Error
1726,U0368,2026-06-13 11:25:00,iOS,Error
1227,U0162,2026-06-15 10:43:00,Web,Error
1014,U0668,2026-06-01 11:10:00,Android,Error
3438,U0035,2026-06-02 14:01:00,Web,Error
14418,U0730,2026-06-17 13:19:00,Web,Exitoso
5112,U0747,2026-06-18 18:37:00,Android,Exitoso
6851,U0650,2026-06-13 04:50:00,Web,Exitoso
6436,U0464,2026-06-09 11:33:00,Android,Exitoso
4864,U0163,2026-06-02 15:32:00,Android,Error
15242,,2026-06-26 10:27:33,Web,Error
10037,U0991,2026-06-07 11:15:00,Web,Exitoso
16011,,2026-06-26 10:06:47,Web,Error
13774,U0671,2026-06-24 08:27:00,iOS,Exitoso
1015,,2026-06-12 18:48:00,iOS,Error
9736,U0454,2026-06-07 16:45:00,iOS,Exitoso
12676,U0793,2026-06-20 18:45:00,iOS,Exitoso
6133,U0592,2026-06-06 01:40:00,iOS,Exitoso
6060,U0930,2026-06-28 03:28:00,Android,Exitoso
3397,,2026-06-26 18:52:00,Web,Error
10841,U0667,2026-06-17 01:34:00,Android,Exitoso
3737,U0207,2026-06-07 17:18:00,Android,Error
7153,U0730,2026-06-07 05:49:00,iOS,Exitoso
15706,,2026-06-26 10:20:39,Web,Error
12686,U0903,2026-06-24 05:52:00,iOS,Exitoso
9787,U0703,2026-06-04 23:18:00,Android,Exitoso
7923,U0782,2026-06-04 11:02:00,Android,Exitoso
8013,U0556,2026-06-10 23:21:00,iOS,Exitoso
147,,2026-06-13 16:48:00,iOS,Error
2444,,2026-06-14 02:18:00,iOS,Error
7334,U0938,2026-06-11 02:30:00,Android,Exitoso
23,U0419,2026-06-15 12:40:00,Web,Error
12012,U0649,2026-06-18 09:43:00,iOS,Exitoso
15752,,2026-06-26 10:17:32,Web,Error
11037,U0695,2026-06-14 14:27:00,Web,Exitoso
8334,U0969,2026-06-20 00:30:00,Android,Exitoso
13603,U0957,2026-06-11 15:46:00,Web,Exitoso
1405,U0747,2026-06-19 11:13:00,Web,Error
1827,,2026-06-23 14:02:00,iOS,Error
9226,U0770,2026-06-24 04:46:00,Android,Exitoso
11102,U0585,2026-06-09 12:22:00,Web,Exitoso
2139,,2026-06-03 02:36:00,Web,Error
3859,U0421,2026-06-08 09:16:00,iOS,Error
4606,U0941,2026-06-03 06:05:00,Web,Error
173,,2026-06-09 05:03:00,Android,Error
9616,U0845,2026-06-03 01:38:00,iOS,Exitoso
2769,U0875,2026-06-28 14:08:00,Android,Error
7186,U0983,2026-06-02 07:26:00,Android,Exitoso
13042,U0462,2026-06-24 01:15:00,Android,Exitoso
13616,U0788,2026-06-14 02:49:00,iOS,Exitoso
8118,U0685,2026-06-26 09:03:00,iOS,Exitoso
2870,U0033,2026-06-22 21:47:00,Web,Error
6053,U0872,2026-06-17 16:43:00,Web,Exitoso
14722,U0684,2026-06-08 20:19:00,Android,Exitoso
4522,,2026-06-19 02:47:00,Web,Error
9624,U0933,2026-06-14 11:32:00,Web,Exitoso
2558,U0445,2026-06-27 17:01:00,iOS,Error
5016,U0984,2026-06-21 14:12:00,Android,Exitoso
1026,U0446,2026-06-11 11:17:00,Web,Error
15446,,2026-06-26 10:19:42,Web,Error
15193,,2026-06-26 10:23:05,Web,Error
7838,U0664,2026-06-25 03:20:00,Android,Exitoso
15982,,2026-06-26 10:25:39,Web,Error
15176,,2026-06-26 10:14:01,Web,Error
10228,U0587,2026-06-17 12:51:00,Web,Exitoso
13170,U0993,2026-06-10 03:18:00,iOS,Exitoso
3837,,2026-06-13 08:25:00,Web,Error
9461,U0467,2026-06-17 06:32:00,Android,Exitoso
9167,U0624,2026-06-08 20:18:00,Web,Exitoso
6472,U0484,2026-06-28 17:01:00,Web,Exitoso
13953,U0830,2026-06-04 17:48:00,Web,Exitoso
1436,,2026-06-08 05:30:00,Web,Error
5370,U0635,2026-06-24 00:06:00,iOS,Exitoso
16147,,2026-06-26 10:28:11,Web,Error
10109,U0730,2026-06-18 02:29:00,Web,Exitoso
15222,,2026-06-26 10:12:24,Web,Error
6823,U0789,2026-06-22 18:19:00,Android,Exitoso
10001,U0497,2026-06-19 01:38:00,Android,Exitoso
5726,U0508,2026-06-07 18:10:00,Web,Exitoso
10271,U0563,2026-06-04 06:23:00,Android,Exitoso
4005,U0506,2026-06-03 18:40:00,Web,Error
12542,U0747,2026-06-25 04:04:00,Android,Exitoso
2380,,2026-06-07 11:16:00,Web,Error
7203,U0954,2026-06-02 07:14:00,Web,Exitoso
4571,,2026-06-28 01:17:00,Web,Error
15353,,2026-06-26 10:27:11,Web,Error
3227,,2026-06-27 07:18:00,Web,Error
4167,U0100,2026-06-10 15:53:00,iOS,Error
1379,,2026-06-23 04:28:00,iOS,Error
16224,U0632,2026-06-26 10:14:18,Web,Error
4422,U0444,2026-06-04 18:27:00,Android,Error
6428,U0698,2026-06-19 15:09:00,Web,Exitoso
15087,,2026-06-26 10:24:04,Web,Error
276,U0848,2026-06-21 01:12:00,Web,Error
6470,U0859,2026-06-25 19:35:00,iOS,Exitoso
10417,U0460,2026-06-03 20:05:00,Web,Exitoso
13145,U0459,2026-06-16 04:12:00,Web,Exitoso
5673,U0618,2026-06-25 04:57:00,Android,Exitoso
5444,U0681,2026-06-02 18:10:00,Android,Exitoso
1917,U0240,2026-06-26 06:59:00,Android,Error
12514,U0676,2026-06-02 05:32:00,Android,Exitoso
5811,U0553,2026-06-13 19:15:00,Android,Exitoso
883,U0260,2026-06-01 17:39:00,Web,Error
4127,U0299,2026-06-03 07:45:00,Web,Error
11330,U0798,2026-06-28 09:06:00,Web,Exitoso
9232,U0529,2026-06-04 13:30:00,iOS,Exitoso
14623,U0903,2026-06-19 02:36:00,iOS,Exitoso
15797,,2026-06-26 10:22:36,Web,Error
2483,U0399,2026-06-17 09:16:00,Web,Error
6757,U0668,2026-06-26 21:00:00,iOS,Exitoso
15658,,2026-06-26 10:09:27,Web,Error
11971,U0982,2026-06-11 01:59:00,Android,Exitoso
9448,U0839,2026-06-23 16:07:00,iOS,Exitoso
2002,,2026-06-16 10:06:00,Web,Error
6679,U0840,2026-06-22 23:14:00,Android,Exitoso
3873,U0148,2026-06-11 12:52:00,iOS,Error
16012,,2026-06-26 10:01:55,Web,Error
1970,U0036,2026-06-21 11:30:00,Web,Error
15051,,2026-06-26 10:20:45,Web,Error
12695,U0978,2026-06-21 02:28:00,iOS,Exitoso
3304,U0606,2026-06-24 02:07:00,Web,Error
12587,U0912,2026-06-26 12:17:00,Android,Exitoso
13267,U0601,2026-06-03 18:12:00,Web,Exitoso
1624,U0562,2026-06-27 00:09:00,Android,Error
6765,U0768,2026-06-27 15:22:00,iOS,Exitoso
10107,U0608,2026-06-11 05:38:00,Web,Exitoso
498,U0393,2026-06-13 19:05:00,Android,Error
2400,,2026-06-24 00:29:00,Web,Error
14429,U0513,2026-06-13 14:10:00,Web,Exitoso
2075,U0293,2026-06-15 01:42:00,Web,Error
11569,U0981,2026-06-28 13:00:00,iOS,Exitoso
4564,U0094,2026-06-16 17:31:00,iOS,Error
8944,U0910,2026-06-05 01:01:00,Android,Exitoso
5707,U0683,2026-06-20 19:18:00,Android,Exitoso
1049,,2026-06-14 08:33:00,Web,Error
15112,,2026-06-26 10:22:14,Web,Error
1950,U0188,2026-06-27 05:08:00,Android,Error
3989,U0092,2026-06-09 05:24:00,iOS,Error
5818,U0698,2026-06-13 23:36:00,Web,Exitoso
13797,U0926,2026-06-01 19:43:00,iOS,Exitoso
12702,U0733,2026-06-27 01:00:00,iOS,Exitoso
15647,,2026-06-26 10:05:52,Web,Error
7486,U0699,2026-06-09 12:18:00,iOS,Exitoso
10244,U0678,2026-06-11 19:56:00,Android,Exitoso
13557,U0525,2026-06-07 16:06:00,iOS,Exitoso
13983,U0597,2026-06-16 20:19:00,iOS,Exitoso
4177,U0224,2026-06-04 02:56:00,Web,Error
3209,U0247,2026-06-27 10:34:00,Android,Error
12470,U0739,2026-06-09 07:16:00,Android,Exitoso
5489,U0487,2026-06-05 15:30:00,Web,Exitoso
7734,U0666,2026-06-14 10:47:00,Web,Exitoso
2375,,2026-06-26 02:55:00,Web,Error
10944,U0832,2026-06-12 00:26:00,Web,Exitoso
16402,U0683,2026-06-26 10:00:58,Web,Error
1994,U0884,2026-06-13 02:26:00,Android,Error
7795,U0834,2026-06-27 08:02:00,iOS,Exitoso
7506,U0857,2026-06-03 13:29:00,Android,Exitoso
15489,,2026-06-26 10:18:35,Web,Error
6566,U0822,2026-06-13 19:11:00,iOS,Exitoso
145,U0173,2026-06-27 17:07:00,Web,Error
16020,,2026-06-26 10:10:25,Web,Error
6532,U0534,2026-06-10 22:45:00,iOS,Exitoso
4708,U0220,2026-06-21 22:02:00,Android,Error
13644,U0770,2026-06-16 08:15:00,Web,Exitoso
2519,U0177,2026-06-21 20:07:00,Android,Error
6245,U0744,2026-06-21 05:39:00,Android,Exitoso
12058,U0481,2026-06-16 17:23:00,Web,Exitoso
9469,U0598,2026-06-13 02:19:00,iOS,Exitoso
7766,U0929,2026-06-14 17:35:00,Web,Exitoso
15013,,2026-06-26 10:25:06,Web,Error
11193,U0591,2026-06-21 21:51:00,iOS,Exitoso
11183,U0891,2026-06-24 19:27:00,iOS,Exitoso
2293,,2026-06-04 00:51:00,Web,Error
1032,,2026-06-03 20:46:00,Android,Error
7577,U0936,2026-06-06 10:17:00,Android,Exitoso
15920,,2026-06-26 10:28:48,Web,Error
4666,U0848,2026-06-01 06:57:00,Web,Error
14108,U0952,2026-06-06 10:21:00,Android,Exitoso
10611,U0611,2026-06-26 09:07:00,Android,Exitoso
15621,,2026-06-26 10:22:01,Web,Error
12689,U0501,2026-06-14 10:53:00,iOS,Exitoso
2175,U0961,2026-06-08 03:54:00,Web,Error
5508,U0731,2026-06-02 23:57:00,Web,Exitoso
12311,U0832,2026-06-13 17:22:00,Web,Exitoso
9043,U0916,2026-06-15 22:23:00,Android,Exitoso
12525,U0460,2026-06-15 00:08:00,iOS,Exitoso
13505,U0611,2026-06-27 21:56:00,Android,Exitoso
2136,U0145,2026-06-15 17:29:00,iOS,Error
6481,U0630,2026-06-06 16:06:00,Web,Exitoso
8211,U0808,2026-06-08 15:07:00,iOS,Exitoso
11281,U0518,2026-06-14 06:40:00,Web,Exitoso
10798,U0459,2026-06-09 07:47:00,Web,Exitoso
11120,U0465,2026-06-11 12:46:00,Web,Exitoso
2742,U0141,2026-06-02 21:10:00,Android,Error
9274,U0813,2026-06-22 04:00:00,Android,Exitoso
13278,U0666,2026-06-01 19:16:00,iOS,Exitoso
10991,U0624,2026-06-27 12:17:00,iOS,Exitoso
15380,,2026-06-26 10:07:32,Web,Error
7926,U0476,2026-06-27 16:51:00,Android,Exitoso
11495,U0799,2026-06-04 09:12:00,Android,Exitoso
11318,U0993,2026-06-05 20:43:00,Web,Exitoso
13426,U0811,2026-06-27 03:35:00,Android,Exitoso
13554,U0923,2026-06-01 11:04:00,iOS,Exitoso
8232,U0643,2026-06-27 03:31:00,iOS,Exitoso
7948,U0879,2026-06-20 01:16:00,Android,Exitoso
12512,U0866,2026-06-11 11:37:00,Android,Exitoso
698,U0395,2026-06-01 09:17:00,Android,Error
4376,,2026-06-26 04:13:00,Web,Error
10901,U0869,2026-06-24 18:10:00,iOS,Exitoso
13046,U0515,2026-06-02 15:20:00,Web,Exitoso
2251,U0605,2026-06-12 02:14:00,Web,Error
15281,,2026-06-26 10:05:01,Web,Error
5482,U0986,2026-06-15 10:06:00,Web,Exitoso
15995,,2026-06-26 10:27:15,Web,Error
6300,U0515,2026-06-07 13:38:00,Web,Exitoso
16290,U0788,2026-06-26 10:28:24,Web,Error
9040,U0694,2026-06-12 13:32:00,Web,Exitoso
10835,U0704,2026-06-24 21:11:00,iOS,Exitoso
6285,U0814,2026-06-19 13:17:00,Web,Exitoso
12965,U0773,2026-06-03 02:34:00,Android,Exitoso
2239,U0196,2026-06-10 07:56:00,Android,Error
16275,U0855,2026-06-26 10:09:51,Web,Error
12253,U0486,2026-06-08 02:21:00,iOS,Exitoso
15400,,2026-06-26 10:05:32,Web,Error
11906,U0833,2026-06-06 01:15:00,iOS,Exitoso
10190,U0629,2026-06-01 01:05:00,Web,Exitoso
2161,U0376,2026-06-13 03:02:00,iOS,Error
4482,,2026-06-23 19:50:00,Web,Error
1728,U0386,2026-06-23 00:13:00,Web,Error
4703,,2026-06-03 05:33:00,Web,Error
5362,U0669,2026-06-01 13:39:00,Web,Exitoso
7983,U0826,2026-06-21 01:33:00,Web,Exitoso
10669,U0623,2026-06-23 17:13:00,Web,Exitoso
12465,U0772,2026-06-08 20:55:00,Web,Exitoso
9626,U0516,2026-06-02 10:24:00,iOS,Exitoso
9694,U0727,2026-06-22 09:28:00,Web,Exitoso
10615,U0487,2026-06-17 18:45:00,Web,Exitoso
2715,U0261,2026-06-26 06:08:00,Web,Error
3418,U0312,2026-06-26 15:29:00,Web,Error
9364,U0555,2026-06-08 04:02:00,Android,Exitoso
4111,U0266,2026-06-22 01:11:00,Web,Error
6740,U0642,2026-06-11 04:08:00,iOS,Exitoso
8469,U0501,2026-06-11 22:16:00,Android,Exitoso
1719,,2026-06-03 05:52:00,Android,Error
8210,U0851,2026-06-22 08:53:00,Android,Exitoso
8845,U0977,2026-06-01 09:43:00,Android,Exitoso
6569,U0957,2026-06-21 14:10:00,Android,Exitoso
16515,U0878,2026-06-26 10:26:17,Web,Error
13219,U0605,2026-06-10 09:32:00,Android,Exitoso
3435,U0735,2026-06-16 22:16:00,iOS,Error
3703,,2026-06-25 00:38:00,Web,Error
13274,U0640,2026-06-22 12:09:00,Web,Exitoso
13246,U0642,2026-06-12 11:41:00,Web,Exitoso
6374,U0698,2026-06-01 14:54:00,Web,Exitoso
7215,U0474,2026-06-17 01:58:00,Web,Exitoso
8762,U0786,2026-06-05 21:23:00,Android,Exitoso
2297,U0288,2026-06-18 06:13:00,Android,Error
4349,U0167,2026-06-21 12:17:00,Web,Error
2300,U0419,2026-06-13 10:33:00,Android,Error
4365,,2026-06-18 04:41:00,Web,Error
7304,U0648,2026-06-22 17:05:00,iOS,Exitoso
15268,,2026-06-26 10:25:28,Web,Error
2784,U0361,2026-06-02 14:09:00,Web,Error
6704,U0479,2026-06-21 20:52:00,Web,Exitoso
8476,U0771,2026-06-11 23:10:00,Android,Exitoso
4994,U0285,2026-06-21 05:27:00,Web,Error
4544,U0102,2026-06-08 10:20:00,iOS,Error
15482,,2026-06-26 10:24:06,Web,Error
9588,U0986,2026-06-06 04:08:00,iOS,Exitoso
9200,U0554,2026-06-23 09:22:00,iOS,Exitoso
11790,U0807,2026-06-17 00:07:00,Android,Exitoso
5830,U0850,2026-06-10 13:29:00,Web,Exitoso
6826,U0784,2026-06-06 12:09:00,iOS,Exitoso
12482,U0512,2026-06-05 19:23:00,Android,Exitoso
8173,U0904,2026-06-20 23:52:00,iOS,Exitoso
6416,U0913,2026-06-10 04:03:00,iOS,Exitoso
15997,,2026-06-26 10:27:30,Web,Error
10760,U0626,2026-06-10 09:33:00,Web,Exitoso
13766,U0496,2026-06-08 03:10:00,iOS,Exitoso
14593,U0828,2026-06-16 07:50:00,iOS,Exitoso
8621,U0666,2026-06-24 19:41:00,iOS,Exitoso
16337,U0591,2026-06-26 10:28:09,Web,Error
3139,U0173,2026-06-18 10:18:00,iOS,Error
9550,U0683,2026-06-19 15:00:00,Android,Exitoso
1662,U0475,2026-06-19 21:42:00,Web,Error
12738,U0838,2026-06-18 00:10:00,iOS,Exitoso
14133,U0619,2026-06-08 04:20:00,iOS,Exitoso
6027,U0795,2026-06-22 03:34:00,Web,Exitoso
4862,,2026-06-22 16:47:00,Web,Error
16390,U0895,2026-06-26 10:08:33,Web,Error
11625,U0647,2026-06-08 17:28:00,Android,Exitoso
4109,U0600,2026-06-24 14:18:00,Web,Error
8401,U0479,2026-06-11 20:46:00,Android,Exitoso
14539,U0750,2026-06-22 18:01:00,iOS,Exitoso
9468,U0519,2026-06-28 14:12:00,Web,Exitoso
3988,,2026-06-02 07:34:00,Web,Error
16453,U0618,2026-06-26 10:22:06,Web,Error
9314,U0535,2026-06-15 02:02:00,Android,Exitoso
9812,U0863,2026-06-04 09:16:00,iOS,Exitoso
10020,U0896,2026-06-16 10:15:00,Android,Exitoso
5920,U0829,2026-06-02 23:52:00,Web,Exitoso
1255,U0051,2026-06-09 00:16:00,Web,Error
3471,,2026-06-23 11:16:00,Web,Error
624,U0176,2026-06-07 05:42:00,iOS,Error
8458,U0570,2026-06-07 15:47:00,Web,Exitoso
12547,U0505,2026-06-10 07:04:00,Web,Exitoso
14071,U0908,2026-06-21 23:22:00,Android,Exitoso
11999,U0565,2026-06-23 02:30:00,iOS,Exitoso
15540,,2026-06-26 10:14:57,Web,Error
10750,U0710,2026-06-13 23:31:00,iOS,Exitoso
14280,U0702,2026-06-26 23:02:00,Web,Exitoso
911,,2026-06-15 23:47:00,Web,Error
10636,U0463,2026-06-07 00:53:00,Android,Exitoso
667,U0547,2026-06-24 16:03:00,Web,Error
16302,U0748,2026-06-26 10:11:55,Web,Error
9549,U0644,2026-06-15 07:52:00,Android,Exitoso
13855,U0483,2026-06-11 16:32:00,Web,Exitoso
3790,U0266,2026-06-18 22:44:00,iOS,Error
6838,U0837,2026-06-02 09:17:00,iOS,Exitoso
10300,U0461,2026-06-12 20:38:00,iOS,Exitoso
2943,U0575,2026-06-13 19:27:00,Android,Error
13895,U0632,2026-06-17 22:01:00,Web,Exitoso
6155,U0982,2026-06-20 08:53:00,Android,Exitoso
1432,U0141,2026-06-17 14:50:00,iOS,Error
5175,U0804,2026-06-09 19:33:00,Web,Exitoso
6948,U0495,2026-06-04 04:39:00,Web,Exitoso
7295,U0770,2026-06-11 21:01:00,Android,Exitoso
3535,,2026-06-27 09:35:00,Web,Error
3408,U0098,2026-06-05 16:46:00,iOS,Error
3061,,2026-06-22 18:40:00,Web,Error
9706,U0757,2026-06-27 04:10:00,iOS,Exitoso
4562,U0156,2026-06-16 05:53:00,iOS,Error
16478,U0644,2026-06-26 10:02:54,Web,Error
14619,U0540,2026-06-21 05:05:00,Web,Exitoso
3913,U0400,2026-06-10 23:24:00,Web,Error
5806,U0648,2026-06-21 14:45:00,Android,Exitoso
7637,U0584,2026-06-16 10:28:00,Android,Exitoso
10352,U0627,2026-06-07 07:02:00,Web,Exitoso
1257,U0091,2026-06-07 14:02:00,iOS,Error
15858,,2026-06-26 10:15:28,Web,Error
14447,U0524,2026-06-20 17:41:00,iOS,Exitoso
399,U0091,2026-06-27 10:03:00,Web,Error
1109,U0421,2026-06-10 02:24:00,Android,Error
6660,U0510,2026-06-28 07:59:00,Web,Exitoso
10143,U0720,2026-06-25 22:13:00,Web,Exitoso
1958,U0894,2026-06-08 21:46:00,Web,Error
4490,,2026-06-07 02:05:00,Web,Error
13558,U0827,2026-06-08 18:58:00,Web,Exitoso
119,,2026-06-04 04:23:00,Android,Error
11873,U0509,2026-06-09 13:44:00,Android,Exitoso
11841,U0945,2026-06-03 17:24:00,iOS,Exitoso
4933,U0239,2026-06-04 19:24:00,Android,Error
12394,U0580,2026-06-18 00:46:00,Android,Exitoso
12580,U0996,2026-06-05 09:46:00,iOS,Exitoso
5271,U0889,2026-06-12 03:02:00,iOS,Exitoso
1810,,2026-06-13 18:51:00,iOS,Error
526,,2026-06-09 15:01:00,iOS,Error
15754,,2026-06-26 10:09:34,Web,Error
8676,U0924,2026-06-08 02:03:00,iOS,Exitoso
9340,U0676,2026-06-28 18:26:00,Android,Exitoso
483,U0536,2026-06-08 18:08:00,Web,Error
10737,U0863,2026-06-10 06:59:00,iOS,Exitoso
7326,U0498,2026-06-08 11:58:00,Web,Exitoso
14366,U0841,2026-06-05 01:35:00,Web,Exitoso
10541,U0919,2026-06-10 13:55:00,Web,Exitoso
3863,U0991,2026-06-10 23:19:00,Web,Error
4201,U0201,2026-06-26 04:06:00,iOS,Error
16091,,2026-06-26 10:20:06,Web,Error
1722,U0134,2026-06-02 18:55:00,Web,Error
12854,U0892,2026-06-22 18:41:00,iOS,Exitoso
16002,,2026-06-26 10:16:25,Web,Error
13840,U0497,2026-06-26 23:18:00,Android,Exitoso
7799,U0887,2026-06-28 03:35:00,Web,Exitoso
15272,,2026-06-26 10:13:23,Web,Error
15696,,2026-06-26 10:05:05,Web,Error
3944,,2026-06-07 08:48:00,Web,Error
9699,U0550,2026-06-01 22:06:00,Android,Exitoso
3938,U0400,2026-06-18 20:20:00,Web,Error
12919,U0929,2026-06-22 13:25:00,iOS,Exitoso
16154,,2026-06-26 10:17:11,Web,Error
1995,U0426,2026-06-02 05:11:00,Web,Error
652,U0004,2026-06-06 03:26:00,Web,Error
1404,U0570,2026-06-22 01:58:00,Web,Error
756,U0007,2026-06-27 11:01:00,Android,Error
12645,U0895,2026-06-11 21:09:00,iOS,Exitoso
7752,U0613,2026-06-14 14:38:00,Web,Exitoso
12802,U0928,2026-06-25 15:27:00,iOS,Exitoso
2637,U0290,2026-06-09 00:38:00,Android,Error
9947,U0692,2026-06-18 06:22:00,Android,Exitoso
9282,U0919,2026-06-22 15:17:00,iOS,Exitoso
541,U0710,2026-06-25 12:16:00,Web,Error
4339,,2026-06-28 06:32:00,Web,Error
2409,,2026-06-02 14:43:00,Web,Error
7579,U0908,2026-06-12 22:05:00,Android,Exitoso
12961,U0912,2026-06-08 04:32:00,Android,Exitoso
9960,U0671,2026-06-14 13:46:00,Web,Exitoso
12460,U0641,2026-06-10 03:58:00,iOS,Exitoso
9324,U0707,2026-06-13 19:53:00,iOS,Exitoso
97,U0034,2026-06-19 12:18:00,Android,Error
5460,U0565,2026-06-14 15:21:00,Android,Exitoso
7502,U0679,2026-06-18 09:19:00,Android,Exitoso
3459,,2026-06-04 05:21:00,Web,Error
378,,2026-06-06 06:29:00,Web,Error
1413,U0956,2026-06-10 13:45:00,Android,Error
7555,U0739,2026-06-23 15:05:00,Android,Exitoso
1572,U0847,2026-06-24 17:36:00,Web,Error
12647,U0739,2026-06-14 11:54:00,iOS,Exitoso
6801,U0868,2026-06-11 12:46:00,Android,Exitoso
10347,U0962,2026-06-21 21:57:00,iOS,Exitoso
16362,U0951,2026-06-26 10:06:55,Web,Error
6315,U0577,2026-06-26 17:51:00,Web,Exitoso
1506,,2026-06-23 12:17:00,Web,Error
2901,U0106,2026-06-15 03:28:00,Android,Error
6165,U0800,2026-06-25 22:25:00,iOS,Exitoso
550,U0425,2026-06-15 18:20:00,Web,Error
13812,U0484,2026-06-27 09:17:00,Web,Exitoso
6227,U0871,2026-06-21 04:27:00,iOS,Exitoso
14029,U0774,2026-06-27 19:00:00,Web,Exitoso
1005,U0156,2026-06-06 04:43:00,iOS,Error
15187,,2026-06-26 10:22:01,Web,Error
14383,U0586,2026-06-11 10:57:00,Android,Exitoso
16031,,2026-06-26 10:19:30,Web,Error
4747,,2026-06-07 20:26:00,Web,Error
11232,U0992,2026-06-19 17:39:00,iOS,Exitoso
13621,U0529,2026-06-16 18:35:00,iOS,Exitoso
1181,U0356,2026-06-09 04:23:00,Web,Error
2608,U0858,2026-06-11 04:13:00,Web,Error
13842,U0820,2026-06-06 04:52:00,Web,Exitoso
12707,U0795,2026-06-09 03:47:00,Web,Exitoso
1154,U0148,2026-06-22 10:15:00,Android,Error
10324,U0901,2026-06-03 02:18:00,Web,Exitoso
61,U0622,2026-06-20 06:20:00,Web,Error
4283,,2026-06-15 22:27:00,Web,Error
6909,U0747,2026-06-10 02:58:00,iOS,Exitoso
4748,U0977,2026-06-27 22:09:00,Web,Error
9303,U0796,2026-06-01 17:06:00,Web,Exitoso
11617,U0886,2026-06-16 01:21:00,Web,Exitoso
4069,U0048,2026-06-19 20:10:00,iOS,Error
2170,U0154,2026-06-25 21:32:00,Android,Error
14089,U0901,2026-06-08 22:30:00,Android,Exitoso
8326,U0882,2026-06-26 20:47:00,Android,Exitoso
879,,2026-06-20 09:36:00,Web,Error
7107,U0897,2026-06-12 08:28:00,iOS,Exitoso
14079,U0558,2026-06-16 10:47:00,Web,Exitoso
9256,U0470,2026-06-07 16:24:00,Android,Exitoso
3355,U0211,2026-06-11 14:04:00,iOS,Error
11700,U0987,2026-06-13 05:54:00,iOS,Exitoso
14111,U0926,2026-06-07 15:09:00,iOS,Exitoso
9836,U0696,2026-06-25 00:48:00,Android,Exitoso
2993,U0311,2026-06-04 05:56:00,Android,Error
784,U0229,2026-06-28 14:14:00,Android,Error
3088,,2026-06-09 21:21:00,iOS,Error
13624,U0546,2026-06-17 16:09:00,Android,Exitoso
7596,U0580,2026-06-23 17:45:00,Android,Exitoso
1905,U0247,2026-06-15 10:27:00,Web,Error
5357,U0701,2026-06-14 07:09:00,Android,Exitoso
11475,U0551,2026-06-09 12:58:00,Web,Exitoso
9758,U0762,2026-06-18 08:30:00,Android,Exitoso
11355,U0455,2026-06-09 01:08:00,Android,Exitoso
184,U0375,2026-06-16 00:27:00,Web,Error
9165,U0555,2026-06-21 18:10:00,Web,Exitoso
8533,U0908,2026-06-15 15:02:00,Web,Exitoso
11295,U0466,2026-06-21 12:28:00,Android,Exitoso
1677,U0942,2026-06-27 16:42:00,Web,Error
14321,U0591,2026-06-14 18:44:00,Web,Exitoso
4667,,2026-06-12 08:24:00,Web,Error
14464,U0860,2026-06-22 00:11:00,Android,Exitoso
15332,,2026-06-26 10:28:06,Web,Error
5716,U0711,2026-06-06 13:17:00,Android,Exitoso
11687,U0738,2026-06-20 22:53:00,iOS,Exitoso
5010,U0640,2026-06-03 08:12:00,Android,Exitoso
11986,U0587,2026-06-15 16:27:00,Android,Exitoso
187,U0953,2026-06-12 18:25:00,Web,Error
13265,U0947,2026-06-17 19:38:00,Android,Exitoso
714,U0340,2026-06-04 14:53:00,Android,Error
7898,U0489,2026-06-18 04:09:00,iOS,Exitoso
5906,U0753,2026-06-10 04:52:00,Android,Exitoso
8810,U0559,2026-06-23 09:56:00,Web,Exitoso
5910,U0888,2026-06-23 13:14:00,Web,Exitoso
10980,U0678,2026-06-16 16:10:00,Android,Exitoso
4589,,2026-06-10 04:25:00,Web,Error
3398,U0192,2026-06-02 01:48:00,iOS,Error
1263,U0725,2026-06-10 21:56:00,Android,Error
12280,U0667,2026-06-23 06:50:00,iOS,Exitoso
952,U0136,2026-06-14 16:34:00,Web,Error
2705,U0261,2026-06-28 05:45:00,Android,Error
4435,U0376,2026-06-24 11:42:00,iOS,Error
1525,,2026-06-16 22:39:00,iOS,Error
14488,U0582,2026-06-15 09:31:00,Android,Exitoso
7310,U0814,2026-06-25 03:14:00,iOS,Exitoso
5252,U0537,2026-06-27 13:23:00,iOS,Exitoso
1857,U0902,2026-06-09 22:34:00,iOS,Error
2582,U0469,2026-06-12 23:09:00,iOS,Error
9983,U0871,2026-06-23 09:07:00,iOS,Exitoso
3317,U0460,2026-06-14 03:38:00,Android,Error
15876,,2026-06-26 10:01:51,Web,Error
7120,U0980,2026-06-12 14:04:00,Web,Exitoso
2849,U0235,2026-06-19 20:23:00,iOS,Error
2416,U0332,2026-06-17 15:54:00,iOS,Error
14268,U0723,2026-06-20 14:15:00,Web,Exitoso
8517,U0818,2026-06-04 07:27:00,iOS,Exitoso
13089,U0457,2026-06-21 22:36:00,Android,Exitoso
15727,,2026-06-26 10:09:58,Web,Error
11802,U0749,2026-06-21 18:38:00,Android,Exitoso
11562,U0503,2026-06-06 08:11:00,Web,Exitoso
4745,U0425,2026-06-12 11:48:00,Android,Error
8998,U0708,2026-06-10 05:56:00,Android,Exitoso
6157,U0939,2026-06-12 12:29:00,Android,Exitoso
10744,U0770,2026-06-20 16:21:00,iOS,Exitoso
13512,U0653,2026-06-23 17:57:00,Android,Exitoso
6306,U0854,2026-06-07 00:50:00,iOS,Exitoso
8141,U0720,2026-06-24 14:25:00,Web,Exitoso
16348,U0915,2026-06-26 10:06:15,Web,Error
9985,U0689,2026-06-05 15:15:00,Android,Exitoso
8165,U0649,2026-06-16 19:48:00,Web,Exitoso
757,U0310,2026-06-05 04:24:00,Android,Error
4696,U0180,2026-06-06 11:04:00,Android,Error
6789,U0885,2026-06-12 10:50:00,Android,Exitoso
5622,U0629,2026-06-19 22:05:00,Android,Exitoso
364,U0063,2026-06-14 16:51:00,Android,Error
12680,U0613,2026-06-08 06:41:00,Android,Exitoso
14538,U0598,2026-06-17 22:25:00,Web,Exitoso
2697,U0426,2026-06-05 13:40:00,Android,Error
12817,U0600,2026-06-21 14:46:00,iOS,Exitoso
16398,U0979,2026-06-26 10:07:08,Web,Error
14592,U0719,2026-06-07 07:58:00,Android,Exitoso
3303,U0620,2026-06-11 13:12:00,iOS,Error
2189,U0208,2026-06-26 15:54:00,Web,Error
7113,U0504,2026-06-17 07:49:00,iOS,Exitoso
6122,U0799,2026-06-15 03:43:00,Android,Exitoso
3364,U0380,2026-06-05 04:13:00,Android,Error
14597,U0734,2026-06-15 12:54:00,Web,Exitoso
15871,,2026-06-26 10:06:54,Web,Error
432,U0138,2026-06-02 10:17:00,iOS,Error
8738,U0845,2026-06-23 04:03:00,iOS,Exitoso
12324,U0723,2026-06-06 15:43:00,iOS,Exitoso
5169,U0489,2026-06-02 10:04:00,iOS,Exitoso
10261,U0463,2026-06-17 09:58:00,Android,Exitoso
9912,U0954,2026-06-17 03:55:00,Web,Exitoso
13421,U0948,2026-06-02 08:57:00,Web,Exitoso
14821,U0777,2026-06-11 14:28:00,iOS,Exitoso
7642,U0953,2026-06-12 10:21:00,Android,Exitoso
6241,U0921,2026-06-28 10:47:00,iOS,Exitoso
4849,U0212,2026-06-12 02:32:00,Web,Error
2489,U0783,2026-06-18 10:26:00,Android,Error
13754,U0831,2026-06-01 19:58:00,Web,Exitoso
10490,U0976,2026-06-26 16:12:00,Web,Exitoso
1730,U0811,2026-06-17 15:11:00,iOS,Error
11152,U0561,2026-06-09 13:05:00,Android,Exitoso
13893,U0503,2026-06-03 09:17:00,Android,Exitoso
709,,2026-06-26 17:22:00,Web,Error
16388,U0626,2026-06-26 10:08:25,Web,Error
3016,U0658,2026-06-11 16:47:00,Web,Error
8305,U0593,2026-06-10 13:16:00,Web,Exitoso
12685,U0667,2026-06-10 18:24:00,iOS,Exitoso
4222,U0103,2026-06-03 00:30:00,Android,Error
306,U0847,2026-06-01 06:28:00,iOS,Error
1534,U0900,2026-06-10 19:16:00,iOS,Error
11630,U0584,2026-06-23 22:28:00,Android,Exitoso
4509,,2026-06-21 01:47:00,Web,Error
238,U0405,2026-06-22 02:46:00,Web,Error
14095,U0771,2026-06-13 18:13:00,Web,Exitoso
1521,U0247,2026-06-14 14:37:00,Web,Error
9138,U0788,2026-06-17 18:06:00,Android,Exitoso
4477,U0978,2026-06-08 07:54:00,Web,Error
9185,U0781,2026-06-12 20:59:00,Web,Exitoso
14716,U0817,2026-06-07 11:21:00,Web,Exitoso
12775,U0819,2026-06-08 07:04:00,Web,Exitoso
15827,,2026-06-26 10:24:31,Web,Error
15872,,2026-06-26 10:24:00,Web,Error
4186,U0524,2026-06-21 14:33:00,Web,Error
10610,U0784,2026-06-02 16:49:00,iOS,Exitoso
631,,2026-06-01 08:10:00,Android,Error
13007,U0985,2026-06-23 09:34:00,Android,Exitoso
4523,U0872,2026-06-14 11:45:00,Web,Error
10696,U0838,2026-06-23 14:01:00,Android,Exitoso
6699,U0749,2026-06-28 08:41:00,iOS,Exitoso
13252,U0939,2026-06-27 22:11:00,iOS,Exitoso
8384,U0996,2026-06-18 11:51:00,Android,Exitoso
12940,U0926,2026-06-25 16:53:00,Android,Exitoso
3260,U0062,2026-06-15 02:24:00,Android,Error
12698,U0854,2026-06-03 13:37:00,Android,Exitoso
4183,U0829,2026-06-09 05:00:00,Web,Error
14080,U0944,2026-06-17 05:34:00,Android,Exitoso
521,,2026-06-06 19:44:00,Web,Error
8311,U0952,2026-06-18 08:55:00,Android,Exitoso
13798,U0471,2026-06-11 08:57:00,Web,Exitoso
11706,U0969,2026-06-25 20:04:00,Android,Exitoso
6421,U0971,2026-06-12 11:38:00,iOS,Exitoso
3935,U0389,2026-06-23 17:19:00,Web,Error
14478,U0885,2026-06-04 03:56:00,iOS,Exitoso
2210,U0011,2026-06-24 19:51:00,Android,Error
10452,U0905,2026-06-08 23:57:00,Web,Exitoso
8614,U0856,2026-06-23 13:21:00,Android,Exitoso
14449,U0777,2026-06-24 20:53:00,Android,Exitoso
14346,U0574,2026-06-09 13:32:00,Android,Exitoso
11641,U0845,2026-06-05 00:56:00,Web,Exitoso
4951,U0069,2026-06-23 17:50:00,Android,Error
14119,U0893,2026-06-14 16:11:00,iOS,Exitoso
10019,U0621,2026-06-15 19:28:00,iOS,Exitoso
13445,U0653,2026-06-07 21:49:00,Android,Exitoso
5456,U0875,2026-06-21 15:48:00,iOS,Exitoso
10895,U0950,2026-06-03 10:35:00,Web,Exitoso
9613,U0523,2026-06-07 11:49:00,iOS,Exitoso
6261,U0763,2026-06-02 04:18:00,Web,Exitoso
960,U0603,2026-06-18 01:59:00,Web,Error
6647,U0731,2026-06-17 17:16:00,Android,Exitoso
6798,U0455,2026-06-14 00:34:00,Android,Exitoso
11842,U0611,2026-06-19 08:15:00,Android,Exitoso
13521,U0927,2026-06-15 10:48:00,Web,Exitoso
11817,U0698,2026-06-22 13:35:00,Web,Exitoso
5539,U0837,2026-06-03 23:24:00,Web,Exitoso
4647,,2026-06-27 00:28:00,Web,Error
7391,U0714,2026-06-10 05:25:00,Android,Exitoso
13569,U0563,2026-06-25 11:54:00,iOS,Exitoso
11496,U0753,2026-06-15 16:57:00,iOS,Exitoso
3817,,2026-06-11 07:06:00,Web,Error
3483,,2026-06-25 10:48:00,Web,Error
11806,U0566,2026-06-27 16:23:00,Web,Exitoso
4197,,2026-06-21 06:20:00,Web,Error
389,,2026-06-06 23:50:00,Web,Error
3927,U0906,2026-06-05 14:32:00,iOS,Error
768,,2026-06-06 05:53:00,iOS,Error
6431,U0860,2026-06-16 22:44:00,Web,Exitoso
14827,U0897,2026-06-06 13:35:00,iOS,Exitoso
13035,U0809,2026-06-12 11:37:00,Web,Exitoso
392,U0310,2026-06-17 13:48:00,Android,Error
129,U0298,2026-06-20 17:47:00,Web,Error
6976,U0950,2026-06-01 17:35:00,Web,Exitoso
4714,U0166,2026-06-20 10:37:00,iOS,Error
13307,U0821,2026-06-04 17:52:00,Android,Exitoso
11384,U0804,2026-06-04 06:29:00,Web,Exitoso
6164,U0629,2026-06-21 19:46:00,Android,Exitoso
12393,U0917,2026-06-09 15:06:00,iOS,Exitoso
1544,U0154,2026-06-12 22:44:00,Android,Error
4114,U0822,2026-06-21 01:03:00,iOS,Error
1782,U0335,2026-06-25 09:16:00,Web,Error
9865,U0644,2026-06-16 12:39:00,iOS,Exitoso
15295,,2026-06-26 10:20:25,Web,Error
14500,U0580,2026-06-15 14:31:00,iOS,Exitoso
230,U0230,2026-06-25 12:27:00,Web,Error
10100,U0670,2026-06-09 10:45:00,Android,Exitoso
10516,U0684,2026-06-22 12:01:00,iOS,Exitoso
11422,U0841,2026-06-16 09:59:00,Web,Exitoso
9486,U0674,2026-06-14 15:10:00,iOS,Exitoso
9241,U0531,2026-06-01 16:54:00,Web,Exitoso
16471,U0844,2026-06-26 10:19:00,Web,Error
11612,U0906,2026-06-11 18:50:00,Web,Exitoso
14284,U0721,2026-06-22 22:56:00,iOS,Exitoso
9074,U0491,2026-06-15 09:24:00,Android,Exitoso
2761,,2026-06-12 11:23:00,Android,Error
13695,U0536,2026-06-21 15:45:00,Web,Exitoso
4654,U0065,2026-06-01 11:26:00,Web,Error
11791,U0904,2026-06-25 07:49:00,Android,Exitoso
16208,,2026-06-26 10:14:48,Web,Error
962,U0960,2026-06-13 15:10:00,iOS,Error
10172,U0527,2026-06-28 15:08:00,iOS,Exitoso
6062,U0686,2026-06-13 11:02:00,iOS,Exitoso
14762,U0623,2026-06-20 18:32:00,Android,Exitoso
5410,U0504,2026-06-28 11:50:00,Android,Exitoso
10643,U0706,2026-06-02 03:42:00,Android,Exitoso
1334,U0848,2026-06-08 12:43:00,Web,Error
5603,U0980,2026-06-24 00:29:00,Android,Exitoso
13434,U0926,2026-06-07 19:23:00,iOS,Exitoso
13332,U0563,2026-06-07 10:18:00,Web,Exitoso
16204,,2026-06-26 10:04:49,Web,Error
13645,U0617,2026-06-26 02:57:00,iOS,Exitoso
16268,U0674,2026-06-26 10:10:43,Web,Error
11492,U0455,2026-06-05 20:45:00,iOS,Exitoso
1725,,2026-06-18 16:42:00,Android,Error
11582,U0652,2026-06-10 21:27:00,iOS,Exitoso
6703,U0696,2026-06-07 19:24:00,Web,Exitoso
9417,U0583,2026-06-19 15:05:00,Web,Exitoso
9134,U0775,2026-06-22 06:31:00,Android,Exitoso
10326,U0603,2026-06-10 00:17:00,iOS,Exitoso
11888,U0933,2026-06-27 16:43:00,Android,Exitoso
11417,U0960,2026-06-18 06:55:00,Web,Exitoso
1191,U0293,2026-06-01 22:33:00,Android,Error
402,U0325,2026-06-03 15:58:00,Web,Error
12468,U0557,2026-06-05 12:58:00,Android,Exitoso
14983,U0535,2026-06-16 22:22:00,iOS,Exitoso
284,,2026-06-04 16:24:00,Web,Error
3833,,2026-06-06 22:45:00,Web,Error
11472,U0944,2026-06-05 19:09:00,Web,Exitoso
12590,U0583,2026-06-11 09:55:00,Android,Exitoso
10704,U0729,2026-06-12 22:09:00,Web,Exitoso
6198,U0574,2026-06-03 21:52:00,iOS,Exitoso
1279,U0904,2026-06-02 09:03:00,Web,Error
12102,U0740,2026-06-25 22:23:00,Android,Exitoso
4505,U0008,2026-06-23 07:48:00,iOS,Error
9770,U0603,2026-06-12 01:19:00,iOS,Exitoso
15953,,2026-06-26 10:13:51,Web,Error
6433,U0823,2026-06-03 20:48:00,iOS,Exitoso
13290,U0948,2026-06-22 03:31:00,Web,Exitoso
13793,U0683,2026-06-22 00:16:00,iOS,Exitoso
3957,U0096,2026-06-09 20:15:00,iOS,Error
9524,U0593,2026-06-09 15:02:00,Android,Exitoso
15695,,2026-06-26 10:01:35,Web,Error
5352,U0764,2026-06-18 01:16:00,Android,Exitoso
14168,U0808,2026-06-09 10:13:00,Android,Exitoso
7019,U0468,2026-06-11 18:05:00,Web,Exitoso
11998,U0760,2026-06-05 11:59:00,iOS,Exitoso
16342,U0811,2026-06-26 10:14:21,Web,Error
3822,U0022,2026-06-12 01:51:00,iOS,Error
7629,U0867,2026-06-08 13:23:00,Android,Exitoso
8308,U0646,2026-06-04 21:14:00,Web,Exitoso
12995,U0469,2026-06-22 21:28:00,iOS,Exitoso
1170,U0343,2026-06-12 08:12:00,Web,Error
4758,U0806,2026-06-01 14:15:00,Web,Error
9782,U0903,2026-06-15 21:37:00,Web,Exitoso
647,U0276,2026-06-02 19:39:00,Android,Error
1352,U0238,2026-06-03 13:54:00,iOS,Error
2856,U0413,2026-06-18 22:18:00,Android,Error
2639,U0429,2026-06-02 01:37:00,iOS,Error
1623,U0389,2026-06-18 05:26:00,Android,Error
11055,U0818,2026-06-17 02:16:00,Android,Exitoso
4979,U0746,2026-06-23 10:49:00,Web,Error
9530,U0518,2026-06-10 01:19:00,Android,Exitoso
3073,U0637,2026-06-05 04:49:00,Web,Error
7747,U0864,2026-06-19 06:02:00,Android,Exitoso
6014,U0582,2026-06-02 07:48:00,iOS,Exitoso
1602,U0155,2026-06-07 04:37:00,Android,Error
2235,,2026-06-20 16:40:00,Web,Error
12301,U0943,2026-06-13 08:45:00,iOS,Exitoso
16066,,2026-06-26 10:06:27,Web,Error
4878,U0418,2026-06-11 20:25:00,Android,Error
15833,,2026-06-26 10:14:05,Web,Error
3867,U0399,2026-06-07 20:24:00,Web,Error
4738,U0657,2026-06-12 22:08:00,Web,Error
16077,,2026-06-26 10:11:31,Web,Error
7536,U0933,2026-06-08 11:15:00,iOS,Exitoso
11134,U0543,2026-06-22 02:24:00,Web,Exitoso
13964,U0532,2026-06-02 14:58:00,iOS,Exitoso
5938,U0905,2026-06-07 02:14:00,Android,Exitoso
9093,U0523,2026-06-08 09:20:00,Android,Exitoso
13023,U0649,2026-06-02 17:10:00,iOS,Exitoso
5487,U0637,2026-06-16 07:49:00,Web,Exitoso
5631,U0575,2026-06-05 19:49:00,Android,Exitoso
7115,U0582,2026-06-27 07:07:00,iOS,Exitoso
10860,U0953,2026-06-09 01:46:00,Web,Exitoso
12693,U0712,2026-06-10 04:28:00,iOS,Exitoso
7625,U0687,2026-06-06 15:04:00,Android,Exitoso
13380,U0923,2026-06-03 23:18:00,iOS,Exitoso
7329,U0503,2026-06-17 23:55:00,Android,Exitoso
4740,U0188,2026-06-13 18:07:00,Android,Error
16089,,2026-06-26 10:22:24,Web,Error
10979,U0517,2026-06-10 06:19:00,iOS,Exitoso
6466,U0838,2026-06-02 07:50:00,Android,Exitoso
13861,U0769,2026-06-26 01:43:00,Web,Exitoso
1093,U0989,2026-06-12 10:34:00,Web,Error
302,U0639,2026-06-10 12:09:00,Android,Error
9851,U0687,2026-06-25 02:37:00,iOS,Exitoso
3367,U0225,2026-06-15 10:41:00,Android,Error
2734,U0330,2026-06-23 05:31:00,Android,Error
9446,U0451,2026-06-08 10:57:00,Android,Exitoso
10570,U0680,2026-06-01 07:36:00,iOS,Exitoso
2680,U0208,2026-06-02 14:52:00,Web,Error
4514,,2026-06-12 22:48:00,Web,Error
406,U0753,2026-06-19 18:04:00,Web,Error
5038,U0981,2026-06-13 22:06:00,iOS,Exitoso
3899,U0018,2026-06-21 23:37:00,Android,Error
3690,,2026-06-08 22:58:00,Web,Error
8081,U0515,2026-06-18 06:23:00,Web,Exitoso
11301,U0609,2026-06-27 14:10:00,Android,Exitoso
14919,U0756,2026-06-03 09:03:00,Web,Exitoso
14427,U0795,2026-06-12 02:34:00,Web,Exitoso
3253,U0197,2026-06-20 10:01:00,Web,Error
16249,U0827,2026-06-26 10:09:33,Web,Error
5871,U0980,2026-06-27 15:29:00,Android,Exitoso
4669,U0088,2026-06-11 22:50:00,Android,Error
15116,,2026-06-26 10:12:24,Web,Error
10245,U0484,2026-06-06 12:52:00,Android,Exitoso
7227,U0551,2026-06-25 06:40:00,Android,Exitoso
10365,U0849,2026-06-26 10:46:00,Web,Exitoso
14548,U0992,2026-06-20 21:41:00,Android,Exitoso
5810,U0635,2026-06-07 12:27:00,iOS,Exitoso
8023,U0563,2026-06-03 14:46:00,iOS,Exitoso
9179,U0557,2026-06-24 06:09:00,iOS,Exitoso
12383,U0936,2026-06-19 18:41:00,Web,Exitoso
603,U0365,2026-06-18 16:57:00,Android,Error
10631,U0717,2026-06-10 14:59:00,Android,Exitoso
2909,U0018,2026-06-14 14:57:00,iOS,Error
8034,U0515,2026-06-07 22:17:00,Android,Exitoso
15795,,2026-06-26 10:22:23,Web,Error
7578,U0530,2026-06-07 15:30:00,Android,Exitoso
11324,U0870,2026-06-18 09:27:00,Android,Exitoso
11063,U0677,2026-06-24 03:09:00,iOS,Exitoso
13356,U0874,2026-06-19 08:07:00,Web,Exitoso
3604,U0376,2026-06-26 20:46:00,iOS,Error
2045,,2026-06-16 19:14:00,Web,Error
15358,,2026-06-26 10:03:53,Web,Error
2254,U0276,2026-06-25 10:25:00,Android,Error
1150,U0172,2026-06-13 16:35:00,Android,Error
8072,U0582,2026-06-04 05:08:00,Web,Exitoso
11957,U0844,2026-06-12 11:39:00,Android,Exitoso
5137,U0606,2026-06-22 19:07:00,Web,Exitoso
480,U0006,2026-06-02 13:20:00,iOS,Error
14013,U0790,2026-06-26 23:54:00,Android,Exitoso
13366,U0851,2026-06-10 06:17:00,Android,Exitoso
2678,U0206,2026-06-12 11:50:00,Web,Error
135,U0020,2026-06-05 05:54:00,Android,Error
11991,U0676,2026-06-24 22:39:00,iOS,Exitoso
15560,,2026-06-26 10:16:23,Web,Error
7166,U0772,2026-06-27 01:01:00,Android,Exitoso
7657,U0730,2026-06-25 11:57:00,iOS,Exitoso
211,U0055,2026-06-12 19:25:00,Web,Error
5166,U0862,2026-06-28 07:14:00,Web,Exitoso
1900,U0082,2026-06-24 15:11:00,Android,Error
5338,U0701,2026-06-04 07:46:00,Web,Exitoso
10693,U0836,2026-06-25 02:03:00,iOS,Exitoso
2786,U0338,2026-06-19 16:48:00,Web,Error
11992,U0536,2026-06-19 17:50:00,Android,Exitoso
7490,U0511,2026-06-21 07:17:00,iOS,Exitoso
1213,,2026-06-09 01:52:00,Web,Error
1228,,2026-06-18 22:01:00,Android,Error
7996,U0971,2026-06-12 07:57:00,Web,Exitoso
16298,U0575,2026-06-26 10:25:32,Web,Error
12903,U0653,2026-06-15 15:06:00,iOS,Exitoso
8941,U0869,2026-06-14 00:44:00,Android,Exitoso
14865,U0834,2026-06-16 14:56:00,Web,Exitoso
150,U0035,2026-06-19 20:06:00,Android,Error
8140,U0647,2026-06-10 05:52:00,Web,Exitoso
12447,U0659,2026-06-16 14:42:00,iOS,Exitoso
9659,U0763,2026-06-06 03:30:00,Web,Exitoso
6736,U0912,2026-06-16 06:30:00,Web,Exitoso
1308,U0785,2026-06-10 03:31:00,Web,Error
7842,U0714,2026-06-02 14:42:00,iOS,Exitoso
10328,U0952,2026-06-24 16:42:00,iOS,Exitoso
992,U0403,2026-06-08 02:25:00,iOS,Error
10535,U0934,2026-06-26 11:34:00,Android,Exitoso
6734,U0711,2026-06-26 05:12:00,Android,Exitoso
4360,U0327,2026-06-24 17:25:00,Android,Error
16134,,2026-06-26 10:02:35,Web,Error
3468,U0601,2026-06-26 14:16:00,Web,Error
5573,U0645,2026-06-11 18:43:00,Web,Exitoso
8613,U0844,2026-06-21 02:12:00,Android,Exitoso
14993,U0522,2026-06-19 04:31:00,Web,Exitoso
10603,U0826,2026-06-28 10:26:00,Web,Exitoso
8550,U0930,2026-06-10 08:55:00,iOS,Exitoso
5448,U0672,2026-06-17 03:07:00,iOS,Exitoso
3110,,2026-06-14 07:08:00,iOS,Error
1657,U0604,2026-06-07 20:01:00,Android,Error
453,,2026-06-15 20:35:00,Web,Error
16219,U0573,2026-06-26 10:01:50,Web,Error
12990,U0747,2026-06-12 18:25:00,Android,Exitoso
10082,U0451,2026-06-18 04:40:00,Android,Exitoso
12567,U0596,2026-06-20 04:04:00,Web,Exitoso
14421,U0560,2026-06-03 12:22:00,iOS,Exitoso
14267,U0682,2026-06-24 08:03:00,Web,Exitoso
6539,U0828,2026-06-16 01:26:00,Android,Exitoso
5340,U0626,2026-06-16 11:06:00,iOS,Exitoso
15463,,2026-06-26 10:15:38,Web,Error
14152,U0903,2026-06-07 07:48:00,Android,Exitoso
1679,U0599,2026-06-01 20:33:00,Android,Error
15215,,2026-06-26 10:08:29,Web,Error
6939,U0605,2026-06-24 15:08:00,Web,Exitoso
6687,U0588,2026-06-18 05:28:00,Web,Exitoso
1626,U0489,2026-06-17 05:57:00,Web,Error
14226,U0824,2026-06-02 15:40:00,Web,Exitoso
2886,U0357,2026-06-16 18:58:00,Web,Error
9196,U0805,2026-06-08 09:01:00,Web,Exitoso
15730,,2026-06-26 10:11:29,Web,Error
12346,U0960,2026-06-19 22:27:00,Android,Exitoso
10460,U0673,2026-06-18 05:57:00,iOS,Exitoso
13151,U0533,2026-06-03 13:01:00,Android,Exitoso
8892,U0487,2026-06-24 18:34:00,Android,Exitoso
2188,U0330,2026-06-14 18:03:00,Android,Error
5139,U0570,2026-06-23 12:21:00,Web,Exitoso
15004,,2026-06-26 10:04:28,Web,Error
6624,U0560,2026-06-27 07:39:00,Web,Exitoso
11770,U0691,2026-06-10 23:50:00,iOS,Exitoso
15224,,2026-06-26 10:19:00,Web,Error
11137,U0920,2026-06-17 05:18:00,iOS,Exitoso
4440,U0111,2026-06-09 14:19:00,Android,Error
14489,U0528,2026-06-08 10:19:00,Web,Exitoso
14720,U0950,2026-06-21 17:06:00,Android,Exitoso
4408,U0706,2026-06-21 20:24:00,Web,Error
13363,U0911,2026-06-24 08:41:00,Web,Exitoso
3841,,2026-06-24 06:02:00,Web,Error
16184,,2026-06-26 10:13:19,Web,Error
10314,U0637,2026-06-17 14:33:00,Android,Exitoso
9640,U0926,2026-06-10 04:21:00,Web,Exitoso
15609,,2026-06-26 10:09:20,Web,Error
12222,U0566,2026-06-25 02:34:00,Web,Exitoso
7034,U0914,2026-06-20 21:02:00,iOS,Exitoso
5454,U0900,2026-06-13 21:50:00,Web,Exitoso
2224,U0126,2026-06-21 21:34:00,iOS,Error
2607,U0183,2026-06-26 08:36:00,Android,Error
15283,,2026-06-26 10:11:48,Web,Error
14361,U0629,2026-06-16 11:00:00,Web,Exitoso
3666,U0637,2026-06-15 23:20:00,Web,Error
16489,U0802,2026-06-26 10:26:07,Web,Error
328,U0621,2026-06-07 22:10:00,Web,Error
8597,U0766,2026-06-07 02:24:00,Android,Exitoso
2763,,2026-06-24 17:15:00,Android,Error
5714,U0455,2026-06-24 19:42:00,Web,Exitoso
14989,U0825,2026-06-05 10:05:00,iOS,Exitoso
6194,U0800,2026-06-22 09:49:00,iOS,Exitoso
4671,,2026-06-18 13:19:00,Web,Error
2173,U0306,2026-06-06 10:17:00,iOS,Error
10504,U0960,2026-06-12 19:11:00,Android,Exitoso
3415,U0863,2026-06-09 00:08:00,Web,Error
15054,,2026-06-26 10:09:52,Web,Error
606,U0237,2026-06-24 06:46:00,Web,Error
14325,U0847,2026-06-15 02:30:00,Android,Exitoso
9608,U0574,2026-06-02 10:03:00,iOS,Exitoso
335,,2026-06-05 08:00:00,Android,Error
3784,U0267,2026-06-21 04:28:00,Web,Error
11709,U0599,2026-06-25 02:07:00,iOS,Exitoso
9564,U0539,2026-06-27 18:05:00,Web,Exitoso
6514,U0688,2026-06-04 06:43:00,Android,Exitoso
2256,U0966,2026-06-12 09:45:00,Web,Error
14615,U0960,2026-06-27 14:52:00,Web,Exitoso
502,U0801,2026-06-17 22:50:00,iOS,Error
1829,U0347,2026-06-24 16:05:00,iOS,Error
12046,U0887,2026-06-21 03:20:00,iOS,Exitoso
654,,2026-06-10 14:49:00,Web,Error
11891,U0596,2026-06-04 06:52:00,iOS,Exitoso
5710,U0565,2026-06-11 19:02:00,Android,Exitoso
4762,U0761,2026-06-14 07:11:00,Web,Error
13967,U0886,2026-06-10 14:30:00,Android,Exitoso
7349,U0595,2026-06-12 23:54:00,Android,Exitoso
1612,U0280,2026-06-19 20:46:00,iOS,Error
200,,2026-06-22 18:02:00,iOS,Error
4099,U0213,2026-06-07 10:22:00,iOS,Error
9950,U0709,2026-06-21 03:26:00,Web,Exitoso
11768,U0580,2026-06-26 14:35:00,Android,Exitoso
11818,U0749,2026-06-09 22:48:00,Web,Exitoso
1871,U0159,2026-06-21 05:04:00,Web,Error
2079,U0696,2026-06-09 20:01:00,Web,Error
2629,U0874,2026-06-17 04:48:00,Web,Error
2213,,2026-06-08 21:10:00,Web,Error
7985,U0578,2026-06-25 13:05:00,Android,Exitoso
11551,U0496,2026-06-09 21:40:00,Android,Exitoso
11866,U0929,2026-06-04 04:53:00,Android,Exitoso
14462,U0827,2026-06-06 18:50:00,iOS,Exitoso
12010,U0885,2026-06-25 10:41:00,Android,Exitoso
978,,2026-06-28 13:28:00,iOS,Error
3129,U0036,2026-06-18 16:26:00,Android,Error
8556,U0522,2026-06-14 13:35:00,Android,Exitoso
6783,U0830,2026-06-13 15:06:00,Android,Exitoso
1039,U0091,2026-06-26 13:28:00,Android,Error
6538,U0826,2026-06-26 18:36:00,iOS,Exitoso
8278,U0832,2026-06-04 11:16:00,iOS,Exitoso
15874,,2026-06-26 10:12:43,Web,Error
12257,U0512,2026-06-03 01:03:00,Web,Exitoso
10595,U0584,2026-06-05 06:11:00,Web,Exitoso
7919,U0639,2026-06-27 15:28:00,Web,Exitoso
12273,U0738,2026-06-12 22:34:00,Android,Exitoso
2405,U0540,2026-06-13 15:04:00,Web,Error
7909,U0683,2026-06-20 00:24:00,Web,Exitoso
10442,U0765,2026-06-24 09:30:00,iOS,Exitoso
16434,U0700,2026-06-26 10:04:30,Web,Error
10840,U0698,2026-06-15 14:55:00,iOS,Exitoso
4006,U0034,2026-06-22 17:54:00,Web,Error
5708,U0789,2026-06-03 18:51:00,Android,Exitoso
8136,U0695,2026-06-06 03:23:00,Android,Exitoso
13500,U0898,2026-06-07 14:37:00,Android,Exitoso
1967,U0350,2026-06-22 06:17:00,Web,Error
3704,U0295,2026-06-15 07:04:00,iOS,Error
10426,U0588,2026-06-12 07:52:00,Android,Exitoso
14484,U0857,2026-06-18 15:56:00,Android,Exitoso
1549,U0893,2026-06-17 12:09:00,Web,Error
7125,U0516,2026-06-01 11:58:00,Web,Exitoso
11439,U0772,2026-06-24 05:15:00,Web,Exitoso
10587,U0549,2026-06-21 07:54:00,iOS,Exitoso
6655,U0844,2026-06-16 11:47:00,iOS,Exitoso
14598,U0710,2026-06-17 19:04:00,Web,Exitoso
8078,U0618,2026-06-28 14:10:00,Web,Exitoso
9106,U0569,2026-06-11 07:48:00,Web,Exitoso
15885,,2026-06-26 10:25:00,Web,Error
131,U0104,2026-06-07 09:03:00,iOS,Error
15468,,2026-06-26 10:09:57,Web,Error
15039,,2026-06-26 10:26:09,Web,Error
1661,,2026-06-22 19:38:00,Web,Error
13325,U0715,2026-06-06 01:44:00,Web,Exitoso
12578,U0974,2026-06-25 11:18:00,Android,Exitoso
8805,U0691,2026-06-02 01:12:00,Web,Exitoso
11361,U0489,2026-06-01 19:54:00,Web,Exitoso
13845,U0807,2026-06-02 22:55:00,Android,Exitoso
12960,U0600,2026-06-03 21:49:00,Web,Exitoso
3848,U0890,2026-06-10 12:32:00,Web,Error
10638,U0818,2026-06-17 08:24:00,Web,Exitoso
10663,U0539,2026-06-20 21:34:00,Web,Exitoso
9673,U0801,2026-06-03 15:41:00,Android,Exitoso
2225,,2026-06-22 09:43:00,Web,Error
9691,U0881,2026-06-23 22:23:00,Web,Exitoso
15800,,2026-06-26 10:03:48,Web,Error
14655,U0824,2026-06-20 10:48:00,iOS,Exitoso
4510,U0588,2026-06-14 15:44:00,Web,Error
5459,U0562,2026-06-01 02:25:00,Web,Exitoso
13374,U0958,2026-06-13 06:49:00,iOS,Exitoso
1704,,2026-06-07 21:48:00,Web,Error
15477,,2026-06-26 10:09:52,Web,Error
1149,U0059,2026-06-11 08:00:00,iOS,Error
12428,U0810,2026-06-15 21:24:00,iOS,Exitoso
10509,U0505,2026-06-06 07:32:00,Android,Exitoso
14355,U0997,2026-06-21 22:32:00,iOS,Exitoso
14008,U0753,2026-06-03 10:28:00,iOS,Exitoso
891,U0438,2026-06-07 11:44:00,Web,Error
1116,U0042,2026-06-18 14:59:00,iOS,Error
6621,U0826,2026-06-08 16:33:00,Web,Exitoso
9279,U0452,2026-06-20 00:36:00,Android,Exitoso
16124,,2026-06-26 10:08:16,Web,Error
16094,,2026-06-26 10:02:08,Web,Error
9618,U0745,2026-06-15 14:51:00,Android,Exitoso
2916,U0352,2026-06-20 15:34:00,Web,Error
14338,U0526,2026-06-09 17:31:00,Android,Exitoso
1454,,2026-06-14 01:25:00,Android,Error
4625,U0026,2026-06-03 09:38:00,Web,Error
16054,,2026-06-26 10:20:10,Web,Error
6935,U0566,2026-06-27 23:09:00,Android,Exitoso
1138,,2026-06-25 16:07:00,Web,Error
13590,U0582,2026-06-25 13:37:00,iOS,Exitoso
11360,U0597,2026-06-19 14:25:00,Web,Exitoso
11515,U0844,2026-06-14 09:42:00,iOS,Exitoso
1676,,2026-06-07 05:04:00,Web,Error
4730,U0224,2026-06-20 22:28:00,Android,Error
14424,U0630,2026-06-24 10:56:00,Android,Exitoso
4528,U0710,2026-06-25 02:20:00,Web,Error
1085,U0503,2026-06-19 08:41:00,Web,Error
14956,U0494,2026-06-12 16:24:00,Web,Exitoso
2773,,2026-06-08 13:40:00,Web,Error
12550,U0633,2026-06-04 08:18:00,Android,Exitoso
9273,U0566,2026-06-07 22:17:00,Web,Exitoso
13920,U0661,2026-06-18 16:47:00,iOS,Exitoso
5216,U0538,2026-06-28 12:05:00,Web,Exitoso
12093,U0666,2026-06-20 20:48:00,Web,Exitoso
5034,U0555,2026-06-21 02:39:00,iOS,Exitoso
186,,2026-06-19 21:11:00,Web,Error
3479,U0112,2026-06-13 17:29:00,Android,Error
11900,U0656,2026-06-06 04:24:00,iOS,Exitoso
16215,U0956,2026-06-26 10:05:14,Web,Error
13248,U0569,2026-06-11 03:58:00,iOS,Exitoso
16429,U0971,2026-06-26 10:00:01,Web,Error
1691,,2026-06-21 08:35:00,Web,Error
6735,U0828,2026-06-20 09:53:00,iOS,Exitoso
10533,U0847,2026-06-20 10:37:00,Android,Exitoso
4064,U0993,2026-06-25 21:16:00,Web,Error
3274,U0199,2026-06-26 01:28:00,Web,Error
14446,U0976,2026-06-08 23:47:00,Web,Exitoso
4270,U0679,2026-06-20 03:01:00,Web,Error
11224,U0890,2026-06-10 14:24:00,Web,Exitoso
9191,U0926,2026-06-15 07:14:00,iOS,Exitoso
9170,U0698,2026-06-12 21:56:00,Android,Exitoso
4840,U0055,2026-06-14 00:01:00,iOS,Error
15034,,2026-06-26 10:12:23,Web,Error
11828,U0457,2026-06-21 22:23:00,iOS,Exitoso
6336,U0580,2026-06-06 02:13:00,Android,Exitoso
15909,,2026-06-26 10:24:13,Web,Error
11678,U0620,2026-06-28 17:42:00,Android,Exitoso
12462,U0998,2026-06-09 17:52:00,Android,Exitoso
7217,U0493,2026-06-06 23:25:00,Web,Exitoso
16352,U0967,2026-06-26 10:16:54,Web,Error
10425,U0857,2026-06-01 05:09:00,Web,Exitoso
11067,U0889,2026-06-22 22:23:00,Web,Exitoso
13152,U0711,2026-06-16 02:45:00,Web,Exitoso
3298,,2026-06-13 13:14:00,Web,Error
12759,U0513,2026-06-28 00:14:00,iOS,Exitoso
1189,U0047,2026-06-04 19:58:00,iOS,Error
8524,U0572,2026-06-02 17:13:00,Web,Exitoso
572,,2026-06-05 16:41:00,Web,Error
7268,U0932,2026-06-10 14:34:00,Web,Exitoso
12233,U0679,2026-06-03 01:55:00,iOS,Exitoso
10219,U0645,2026-06-23 04:55:00,Web,Exitoso
10566,U0708,2026-06-14 05:23:00,iOS,Exitoso
1756,U0747,2026-06-25 05:19:00,Android,Error
13343,U0921,2026-06-20 18:34:00,iOS,Exitoso
12796,U0758,2026-06-18 09:56:00,Android,Exitoso
3608,U0233,2026-06-16 02:56:00,Android,Error
11101,U0680,2026-06-26 09:21:00,Web,Exitoso
6857,U0919,2026-06-24 21:44:00,Web,Exitoso
7450,U0565,2026-06-08 11:06:00,Android,Exitoso
9776,U0609,2026-06-18 08:29:00,Web,Exitoso
3977,U0119,2026-06-01 15:55:00,Web,Error
6548,U0750,2026-06-27 01:57:00,Android,Exitoso
2010,,2026-06-26 05:33:00,Web,Error
1605,U0823,2026-06-17 11:15:00,Android,Error
6464,U0953,2026-06-15 20:46:00,Android,Exitoso
8717,U0452,2026-06-08 12:12:00,iOS,Exitoso
9033,U0674,2026-06-10 15:15:00,Android,Exitoso
15701,,2026-06-26 10:21:15,Web,Error
16294,U0996,2026-06-26 10:18:07,Web,Error
11280,U0938,2026-06-19 15:26:00,Android,Exitoso
511,,2026-06-04 22:15:00,Web,Error
13593,U0666,2026-06-27 00:47:00,iOS,Exitoso
12312,U0482,2026-06-19 04:58:00,iOS,Exitoso
1807,U0178,2026-06-22 05:20:00,Web,Error
11402,U0499,2026-06-24 16:22:00,Web,Exitoso
14723,U0760,2026-06-03 11:06:00,iOS,Exitoso
4642,U0233,2026-06-10 15:10:00,iOS,Error
7952,U0910,2026-06-15 11:44:00,Web,Exitoso
3778,U0606,2026-06-28 06:53:00,iOS,Error
5017,U0626,2026-06-16 18:59:00,Web,Exitoso
6489,U0938,2026-06-28 11:42:00,Web,Exitoso
16117,,2026-06-26 10:21:34,Web,Error
8647,U0987,2026-06-20 11:56:00,Android,Exitoso
16426,U0603,2026-06-26 10:09:18,Web,Error
7698,U0599,2026-06-26 23:51:00,Web,Exitoso
11689,U0589,2026-06-17 21:39:00,Android,Exitoso
4689,,2026-06-08 09:07:00,Web,Error
13546,U0585,2026-06-03 20:03:00,iOS,Exitoso
6631,U0763,2026-06-22 17:03:00,Web,Exitoso
4445,U0830,2026-06-21 08:36:00,Web,Error
14534,U0712,2026-06-20 16:54:00,iOS,Exitoso
448,U0582,2026-06-21 13:25:00,Android,Error
8204,U0747,2026-06-25 08:21:00,Android,Exitoso
3768,U0450,2026-06-02 06:11:00,Android,Error
6209,U0847,2026-06-17 18:41:00,iOS,Exitoso
734,U0098,2026-06-06 23:19:00,Android,Error
8822,U0824,2026-06-15 00:52:00,Web,Exitoso
12543,U0529,2026-06-25 11:40:00,iOS,Exitoso
14145,U0784,2026-06-26 10:35:00,Android,Exitoso
13044,U0774,2026-06-11 14:44:00,iOS,Exitoso
14363,U0694,2026-06-22 14:44:00,Android,Exitoso
10170,U0727,2026-06-13 21:04:00,Android,Exitoso
1316,U0111,2026-06-21 12:50:00,Android,Error
5080,U0871,2026-06-10 21:19:00,iOS,Exitoso
8361,U0847,2026-06-12 10:44:00,Web,Exitoso
7953,U0947,2026-06-19 03:05:00,Android,Exitoso
7990,U0843,2026-06-16 12:49:00,iOS,Exitoso
178,U0251,2026-06-25 05:25:00,Web,Error
14369,U0649,2026-06-24 05:14:00,iOS,Exitoso
1069,U0769,2026-06-03 01:41:00,Web,Error
14915,U0604,2026-06-21 09:23:00,Android,Exitoso
1698,U0485,2026-06-15 05:39:00,Android,Error
13087,U0500,2026-06-06 22:41:00,iOS,Exitoso
6445,U0930,2026-06-19 19:30:00,Web,Exitoso
4971,U0198,2026-06-19 08:56:00,iOS,Error
7901,U0606,2026-06-16 10:22:00,Web,Exitoso
4281,,2026-06-07 14:13:00,Web,Error
10995,U0589,2026-06-13 23:49:00,Web,Exitoso
412,,2026-06-02 21:52:00,iOS,Error
11045,U0894,2026-06-28 03:00:00,Android,Exitoso
5517,U0829,2026-06-05 12:45:00,Web,Exitoso
13095,U0599,2026-06-24 22:07:00,Web,Exitoso
13876,U0611,2026-06-23 06:10:00,iOS,Exitoso
12360,U0629,2026-06-01 13:03:00,iOS,Exitoso
232,,2026-06-23 23:06:00,Web,Error
10247,U0824,2026-06-15 19:57:00,Web,Exitoso
6105,U0456,2026-06-14 13:47:00,Android,Exitoso
2097,,2026-06-25 00:44:00,Web,Error
8314,U0697,2026-06-17 14:06:00,iOS,Exitoso
3196,,2026-06-04 01:09:00,Web,Error
14517,U0905,2026-06-14 15:22:00,iOS,Exitoso
11437,U0846,2026-06-11 14:55:00,Web,Exitoso
11902,U0551,2026-06-06 15:10:00,Android,Exitoso
3173,U0395,2026-06-28 15:43:00,Android,Error
3141,,2026-06-19 11:00:00,iOS,Error
6018,U0968,2026-06-19 14:37:00,Web,Exitoso
8571,U0794,2026-06-17 23:55:00,Android,Exitoso
7197,U0942,2026-06-16 17:47:00,Android,Exitoso
12473,U0462,2026-06-15 17:09:00,Android,Exitoso
13728,U0969,2026-06-04 04:04:00,Web,Exitoso
2595,U0975,2026-06-23 12:42:00,Web,Error
15864,,2026-06-26 10:24:15,Web,Error
1038,U0134,2026-06-04 06:22:00,Android,Error
5301,U0896,2026-06-04 04:49:00,Web,Exitoso
11980,U0531,2026-06-28 04:58:00,iOS,Exitoso
12331,U0748,2026-06-12 09:02:00,iOS,Exitoso
6372,U0620,2026-06-03 23:36:00,iOS,Exitoso
1915,U0410,2026-06-03 15:08:00,Android,Error
14246,U0556,2026-06-10 02:48:00,Android,Exitoso
8566,U0525,2026-06-04 11:30:00,Web,Exitoso
7194,U0473,2026-06-10 13:04:00,iOS,Exitoso
12916,U0960,2026-06-19 09:01:00,Android,Exitoso
11871,U0563,2026-06-14 19:03:00,iOS,Exitoso
4817,U0326,2026-06-17 11:32:00,Android,Error
15866,,2026-06-26 10:00:13,Web,Error
2169,,2026-06-14 02:04:00,Web,Error
7584,U0914,2026-06-01 17:16:00,iOS,Exitoso
14291,U0539,2026-06-15 20:23:00,Android,Exitoso
12950,U0856,2026-06-25 05:01:00,Android,Exitoso
633,,2026-06-16 12:10:00,Web,Error
881,U0292,2026-06-24 08:20:00,iOS,Error
4250,U0174,2026-06-27 12:52:00,Android,Error
2737,,2026-06-08 03:55:00,Web,Error
3649,U0617,2026-06-01 05:24:00,Web,Error
8309,U0781,2026-06-23 06:46:00,iOS,Exitoso
8870,U0826,2026-06-12 15:12:00,Web,Exitoso
658,U0207,2026-06-08 18:15:00,Android,Error
2634,U0358,2026-06-02 03:05:00,Android,Error
6430,U0937,2026-06-01 08:36:00,Web,Exitoso
1431,U0350,2026-06-08 07:19:00,iOS,Error
10211,U0938,2026-06-07 22:22:00,Web,Exitoso
13377,U0483,2026-06-20 18:38:00,Android,Exitoso
10527,U0802,2026-06-15 08:11:00,Web,Exitoso
14690,U0500,2026-06-27 19:08:00,Web,Exitoso
6265,U0864,2026-06-24 08:27:00,iOS,Exitoso
7964,U0982,2026-06-11 23:34:00,iOS,Exitoso
13019,U0849,2026-06-23 19:04:00,Web,Exitoso
1265,,2026-06-03 05:52:00,Web,Error
3402,,2026-06-06 02:04:00,Web,Error
6991,U0772,2026-06-06 22:04:00,Web,Exitoso
15088,,2026-06-26 10:03:14,Web,Error
12319,U0726,2026-06-07 10:19:00,Android,Exitoso
13006,U0859,2026-06-16 10:37:00,iOS,Exitoso
2585,,2026-06-16 18:02:00,Web,Error
12389,U0615,2026-06-07 07:52:00,Web,Exitoso
7641,U0972,2026-06-24 09:25:00,Web,Exitoso
6280,U0792,2026-06-17 13:40:00,iOS,Exitoso
14153,U0980,2026-06-21 19:40:00,iOS,Exitoso
2728,U0686,2026-06-07 17:29:00,Web,Error
9601,U0493,2026-06-14 03:42:00,Android,Exitoso
2421,U0356,2026-06-26 06:57:00,Web,Error
8723,U0651,2026-06-22 10:43:00,Android,Exitoso
3319,,2026-06-02 11:17:00,Web,Error
8883,U0803,2026-06-11 16:03:00,Android,Exitoso
13416,U0858,2026-06-21 05:05:00,Web,Exitoso
16132,,2026-06-26 10:18:23,Web,Error
13121,U0606,2026-06-23 10:53:00,Android,Exitoso
964,U0448,2026-06-01 10:23:00,iOS,Error
10707,U0586,2026-06-10 00:52:00,Android,Exitoso
13498,U0961,2026-06-22 16:28:00,iOS,Exitoso
8936,U0915,2026-06-13 19:07:00,Web,Exitoso
9407,U0968,2026-06-14 09:18:00,Web,Exitoso
16319,U0977,2026-06-26 10:02:05,Web,Error
8590,U0638,2026-06-02 14:10:00,Android,Exitoso
15644,,2026-06-26 10:17:13,Web,Error
15227,,2026-06-26 10:04:25,Web,Error
7380,U0817,2026-06-20 00:59:00,Android,Exitoso
2342,U0411,2026-06-02 03:47:00,Web,Error
1747,,2026-06-22 11:44:00,iOS,Error
11363,U0571,2026-06-11 14:01:00,Android,Exitoso
8599,U0822,2026-06-11 01:02:00,Android,Exitoso
5494,U0472,2026-06-06 03:09:00,iOS,Exitoso
13806,U0713,2026-06-17 02:49:00,Android,Exitoso
14650,U0496,2026-06-28 02:47:00,iOS,Exitoso
2467,,2026-06-25 10:43:00,iOS,Error
10074,U0599,2026-06-03 04:07:00,Web,Exitoso
7313,U0451,2026-06-18 09:28:00,iOS,Exitoso
4927,,2026-06-19 13:57:00,Web,Error
2133,U0116,2026-06-21 23:47:00,Web,Error
5143,U0873,2026-06-26 21:01:00,Android,Exitoso
735,U0128,2026-06-20 01:58:00,iOS,Error
3688,U0002,2026-06-24 15:53:00,Web,Error
16185,,2026-06-26 10:12:53,Web,Error
9317,U0803,2026-06-19 11:05:00,iOS,Exitoso
381,U0612,2026-06-21 20:28:00,Web,Error
3366,,2026-06-28 16:33:00,Web,Error
13539,U0757,2026-06-26 01:12:00,Android,Exitoso
1163,,2026-06-24 04:47:00,iOS,Error
1458,U0087,2026-06-04 13:00:00,Web,Error
13875,U0816,2026-06-17 10:00:00,Web,Exitoso
6337,U0782,2026-06-07 02:46:00,Web,Exitoso
2105,U0197,2026-06-19 21:58:00,iOS,Error
9298,U0812,2026-06-05 21:37:00,Android,Exitoso
4859,U0374,2026-06-06 04:49:00,Web,Error
2190,U0216,2026-06-08 21:10:00,iOS,Error
3443,U0155,2026-06-25 00:20:00,iOS,Error
5202,U0823,2026-06-07 16:13:00,iOS,Exitoso
16321,U0739,2026-06-26 10:02:14,Web,Error
2799,U0415,2026-06-02 05:57:00,Web,Error
12749,U0931,2026-06-14 14:58:00,Web,Exitoso
882,U0784,2026-06-19 17:52:00,Web,Error
6370,U0826,2026-06-06 00:15:00,Web,Exitoso
6617,U0486,2026-06-22 05:15:00,Android,Exitoso
13156,U0608,2026-06-20 13:59:00,Android,Exitoso
13780,U0800,2026-06-03 19:02:00,Android,Exitoso
15317,,2026-06-26 10:19:39,Web,Error
11524,U0734,2026-06-20 16:25:00,iOS,Exitoso
4199,U0342,2026-06-25 04:44:00,iOS,Error
9821,U0769,2026-06-23 11:49:00,iOS,Exitoso
5075,U0894,2026-06-14 10:02:00,Android,Exitoso
14239,U0498,2026-06-25 21:15:00,iOS,Exitoso
1367,U0197,2026-06-12 00:50:00,Web,Error
5242,U0968,2026-06-28 03:52:00,iOS,Exitoso
5789,U0683,2026-06-28 03:06:00,iOS,Exitoso
1377,U0129,2026-06-03 08:30:00,Android,Error
14243,U0956,2026-06-08 07:52:00,Android,Exitoso
6843,U0743,2026-06-01 14:28:00,Web,Exitoso
16383,U0785,2026-06-26 10:20:38,Web,Error
12721,U0980,2026-06-15 09:12:00,Android,Exitoso
11419,U0846,2026-06-22 17:49:00,iOS,Exitoso
5623,U0844,2026-06-01 09:02:00,iOS,Exitoso
2881,,2026-06-22 20:25:00,Web,Error
7805,U0780,2026-06-06 22:59:00,Android,Exitoso
851,U0027,2026-06-01 12:27:00,iOS,Error
10353,U0656,2026-06-12 05:51:00,iOS,Exitoso
5013,U0568,2026-06-16 08:35:00,iOS,Exitoso
12790,U0533,2026-06-21 18:32:00,Web,Exitoso
10432,U0760,2026-06-11 18:18:00,iOS,Exitoso
12864,U0732,2026-06-02 08:35:00,Web,Exitoso
9896,U0570,2026-06-19 15:58:00,Android,Exitoso
15667,,2026-06-26 10:09:40,Web,Error
10667,U0734,2026-06-19 06:31:00,Android,Exitoso
434,U0820,2026-06-02 11:28:00,Android,Error
13322,U0820,2026-06-16 08:33:00,iOS,Exitoso
13993,U0524,2026-06-07 04:30:00,Web,Exitoso
14228,U0923,2026-06-07 18:38:00,Android,Exitoso
7532,U0613,2026-06-11 01:40:00,Android,Exitoso
7280,U0514,2026-06-12 02:54:00,Web,Exitoso
13858,U0514,2026-06-28 01:20:00,Web,Exitoso
3432,U0481,2026-06-02 08:19:00,Android,Error
13915,U0931,2026-06-21 19:49:00,Web,Exitoso
7269,U0531,2026-06-17 20:17:00,Web,Exitoso
15552,,2026-06-26 10:12:28,Web,Error
15865,,2026-06-26 10:28:39,Web,Error
15417,,2026-06-26 10:17:13,Web,Error
1398,U0041,2026-06-26 20:40:00,Web,Error
3619,,2026-06-22 14:30:00,Web,Error
2527,U0082,2026-06-03 12:57:00,Web,Error
14480,U0739,2026-06-23 17:44:00,iOS,Exitoso
5870,U0582,2026-06-07 13:12:00,iOS,Exitoso
8519,U0581,2026-06-11 02:51:00,Web,Exitoso
5929,U0675,2026-06-01 00:19:00,Android,Exitoso
12349,U0562,2026-06-09 11:25:00,Android,Exitoso
8835,U0651,2026-06-02 18:12:00,Web,Exitoso
6256,U0645,2026-06-13 17:37:00,iOS,Exitoso
5365,U0607,2026-06-20 18:03:00,Web,Exitoso
6974,U0491,2026-06-03 09:06:00,iOS,Exitoso
11643,U0935,2026-06-16 06:42:00,Web,Exitoso
12633,U0963,2026-06-03 12:39:00,Web,Exitoso
4938,,2026-06-27 00:49:00,Web,Error
8407,U0753,2026-06-06 21:03:00,iOS,Exitoso
13680,U0734,2026-06-02 17:31:00,Android,Exitoso
917,,2026-06-22 20:28:00,Web,Error
16496,U0845,2026-06-26 10:16:33,Web,Error
902,U0643,2026-06-11 21:39:00,Web,Error
1837,U0223,2026-06-03 10:44:00,Web,Error
4428,U0283,2026-06-26 06:24:00,iOS,Error
6623,U0731,2026-06-25 20:41:00,Android,Exitoso
5218,U0981,2026-06-01 16:13:00,Android,Exitoso
3273,,2026-06-06 14:50:00,Web,Error
14769,U0714,2026-06-18 06:56:00,Web,Exitoso
13000,U0742,2026-06-06 13:27:00,iOS,Exitoso
12976,U0596,2026-06-06 17:18:00,Web,Exitoso
637,,2026-06-22 13:08:00,Web,Error
4632,U0614,2026-06-04 10:13:00,Web,Error
14503,U0655,2026-06-06 11:26:00,iOS,Exitoso
13094,U0633,2026-06-27 17:24:00,iOS,Exitoso
10970,U0624,2026-06-13 14:45:00,Web,Exitoso
4515,U0387,2026-06-27 08:19:00,Android,Error
2641,U0781,2026-06-23 14:31:00,Web,Error
15058,,2026-06-26 10:14:41,Web,Error
6744,U0853,2026-06-19 12:39:00,Web,Exitoso
745,U0021,2026-06-19 01:52:00,Android,Error
7591,U0656,2026-06-16 04:17:00,iOS,Exitoso
4624,U0280,2026-06-19 19:10:00,Web,Error
2211,,2026-06-20 05:59:00,Web,Error
12801,U0605,2026-06-01 14:04:00,iOS,Exitoso
15335,,2026-06-26 10:24:02,Web,Error
8627,U0991,2026-06-24 17:49:00,Web,Exitoso
2333,U0425,2026-06-01 10:26:00,iOS,Error
1206,,2026-06-05 17:30:00,Web,Error
15855,,2026-06-26 10:22:19,Web,Error
10569,U0856,2026-06-23 15:05:00,Web,Exitoso
10907,U0461,2026-06-03 13:20:00,Web,Exitoso
13862,U0981,2026-06-21 17:16:00,iOS,Exitoso
12025,U0850,2026-06-22 14:04:00,iOS,Exitoso
9580,U0586,2026-06-19 02:22:00,Android,Exitoso
12979,U0773,2026-06-09 13:26:00,iOS,Exitoso
9507,U0542,2026-06-09 13:43:00,Android,Exitoso
7414,U0566,2026-06-09 13:42:00,iOS,Exitoso
5589,U0578,2026-06-07 15:17:00,Android,Exitoso
9765,U0809,2026-06-06 07:34:00,Web,Exitoso
10106,U0573,2026-06-23 04:56:00,Web,Exitoso
11882,U0966,2026-06-08 13:51:00,iOS,Exitoso
2486,U0920,2026-06-11 11:08:00,Web,Error
16174,,2026-06-26 10:29:07,Web,Error
3477,U0232,2026-06-28 13:35:00,Web,Error
3301,U0683,2026-06-03 10:04:00,Web,Error
4188,U0226,2026-06-18 21:36:00,iOS,Error
16112,,2026-06-26 10:16:49,Web,Error
11181,U0922,2026-06-14 05:38:00,iOS,Exitoso
7572,U0564,2026-06-09 18:30:00,Android,Exitoso
3385,U0526,2026-06-01 00:54:00,iOS,Error
847,U0402,2026-06-06 20:35:00,Android,Error
12650,U0612,2026-06-15 05:07:00,Web,Exitoso
14170,U0724,2026-06-27 16:00:00,iOS,Exitoso
9607,U0472,2026-06-21 17:08:00,iOS,Exitoso
5300,U0819,2026-06-27 17:13:00,Web,Exitoso
11001,U0623,2026-06-28 11:23:00,iOS,Exitoso
12610,U0779,2026-06-10 19:34:00,iOS,Exitoso
10042,U0936,2026-06-21 12:48:00,Android,Exitoso
3677,,2026-06-25 11:35:00,Web,Error
12507,U0594,2026-06-13 19:34:00,iOS,Exitoso
12853,U0483,2026-06-11 07:42:00,Android,Exitoso
2597,U0970,2026-06-25 16:16:00,Web,Error
14155,U0935,2026-06-28 15:33:00,Web,Exitoso
13851,U0840,2026-06-13 09:30:00,Web,Exitoso
1410,U0392,2026-06-21 06:37:00,Android,Error
490,U0141,2026-06-12 12:44:00,Web,Error
528,,2026-06-28 10:47:00,Web,Error
7364,U0851,2026-06-04 03:08:00,Android,Exitoso
8528,U0599,2026-06-02 17:23:00,Web,Exitoso
5446,U0873,2026-06-12 05:56:00,Web,Exitoso
16305,U0683,2026-06-26 10:22:06,Web,Error
13125,U0574,2026-06-19 03:41:00,iOS,Exitoso
15405,,2026-06-26 10:10:43,Web,Error
13692,U0583,2026-06-17 06:02:00,Android,Exitoso
2337,,2026-06-12 03:39:00,iOS,Error
11146,U0486,2026-06-17 05:26:00,Android,Exitoso
10775,U0456,2026-06-24 15:17:00,Android,Exitoso
13924,U0928,2026-06-14 09:56:00,Android,Exitoso
13998,U0583,2026-06-22 20:31:00,Web,Exitoso
11688,U0914,2026-06-05 19:49:00,Web,Exitoso
3390,U0309,2026-06-03 04:53:00,iOS,Error
767,U0039,2026-06-05 05:52:00,Web,Error
6752,U0600,2026-06-28 17:20:00,iOS,Exitoso
15208,,2026-06-26 10:15:29,Web,Error
5899,U0776,2026-06-12 15:06:00,Android,Exitoso
947,U0119,2026-06-03 09:06:00,iOS,Error
4063,U0396,2026-06-26 18:31:00,Android,Error
11914,U0632,2026-06-06 20:34:00,iOS,Exitoso
16253,U0648,2026-06-26 10:03:19,Web,Error
1193,U0586,2026-06-24 10:42:00,Web,Error
14693,U0687,2026-06-28 00:28:00,iOS,Exitoso
15287,,2026-06-26 10:01:00,Web,Error
7183,U0915,2026-06-22 08:09:00,Android,Exitoso
692,U0742,2026-06-07 10:41:00,Android,Error
4995,,2026-06-26 03:40:00,Web,Error
6648,U0736,2026-06-25 10:17:00,Android,Exitoso
223,U0153,2026-06-28 07:17:00,Web,Error
15850,,2026-06-26 10:09:05,Web,Error
14070,U0626,2026-06-18 11:15:00,Web,Exitoso
10344,U0947,2026-06-24 17:30:00,Web,Exitoso
2918,,2026-06-16 15:56:00,Web,Error
7384,U0585,2026-06-08 12:52:00,Android,Exitoso
16516,U0458,2026-06-26 10:29:07,Web,Error
12999,U0534,2026-06-13 04:43:00,iOS,Exitoso
14837,U0961,2026-06-16 08:17:00,iOS,Exitoso
2487,,2026-06-17 10:07:00,Web,Error
15135,,2026-06-26 10:26:39,Web,Error
9734,U0560,2026-06-12 22:20:00,iOS,Exitoso
6874,U0753,2026-06-05 13:44:00,Web,Exitoso
2945,U0458,2026-06-15 04:13:00,iOS,Error
15209,,2026-06-26 10:07:12,Web,Error
5116,U0946,2026-06-26 08:02:00,Android,Exitoso
1518,,2026-06-09 22:28:00,Web,Error
14364,U0854,2026-06-04 19:10:00,Android,Exitoso
6451,U0700,2026-06-08 14:46:00,iOS,Exitoso
840,U0107,2026-06-18 06:37:00,Android,Error
9477,U0492,2026-06-16 05:03:00,iOS,Exitoso
2838,U0197,2026-06-06 18:40:00,iOS,Error
747,U0308,2026-06-07 16:36:00,Web,Error
15541,,2026-06-26 10:02:27,Web,Error
2587,,2026-06-04 15:22:00,Android,Error
13160,U0782,2026-06-18 10:04:00,Android,Exitoso
14943,U0876,2026-06-27 02:21:00,Android,Exitoso
4042,U0960,2026-06-17 04:25:00,Web,Error
4915,U0036,2026-06-12 09:32:00,Web,Error
7685,U0972,2026-06-14 02:02:00,Android,Exitoso
12977,U0613,2026-06-18 01:30:00,Web,Exitoso
12892,U0834,2026-06-06 05:22:00,Web,Exitoso
509,U0395,2026-06-04 08:26:00,Web,Error
11283,U0687,2026-06-13 01:17:00,iOS,Exitoso
16113,,2026-06-26 10:08:22,Web,Error
12184,U0824,2026-06-02 13:46:00,Android,Exitoso
6139,U0818,2026-06-20 01:56:00,Android,Exitoso
2514,U0034,2026-06-15 14:20:00,iOS,Error
1166,U0834,2026-06-20 10:57:00,iOS,Error
14274,U0515,2026-06-01 12:05:00,iOS,Exitoso
15173,,2026-06-26 10:20:17,Web,Error
6554,U0980,2026-06-07 01:45:00,iOS,Exitoso
6134,U0966,2026-06-13 14:04:00,Android,Exitoso
11080,U0481,2026-06-25 18:06:00,Web,Exitoso
14315,U0937,2026-06-15 12:12:00,iOS,Exitoso
540,U0129,2026-06-19 13:52:00,Web,Error
209,U0192,2026-06-14 03:17:00,iOS,Error
3759,U0120,2026-06-06 05:24:00,iOS,Error
10949,U0550,2026-06-26 06:35:00,Web,Exitoso
3824,U0940,2026-06-07 09:55:00,Web,Error
375,,2026-06-08 01:34:00,Web,Error
13071,U0685,2026-06-06 11:21:00,Android,Exitoso
16241,U0965,2026-06-26 10:19:16,Web,Error
15315,,2026-06-26 10:21:21,Web,Error
8176,U0918,2026-06-10 01:56:00,Android,Exitoso
6211,U0853,2026-06-07 01:47:00,iOS,Exitoso
5221,U0809,2026-06-03 15:38:00,Web,Exitoso
1292,U0418,2026-06-16 16:25:00,Web,Error
7288,U0815,2026-06-07 20:31:00,Android,Exitoso
15587,,2026-06-26 10:20:22,Web,Error
9266,U0761,2026-06-02 12:18:00,iOS,Exitoso
10913,U0906,2026-06-03 07:09:00,iOS,Exitoso
14044,U0846,2026-06-09 15:24:00,iOS,Exitoso
8279,U0496,2026-06-27 17:06:00,Android,Exitoso
13396,U0770,2026-06-05 15:52:00,Android,Exitoso
14401,U0605,2026-06-25 17:51:00,iOS,Exitoso
15086,,2026-06-26 10:19:58,Web,Error
8530,U0457,2026-06-14 09:01:00,Web,Exitoso
16192,,2026-06-26 10:14:13,Web,Error
5467,U0836,2026-06-15 16:37:00,Web,Exitoso
7993,U0569,2026-06-17 17:06:00,iOS,Exitoso
4623,,2026-06-26 15:19:00,Web,Error
15854,,2026-06-26 10:08:40,Web,Error
3598,U0260,2026-06-22 09:16:00,Web,Error
7171,U0491,2026-06-16 15:37:00,Web,Exitoso
611,U0267,2026-06-10 00:59:00,iOS,Error
14184,U0609,2026-06-07 14:22:00,iOS,Exitoso
2826,,2026-06-12 14:48:00,iOS,Error
1601,U0430,2026-06-22 03:26:00,Web,Error
13468,U0743,2026-06-03 03:30:00,Web,Exitoso
11588,U0489,2026-06-05 22:38:00,Android,Exitoso
6038,U0712,2026-06-19 09:13:00,iOS,Exitoso
8672,U0895,2026-06-23 10:18:00,iOS,Exitoso
9213,U0742,2026-06-18 15:45:00,Web,Exitoso
6919,U0494,2026-06-24 11:33:00,Web,Exitoso
1712,U0173,2026-06-24 18:10:00,Android,Error
15663,,2026-06-26 10:12:19,Web,Error
15449,,2026-06-26 10:27:39,Web,Error
4636,,2026-06-06 17:44:00,Web,Error
6317,U0936,2026-06-14 20:42:00,Web,Exitoso
3965,U0121,2026-06-05 01:52:00,Web,Error
6925,U0528,2026-06-17 13:40:00,Android,Exitoso
3568,U0280,2026-06-17 15:29:00,Web,Error
4700,U0142,2026-06-08 01:28:00,Android,Error
3844,,2026-06-27 01:01:00,Web,Error
10364,U0818,2026-06-01 20:20:00,Android,Exitoso
11321,U0911,2026-06-21 16:06:00,iOS,Exitoso
12212,U0977,2026-06-19 03:17:00,Web,Exitoso
11729,U0607,2026-06-20 00:38:00,Web,Exitoso
2969,U0440,2026-06-18 16:11:00,iOS,Error
2903,U0125,2026-06-09 15:00:00,Android,Error
15751,,2026-06-26 10:17:36,Web,Error
4568,U0814,2026-06-07 21:39:00,Web,Error
4068,,2026-06-11 09:01:00,Web,Error
3324,U0052,2026-06-25 15:44:00,iOS,Error
12619,U0612,2026-06-07 05:55:00,Android,Exitoso
803,U0023,2026-06-16 12:23:00,iOS,Error
4616,,2026-06-18 02:35:00,Web,Error
799,,2026-06-21 02:01:00,iOS,Error
4770,,2026-06-03 07:08:00,Web,Error
11975,U0917,2026-06-15 12:07:00,Web,Exitoso
8816,U0877,2026-06-27 02:12:00,Web,Exitoso
596,U0151,2026-06-19 02:25:00,Android,Error
14174,U0987,2026-06-20 19:22:00,Web,Exitoso
6171,U0766,2026-06-08 08:17:00,iOS,Exitoso
5572,U0927,2026-06-06 10:19:00,Android,Exitoso
3747,U0029,2026-06-26 19:54:00,iOS,Error
10079,U0895,2026-06-04 20:35:00,iOS,Exitoso
10336,U0755,2026-06-27 19:20:00,Web,Exitoso
1077,U0191,2026-06-04 05:25:00,iOS,Error
1982,U0140,2026-06-24 22:02:00,Web,Error
3600,U0210,2026-06-25 19:21:00,iOS,Error
16500,U0990,2026-06-26 10:02:46,Web,Error
2196,,2026-06-17 20:05:00,Web,Error
13551,U0810,2026-06-18 05:08:00,Web,Exitoso
2905,U0427,2026-06-15 04:58:00,Android,Error
14906,U0635,2026-06-18 00:20:00,Android,Exitoso
1908,,2026-06-27 08:28:00,Web,Error
5966,U0643,2026-06-26 21:55:00,iOS,Exitoso
6111,U0946,2026-06-23 20:36:00,Web,Exitoso
8683,U0974,2026-06-01 05:30:00,Web,Exitoso
7264,U0839,2026-06-03 10:38:00,Web,Exitoso
13352,U0517,2026-06-13 14:26:00,Android,Exitoso
2778,U0196,2026-06-14 01:20:00,Android,Error
2644,U0740,2026-06-04 21:42:00,Web,Error
7247,U0944,2026-06-06 13:47:00,Android,Exitoso
241,,2026-06-10 06:29:00,Android,Error
3886,U0319,2026-06-09 00:29:00,Web,Error
1821,U0027,2026-06-13 13:04:00,iOS,Error
11959,U0877,2026-06-26 08:09:00,iOS,Exitoso
11836,U0574,2026-06-03 02:13:00,Android,Exitoso
10727,U0850,2026-06-24 01:47:00,Web,Exitoso
15962,,2026-06-26 10:04:54,Web,Error
4815,U0720,2026-06-04 04:57:00,Web,Error
16335,U0972,2026-06-26 10:19:54,Web,Error
4341,U0865,2026-06-07 21:17:00,Web,Error
15327,,2026-06-26 10:14:25,Web,Error
4581,U0087,2026-06-27 12:49:00,Android,Error
13687,U0569,2026-06-17 14:04:00,Web,Exitoso
9436,U0755,2026-06-15 08:56:00,Android,Exitoso
6214,U0495,2026-06-16 04:35:00,Android,Exitoso
2370,U0390,2026-06-15 18:54:00,Web,Error
11680,U0937,2026-06-03 10:41:00,Web,Exitoso
12081,U0916,2026-06-04 06:08:00,Web,Exitoso
1086,,2026-06-05 15:37:00,iOS,Error
16464,U0749,2026-06-26 10:08:24,Web,Error
15436,,2026-06-26 10:23:14,Web,Error
3831,U0527,2026-06-14 23:48:00,Web,Error
10524,U0681,2026-06-07 01:52:00,Android,Exitoso
12022,U0452,2026-06-19 10:16:00,Android,Exitoso
5692,U0505,2026-06-23 01:36:00,Android,Exitoso
7142,U0823,2026-06-16 23:24:00,iOS,Exitoso
6649,U0616,2026-06-07 09:02:00,Web,Exitoso
4725,U0005,2026-06-19 19:11:00,Android,Error
12978,U0915,2026-06-02 01:31:00,Android,Exitoso
13346,U0720,2026-06-26 12:20:00,iOS,Exitoso
2315,,2026-06-14 07:48:00,Web,Error
8724,U0559,2026-06-28 15:53:00,Android,Exitoso
15741,,2026-06-26 10:12:07,Web,Error
7144,U0495,2026-06-26 08:24:00,Web,Exitoso
4280,U0421,2026-06-19 21:02:00,Android,Error
2730,U0285,2026-06-09 10:06:00,Web,Error
2060,,2026-06-05 01:58:00,Web,Error
990,,2026-06-09 03:05:00,iOS,Error
831,U0426,2026-06-08 15:53:00,Android,Error
14973,U0741,2026-06-19 14:38:00,Android,Exitoso
13608,U0539,2026-06-18 02:24:00,Android,Exitoso
3414,,2026-06-07 20:41:00,Web,Error
12980,U0678,2026-06-15 19:58:00,iOS,Exitoso
4461,,2026-06-18 12:02:00,Web,Error
10973,U0456,2026-06-15 01:10:00,Android,Exitoso
7012,U0861,2026-06-10 19:24:00,iOS,Exitoso
4044,U0046,2026-06-14 13:15:00,Web,Error
11213,U0584,2026-06-08 14:55:00,Android,Exitoso
15669,,2026-06-26 10:12:50,Web,Error
10114,U0481,2026-06-15 22:31:00,Web,Exitoso
3224,U0111,2026-06-23 23:25:00,iOS,Error
6485,U0799,2026-06-03 04:06:00,Android,Exitoso
13654,U0485,2026-06-15 15:07:00,Web,Exitoso
13514,U0689,2026-06-26 22:38:00,Web,Exitoso
9695,U0842,2026-06-17 11:44:00,Android,Exitoso
6780,U0554,2026-06-07 09:51:00,Web,Exitoso
4030,,2026-06-12 03:59:00,Web,Error
13469,U0561,2026-06-12 16:24:00,iOS,Exitoso
15577,,2026-06-26 10:09:27,Web,Error
1803,U0280,2026-06-08 16:16:00,Android,Error
12725,U0726,2026-06-12 09:07:00,iOS,Exitoso
15561,,2026-06-26 10:25:48,Web,Error
5239,U0553,2026-06-13 14:34:00,iOS,Exitoso
346,U0869,2026-06-20 00:05:00,Web,Error
14422,U0675,2026-06-11 12:43:00,Web,Exitoso
13705,U0781,2026-06-03 21:18:00,Web,Exitoso
88,,2026-06-09 05:02:00,Web,Error
5922,U0679,2026-06-02 18:56:00,iOS,Exitoso
8040,U0635,2026-06-13 01:21:00,Android,Exitoso
5794,U0732,2026-06-27 07:04:00,iOS,Exitoso
4821,U0607,2026-06-15 12:49:00,Web,Error
8427,U0690,2026-06-03 16:35:00,Android,Exitoso
5399,U0964,2026-06-20 02:48:00,Web,Exitoso
3087,U0200,2026-06-28 15:10:00,Web,Error
15892,,2026-06-26 10:08:30,Web,Error
10495,U0738,2026-06-17 21:31:00,Android,Exitoso
14959,U0524,2026-06-27 16:38:00,Android,Exitoso
10833,U0757,2026-06-15 15:08:00,Web,Exitoso
12523,U0945,2026-06-23 04:30:00,iOS,Exitoso
1322,U0158,2026-06-24 04:30:00,Web,Error
14916,U0602,2026-06-16 17:29:00,Android,Exitoso
16439,U0477,2026-06-26 10:18:40,Web,Error
4405,,2026-06-02 10:05:00,Web,Error
10951,U0849,2026-06-13 16:38:00,Android,Exitoso
3909,U0322,2026-06-09 17:04:00,Web,Error
15588,,2026-06-26 10:15:56,Web,Error
6622,U0909,2026-06-14 15:44:00,iOS,Exitoso
5578,U0733,2026-06-14 19:34:00,Android,Exitoso
15952,,2026-06-26 10:18:15,Web,Error
566,U0343,2026-06-25 13:03:00,iOS,Error
2288,U0199,2026-06-06 09:36:00,Web,Error
5057,U0643,2026-06-27 10:43:00,iOS,Exitoso
4997,U0048,2026-06-11 09:16:00,Web,Error
13451,U0969,2026-06-19 03:31:00,Android,Exitoso
16003,,2026-06-26 10:26:18,Web,Error
1406,U0099,2026-06-20 05:21:00,Android,Error
16507,U0641,2026-06-26 10:06:20,Web,Error
12101,U0897,2026-06-19 22:23:00,iOS,Exitoso
8163,U0642,2026-06-20 23:26:00,Android,Exitoso
13891,U0643,2026-06-05 12:54:00,Web,Exitoso
15266,,2026-06-26 10:15:39,Web,Error
11824,U0708,2026-06-19 20:58:00,Android,Exitoso
15214,,2026-06-26 10:13:07,Web,Error
1652,U0100,2026-06-24 22:15:00,iOS,Error
12966,U0975,2026-06-19 15:35:00,iOS,Exitoso
645,U0029,2026-06-11 09:57:00,Web,Error
2222,U0137,2026-06-02 14:38:00,Web,Error
3378,U0123,2026-06-27 08:51:00,iOS,Error
421,,2026-06-22 17:05:00,Android,Error
16379,U0882,2026-06-26 10:23:04,Web,Error
3069,,2026-06-24 11:48:00,Web,Error
14122,U0804,2026-06-23 08:34:00,Web,Exitoso
3661,U0968,2026-06-22 05:54:00,Web,Error
13761,U0615,2026-06-01 19:35:00,Web,Exitoso
3692,,2026-06-10 04:01:00,Web,Error
5504,U0891,2026-06-04 10:41:00,Web,Exitoso
15451,,2026-06-26 10:19:37,Web,Error
5779,U0980,2026-06-10 08:05:00,iOS,Exitoso
5879,U0684,2026-06-13 09:11:00,iOS,Exitoso
10607,U0959,2026-06-21 18:48:00,iOS,Exitoso
15340,,2026-06-26 10:09:44,Web,Error
2562,U0518,2026-06-19 11:56:00,Web,Error
13483,U0680,2026-06-15 19:33:00,Web,Exitoso
16047,,2026-06-26 10:14:31,Web,Error
12259,U0914,2026-06-05 23:59:00,iOS,Exitoso
10400,U0877,2026-06-18 05:44:00,Android,Exitoso
15972,,2026-06-26 10:05:42,Web,Error
4704,U0357,2026-06-04 21:19:00,Android,Error
13904,U0837,2026-06-08 10:09:00,Web,Exitoso
1818,U0445,2026-06-20 22:27:00,Android,Error
9265,U0466,2026-06-04 19:51:00,Web,Exitoso
5709,U0582,2026-06-19 08:39:00,iOS,Exitoso
8984,U0570,2026-06-23 13:18:00,Web,Exitoso
1042,U0313,2026-06-04 00:49:00,Web,Error
2812,,2026-06-11 01:54:00,Web,Error
9939,U0779,2026-06-17 00:07:00,Android,Exitoso
11605,U0871,2026-06-04 09:37:00,Android,Exitoso
15334,,2026-06-26 10:28:06,Web,Error
9028,U0662,2026-06-02 19:24:00,iOS,Exitoso
13999,U0561,2026-06-02 22:43:00,Web,Exitoso
16413,U0903,2026-06-26 10:04:25,Web,Error
14689,U0480,2026-06-22 06:44:00,Android,Exitoso
214,U0409,2026-06-20 11:39:00,iOS,Error
13925,U0832,2026-06-09 20:13:00,Android,Exitoso
6098,U0825,2026-06-28 02:07:00,Web,Exitoso
12063,U0905,2026-06-05 18:30:00,Web,Exitoso
14803,U0756,2026-06-23 10:54:00,Web,Exitoso
10932,U0531,2026-06-20 14:07:00,Web,Exitoso
9297,U0656,2026-06-14 14:17:00,iOS,Exitoso
13180,U0721,2026-06-04 10:33:00,Android,Exitoso
9059,U0586,2026-06-16 04:03:00,Web,Exitoso
8327,U0713,2026-06-11 00:50:00,Android,Exitoso
15055,,2026-06-26 10:12:50,Web,Error
15191,,2026-06-26 10:21:06,Web,Error
5064,U0824,2026-06-13 23:10:00,Web,Exitoso
8999,U0668,2026-06-28 15:50:00,iOS,Exitoso
7868,U0540,2026-06-07 16:38:00,iOS,Exitoso
12316,U0814,2026-06-13 08:01:00,iOS,Exitoso
7286,U0646,2026-06-20 08:16:00,Web,Exitoso
46,U0898,2026-06-04 20:51:00,iOS,Error
13610,U0851,2026-06-26 11:51:00,Android,Exitoso
13047,U0906,2026-06-25 04:12:00,Android,Exitoso
10191,U0570,2026-06-01 14:15:00,Web,Exitoso
6886,U0772,2026-06-28 10:04:00,iOS,Exitoso
8220,U0836,2026-06-01 23:38:00,Web,Exitoso
2946,,2026-06-15 21:10:00,Web,Error
8925,U0700,2026-06-28 00:12:00,Android,Exitoso
14479,U0523,2026-06-02 16:41:00,Web,Exitoso
9394,U0487,2026-06-19 08:22:00,Web,Exitoso
5214,U0487,2026-06-03 10:12:00,Android,Exitoso
7214,U0556,2026-06-12 21:08:00,Android,Exitoso
14680,U0849,2026-06-18 09:59:00,Android,Exitoso
3728,U0368,2026-06-04 14:14:00,iOS,Error
2798,U0041,2026-06-18 08:15:00,Web,Error
4759,U0407,2026-06-10 00:00:00,Web,Error
8187,U0706,2026-06-15 18:23:00,Web,Exitoso
6480,U0966,2026-06-02 02:07:00,Android,Exitoso
3501,,2026-06-21 07:54:00,Web,Error
2422,U0868,2026-06-19 19:13:00,Web,Error
2081,U0154,2026-06-24 03:13:00,Android,Error
7372,U0498,2026-06-22 01:08:00,Web,Exitoso
11904,U0851,2026-06-23 00:37:00,Web,Exitoso
12766,U0881,2026-06-14 06:32:00,Web,Exitoso
5503,U0561,2026-06-21 02:10:00,Android,Exitoso
11150,U0489,2026-06-26 17:39:00,Web,Exitoso
4112,U0829,2026-06-17 20:37:00,Web,Error
7867,U0833,2026-06-16 04:56:00,iOS,Exitoso
3504,U0293,2026-06-20 22:40:00,Web,Error
2795,U0420,2026-06-16 19:21:00,Web,Error
8245,U0463,2026-06-24 13:49:00,Android,Exitoso
6640,U0744,2026-06-06 03:16:00,Android,Exitoso
13941,U0786,2026-06-13 08:45:00,iOS,Exitoso
12400,U0830,2026-06-23 22:23:00,Web,Exitoso
2950,,2026-06-17 03:49:00,Web,Error
6815,U0493,2026-06-13 16:13:00,Android,Exitoso
759,U0031,2026-06-17 10:57:00,Android,Error
930,,2026-06-08 03:12:00,Web,Error
5740,U0845,2026-06-24 10:13:00,Android,Exitoso
8722,U0755,2026-06-27 02:10:00,Web,Exitoso
13487,U0503,2026-06-27 03:25:00,Web,Exitoso
16131,,2026-06-26 10:07:39,Web,Error
5452,U0672,2026-06-25 18:31:00,Android,Exitoso
3643,U0312,2026-06-24 07:21:00,iOS,Error
13656,U0972,2026-06-06 21:42:00,Android,Exitoso
3743,U0113,2026-06-21 11:48:00,Web,Error
15740,,2026-06-26 10:16:48,Web,Error
8161,U0730,2026-06-10 02:09:00,iOS,Exitoso
5406,U0472,2026-06-28 05:49:00,iOS,Exitoso
9283,U0929,2026-06-02 18:42:00,iOS,Exitoso
10026,U0871,2026-06-22 10:18:00,Android,Exitoso
4161,,2026-06-23 02:48:00,Web,Error
16189,,2026-06-26 10:02:34,Web,Error
8628,U0911,2026-06-23 02:59:00,iOS,Exitoso
13084,U0455,2026-06-27 14:39:00,iOS,Exitoso
12144,U0726,2026-06-06 18:33:00,iOS,Exitoso
505,U0010,2026-06-12 08:57:00,iOS,Error
6389,U0492,2026-06-11 01:06:00,Web,Exitoso
5440,U0919,2026-06-05 09:02:00,Android,Exitoso
4381,U0288,2026-06-13 13:08:00,iOS,Error
2555,,2026-06-17 17:59:00,Android,Error
9346,U0538,2026-06-16 12:58:00,Android,Exitoso
2983,U0112,2026-06-25 08:41:00,Android,Error
400,,2026-06-05 09:13:00,Web,Error
4286,U0962,2026-06-05 23:56:00,Web,Error
8490,U0907,2026-06-22 06:21:00,iOS,Exitoso
6877,U0708,2026-06-10 12:56:00,iOS,Exitoso
13669,U0869,2026-06-25 16:28:00,Web,Exitoso
1693,U0769,2026-06-25 07:59:00,iOS,Error
10238,U0813,2026-06-07 19:08:00,iOS,Exitoso
6729,U0811,2026-06-04 16:52:00,Web,Exitoso
10007,U0572,2026-06-21 17:26:00,Android,Exitoso
10030,U1000,2026-06-05 10:38:00,Android,Exitoso
13261,U0673,2026-06-27 09:54:00,Android,Exitoso
14269,U0842,2026-06-15 03:58:00,iOS,Exitoso
7680,U0597,2026-06-20 07:06:00,iOS,Exitoso
14508,U0670,2026-06-08 01:48:00,iOS,Exitoso
5717,U0504,2026-06-23 15:34:00,iOS,Exitoso
15280,,2026-06-26 10:25:36,Web,Error
14388,U0897,2026-06-25 21:00:00,Android,Exitoso
11503,U0641,2026-06-03 11:54:00,Android,Exitoso
8439,U0520,2026-06-24 15:32:00,Android,Exitoso
8523,U0551,2026-06-05 17:40:00,Android,Exitoso
9119,U0754,2026-06-22 06:58:00,iOS,Exitoso
11040,U0737,2026-06-11 05:38:00,Web,Exitoso
3262,U0591,2026-06-07 11:14:00,Web,Error
7941,U0738,2026-06-27 18:47:00,Android,Exitoso
15849,,2026-06-26 10:25:59,Web,Error
5978,U0883,2026-06-23 21:53:00,Web,Exitoso
15089,,2026-06-26 10:21:06,Web,Error
15545,,2026-06-26 10:21:36,Web,Error
10952,U0933,2026-06-11 03:33:00,Web,Exitoso
5306,U0900,2026-06-12 16:05:00,iOS,Exitoso
890,U0171,2026-06-15 05:33:00,iOS,Error
5041,U0725,2026-06-05 17:17:00,iOS,Exitoso
1215,,2026-06-19 02:10:00,Android,Error
2861,U0068,2026-06-18 14:30:00,Android,Error
10341,U0477,2026-06-15 20:44:00,Android,Exitoso
11518,U0484,2026-06-23 04:09:00,Web,Exitoso
7344,U0508,2026-06-19 20:24:00,iOS,Exitoso
8544,U0477,2026-06-04 12:28:00,iOS,Exitoso
1775,U0397,2026-06-19 17:05:00,iOS,Error
2792,U0202,2026-06-10 04:22:00,Android,Error
3962,U0028,2026-06-23 19:40:00,Android,Error
15145,,2026-06-26 10:01:47,Web,Error
7049,U0953,2026-06-24 12:56:00,Web,Exitoso
14320,U0819,2026-06-14 02:12:00,iOS,Exitoso
7136,U0527,2026-06-24 19:02:00,Android,Exitoso
3855,,2026-06-10 22:30:00,Web,Error
14786,U0865,2026-06-19 05:05:00,Web,Exitoso
4013,U0002,2026-06-25 04:26:00,Web,Error
10258,U0601,2026-06-20 12:45:00,Web,Exitoso
4499,U0081,2026-06-26 20:26:00,Android,Error
11660,U0846,2026-06-14 08:15:00,Android,Exitoso
5376,U0851,2026-06-04 15:28:00,Android,Exitoso
2100,U0144,2026-06-05 03:05:00,iOS,Error
13794,U0752,2026-06-22 23:31:00,Web,Exitoso
11189,U0753,2026-06-08 04:15:00,Android,Exitoso
7684,U0692,2026-06-01 16:06:00,iOS,Exitoso
14467,U0928,2026-06-12 05:59:00,Android,Exitoso
14736,U0970,2026-06-12 17:50:00,iOS,Exitoso
9654,U0812,2026-06-24 06:28:00,Web,Exitoso
4369,U0476,2026-06-18 20:51:00,Web,Error
11325,U0508,2026-06-07 23:06:00,Web,Exitoso
14425,U0502,2026-06-13 04:01:00,iOS,Exitoso
13479,U0705,2026-06-06 08:20:00,Android,Exitoso
13545,U0778,2026-06-18 08:46:00,Android,Exitoso
13382,U0637,2026-06-20 23:03:00,Android,Exitoso
5226,U0459,2026-06-07 14:53:00,iOS,Exitoso
10988,U0711,2026-06-26 01:26:00,iOS,Exitoso
3056,U0148,2026-06-14 01:38:00,Android,Error
14807,U0771,2026-06-05 18:37:00,Web,Exitoso
11933,U0800,2026-06-18 04:02:00,Android,Exitoso
15085,,2026-06-26 10:02:45,Web,Error
9779,U0487,2026-06-11 05:20:00,Android,Exitoso
3001,U0797,2026-06-27 22:49:00,Web,Error
8312,U0887,2026-06-10 02:18:00,Web,Exitoso
13184,U0612,2026-06-13 09:55:00,Android,Exitoso
4500,U0311,2026-06-27 08:55:00,iOS,Error
7378,U0999,2026-06-17 11:03:00,Web,Exitoso
10964,U0568,2026-06-21 20:22:00,Android,Exitoso
7556,U0838,2026-06-18 16:53:00,Web,Exitoso
13029,U0755,2026-06-25 08:43:00,Android,Exitoso
4701,,2026-06-04 04:13:00,Web,Error
113,U0768,2026-06-10 05:26:00,Android,Error
11093,U0729,2026-06-23 15:51:00,Web,Exitoso
6764,U0949,2026-06-14 06:11:00,iOS,Exitoso
14377,U0910,2026-06-09 04:26:00,iOS,Exitoso
2143,U0421,2026-06-21 19:22:00,Web,Error
6797,U0610,2026-06-03 21:45:00,iOS,Exitoso
9169,U0990,2026-06-12 06:45:00,Web,Exitoso
6677,U0584,2026-06-04 11:42:00,Android,Exitoso
2647,U0181,2026-06-24 21:30:00,Android,Error
1984,U0786,2026-06-06 00:04:00,Android,Error
9352,U0655,2026-06-12 02:09:00,Android,Exitoso
8123,U0451,2026-06-12 18:04:00,Android,Exitoso
4668,U0176,2026-06-22 04:48:00,Android,Error
8929,U0702,2026-06-28 17:48:00,Android,Exitoso
1202,U0360,2026-06-08 11:19:00,Android,Error
10526,U0614,2026-06-11 02:48:00,iOS,Exitoso
9551,U0923,2026-06-20 06:25:00,iOS,Exitoso
515,U0347,2026-06-03 03:55:00,iOS,Error
6878,U0592,2026-06-02 08:34:00,iOS,Exitoso
12486,U0825,2026-06-05 11:12:00,Android,Exitoso
14727,U0875,2026-06-02 13:29:00,Web,Exitoso
3548,U0676,2026-06-11 05:31:00,Web,Error
6058,U0930,2026-06-12 18:25:00,Android,Exitoso
1407,U0252,2026-06-28 01:38:00,iOS,Error
14114,U0962,2026-06-04 07:00:00,Android,Exitoso
6530,U0783,2026-06-06 15:34:00,iOS,Exitoso
9299,U0788,2026-06-17 18:22:00,Web,Exitoso
10716,U0637,2026-06-10 23:12:00,Android,Exitoso
2447,U0452,2026-06-24 13:36:00,Android,Error
7263,U0877,2026-06-10 17:39:00,Web,Exitoso
1294,U0412,2026-06-09 07:02:00,Android,Error
11442,U0588,2026-06-09 14:08:00,iOS,Exitoso
3591,U0304,2026-06-12 18:53:00,iOS,Error
11161,U0775,2026-06-02 07:48:00,Web,Exitoso
8180,U0688,2026-06-21 23:07:00,iOS,Exitoso
582,U0808,2026-06-25 10:34:00,Android,Error
3818,U0252,2026-06-10 04:13:00,Android,Error
8433,U0496,2026-06-27 15:48:00,Android,Exitoso
11593,U0539,2026-06-15 11:00:00,Web,Exitoso
3986,,2026-06-24 16:24:00,Web,Error
13655,U0635,2026-06-09 08:16:00,Android,Exitoso
8230,U0686,2026-06-21 15:04:00,Android,Exitoso
5801,U0937,2026-06-18 23:59:00,iOS,Exitoso
10709,U0889,2026-06-06 03:44:00,iOS,Exitoso
6770,U0496,2026-06-10 00:18:00,iOS,Exitoso
4278,U0331,2026-06-18 11:11:00,Web,Error
12732,U0722,2026-06-08 06:01:00,Android,Exitoso
1028,,2026-06-12 00:19:00,iOS,Error
6064,U0996,2026-06-27 00:37:00,Web,Exitoso
5267,U0591,2026-06-02 19:47:00,Web,Exitoso
6043,U0951,2026-06-26 02:54:00,Web,Exitoso
3079,U0104,2026-06-20 20:06:00,Android,Error
11659,U0562,2026-06-20 18:54:00,Android,Exitoso
7090,U0756,2026-06-20 05:39:00,Web,Exitoso
6373,U0558,2026-06-13 16:51:00,Android,Exitoso
2394,U0507,2026-06-19 21:16:00,Android,Error
4931,U0156,2026-06-24 01:15:00,Web,Error
14165,U0935,2026-06-02 12:22:00,Android,Exitoso
67,U0600,2026-06-12 00:01:00,Web,Error
14830,U0584,2026-06-14 06:46:00,iOS,Exitoso
3325,,2026-06-26 17:59:00,iOS,Error
6733,U0596,2026-06-07 07:09:00,iOS,Exitoso
5672,U0995,2026-06-06 20:36:00,iOS,Exitoso
3158,U0092,2026-06-15 08:42:00,Android,Error
684,,2026-06-11 20:15:00,iOS,Error
15555,,2026-06-26 10:00:49,Web,Error
7731,U0823,2026-06-18 18:16:00,Web,Exitoso
10902,U0463,2026-06-16 19:35:00,Web,Exitoso
15237,,2026-06-26 10:28:45,Web,Error
657,U0114,2026-06-27 00:22:00,Web,Error
14319,U0935,2026-06-21 12:07:00,Android,Exitoso
12276,U0747,2026-06-08 02:50:00,Web,Exitoso
1873,,2026-06-09 02:18:00,Web,Error
7779,U0991,2026-06-09 05:33:00,Android,Exitoso
1971,U0031,2026-06-23 04:21:00,Web,Error
2523,U0206,2026-06-03 10:13:00,Android,Error
9942,U0684,2026-06-12 09:28:00,iOS,Exitoso
8207,U0898,2026-06-16 09:45:00,Android,Exitoso
4948,U0343,2026-06-02 21:28:00,Android,Error
15524,,2026-06-26 10:22:09,Web,Error
7820,U0465,2026-06-15 08:41:00,iOS,Exitoso
4468,,2026-06-16 07:47:00,Web,Error
14568,U0845,2026-06-04 06:37:00,Android,Exitoso
9962,U0989,2026-06-20 10:27:00,Android,Exitoso
886,U0240,2026-06-11 11:24:00,Android,Error
7424,U0478,2026-06-04 11:39:00,Android,Exitoso
14348,U0897,2026-06-23 03:53:00,Web,Exitoso
16486,U0622,2026-06-26 10:09:39,Web,Error
2937,U0690,2026-06-15 13:04:00,Android,Error
6627,U0917,2026-06-05 02:12:00,iOS,Exitoso
2810,U0878,2026-06-27 22:26:00,Web,Error
5989,U0710,2026-06-15 06:14:00,iOS,Exitoso
14884,U0687,2026-06-25 22:52:00,Android,Exitoso
7521,U0729,2026-06-12 21:51:00,Android,Exitoso
15326,,2026-06-26 10:18:32,Web,Error
5733,U0848,2026-06-07 11:53:00,Web,Exitoso
11128,U0760,2026-06-02 18:26:00,Android,Exitoso
2687,,2026-06-08 09:26:00,Web,Error
2781,U0111,2026-06-01 12:50:00,Android,Error
5068,U0759,2026-06-09 09:53:00,iOS,Exitoso
12437,U0866,2026-06-20 06:35:00,iOS,Exitoso
13467,U1000,2026-06-19 05:05:00,Android,Exitoso
11316,U0875,2026-06-15 12:25:00,iOS,Exitoso
6854,U0553,2026-06-02 15:41:00,Android,Exitoso
13741,U0717,2026-06-09 03:24:00,Web,Exitoso
5793,U0991,2026-06-04 22:23:00,Android,Exitoso
14309,U0898,2026-06-15 06:38:00,Android,Exitoso
12699,U0765,2026-06-16 12:55:00,Web,Exitoso
9697,U0698,2026-06-20 12:34:00,Android,Exitoso
9066,U0533,2026-06-05 02:46:00,iOS,Exitoso
2212,U0478,2026-06-21 01:02:00,Android,Error
6303,U0480,2026-06-01 01:59:00,Android,Exitoso
8050,U0866,2026-06-11 12:44:00,Web,Exitoso
14451,U0597,2026-06-17 14:54:00,Android,Exitoso
7356,U0862,2026-06-08 17:38:00,Android,Exitoso
2622,U0121,2026-06-27 17:21:00,Android,Error
5046,U0844,2026-06-09 21:59:00,iOS,Exitoso
6361,U0860,2026-06-22 02:14:00,Android,Exitoso
9848,U0999,2026-06-05 15:01:00,iOS,Exitoso
8616,U0538,2026-06-01 20:18:00,iOS,Exitoso
9984,U0599,2026-06-10 23:29:00,Web,Exitoso
1276,,2026-06-24 04:50:00,Web,Error
5667,U0870,2026-06-17 02:52:00,iOS,Exitoso
14819,U0798,2026-06-10 23:30:00,Web,Exitoso
7663,U0653,2026-06-07 16:56:00,iOS,Exitoso
4451,U0211,2026-06-12 17:56:00,iOS,Error
13486,U0606,2026-06-18 12:03:00,Web,Exitoso
15547,,2026-06-26 10:14:57,Web,Error
9528,U0987,2026-06-17 01:37:00,iOS,Exitoso
7390,U0727,2026-06-24 03:37:00,Android,Exitoso
15775,,2026-06-26 10:12:51,Web,Error
12526,U0521,2026-06-22 01:37:00,iOS,Exitoso
15062,,2026-06-26 10:17:08,Web,Error
1965,U0313,2026-06-17 08:37:00,Web,Error
7845,U0970,2026-06-02 05:04:00,Web,Exitoso
5960,U0975,2026-06-05 08:44:00,Web,Exitoso
8445,U0659,2026-06-09 21:13:00,iOS,Exitoso
6912,U0979,2026-06-28 06:57:00,Web,Exitoso
10132,U0831,2026-06-10 10:55:00,iOS,Exitoso
7002,U0487,2026-06-28 09:22:00,Web,Exitoso
12024,U0551,2026-06-15 04:11:00,Web,Exitoso
13765,U0841,2026-06-01 12:35:00,iOS,Exitoso
8262,U0608,2026-06-26 02:07:00,Android,Exitoso
14721,U0795,2026-06-26 08:43:00,iOS,Exitoso
5030,U0762,2026-06-18 21:11:00,iOS,Exitoso
11627,U0968,2026-06-06 21:08:00,iOS,Exitoso
8171,U0988,2026-06-22 01:49:00,Android,Exitoso
7079,U0989,2026-06-23 09:01:00,iOS,Exitoso
6260,U0537,2026-06-13 19:59:00,Web,Exitoso
12907,U0719,2026-06-26 17:48:00,iOS,Exitoso
3133,U0686,2026-06-17 12:13:00,Android,Error
8813,U0588,2026-06-11 07:52:00,iOS,Exitoso
13559,U0756,2026-06-01 06:47:00,iOS,Exitoso
3721,,2026-06-01 21:58:00,Web,Error
7484,U0637,2026-06-14 03:39:00,Web,Exitoso
1076,U0749,2026-06-07 00:13:00,Web,Error
5731,U0634,2026-06-18 01:41:00,Web,Exitoso
12217,U0633,2026-06-03 22:55:00,Web,Exitoso
6444,U0712,2026-06-15 20:33:00,Web,Exitoso
14640,U0748,2026-06-16 15:38:00,Web,Exitoso
11258,U0760,2026-06-24 06:39:00,Web,Exitoso
10369,U0810,2026-06-18 11:26:00,Android,Exitoso
16463,U0788,2026-06-26 10:08:18,Web,Error
3478,U0057,2026-06-23 05:15:00,iOS,Error
264,U0930,2026-06-13 18:52:00,Web,Error
9687,U0647,2026-06-26 15:42:00,Web,Exitoso
6310,U0731,2026-06-25 08:17:00,Android,Exitoso
2874,U0509,2026-06-09 16:23:00,Web,Error
177,U0033,2026-06-14 18:59:00,Web,Error
7733,U0831,2026-06-19 07:05:00,iOS,Exitoso
6080,U0504,2026-06-05 21:07:00,Android,Exitoso
3745,U0434,2026-06-05 04:32:00,iOS,Error
7849,U0678,2026-06-25 05:59:00,iOS,Exitoso
4024,,2026-06-23 10:05:00,Web,Error
5173,U0652,2026-06-25 10:18:00,Web,Exitoso
15005,,2026-06-26 10:18:12,Web,Error
15140,,2026-06-26 10:03:47,Web,Error
7969,U0736,2026-06-16 04:24:00,iOS,Exitoso
52,,2026-06-25 01:10:00,Web,Error
59,U0387,2026-06-19 12:02:00,iOS,Error
13912,U0862,2026-06-11 02:24:00,iOS,Exitoso
6169,U0749,2026-06-13 20:13:00,iOS,Exitoso
7453,U0529,2026-06-16 19:29:00,Web,Exitoso
13847,U0516,2026-06-24 03:37:00,iOS,Exitoso
6258,U0815,2026-06-10 01:09:00,iOS,Exitoso
6443,U0652,2026-06-27 11:02:00,Android,Exitoso
13324,U0877,2026-06-22 15:13:00,Web,Exitoso
334,,2026-06-19 17:19:00,Web,Error
2875,U0473,2026-06-18 01:43:00,iOS,Error
11003,U0939,2026-06-20 16:45:00,Android,Exitoso
13188,U0564,2026-06-13 01:15:00,Android,Exitoso
7245,U0855,2026-06-02 11:43:00,Android,Exitoso
4272,U0436,2026-06-04 18:53:00,iOS,Error
11811,U0909,2026-06-22 15:44:00,Android,Exitoso
9207,U0933,2026-06-01 13:44:00,iOS,Exitoso
3551,,2026-06-19 00:37:00,Web,Error
4532,U0494,2026-06-20 03:29:00,Web,Error
454,U0920,2026-06-19 05:48:00,Web,Error
10302,U0838,2026-06-24 02:54:00,Web,Exitoso
6901,U0716,2026-06-04 13:45:00,iOS,Exitoso
5648,U0718,2026-06-16 13:55:00,iOS,Exitoso
319,U0050,2026-06-06 15:31:00,iOS,Error
7519,U0735,2026-06-18 05:47:00,iOS,Exitoso
806,U0197,2026-06-22 23:26:00,Web,Error
13472,U0563,2026-06-03 04:27:00,iOS,Exitoso
7257,U0481,2026-06-23 16:16:00,Android,Exitoso
11186,U0753,2026-06-12 23:37:00,Web,Exitoso
7569,U0461,2026-06-24 23:12:00,Android,Exitoso
5269,U0612,2026-06-02 10:08:00,Android,Exitoso
1425,U0122,2026-06-26 09:28:00,Android,Error
14299,U0564,2026-06-06 09:25:00,Android,Exitoso
6870,U0466,2026-06-01 16:40:00,iOS,Exitoso
9415,U0631,2026-06-06 01:38:00,Web,Exitoso
6610,U0489,2026-06-06 22:30:00,iOS,Exitoso
12861,U0745,2026-06-08 06:10:00,Web,Exitoso
12627,U0495,2026-06-14 05:35:00,Android,Exitoso
12413,U0895,2026-06-04 19:53:00,Android,Exitoso
7914,U0519,2026-06-11 19:40:00,Web,Exitoso
7839,U0624,2026-06-22 22:26:00,Android,Exitoso
9641,U0771,2026-06-16 16:13:00,Web,Exitoso
3040,U0125,2026-06-11 16:19:00,Web,Error
9952,U0650,2026-06-18 11:07:00,Web,Exitoso
14313,U0933,2026-06-08 14:58:00,iOS,Exitoso
6015,U0747,2026-06-14 03:13:00,Android,Exitoso
427,U0341,2026-06-22 16:29:00,Web,Error
9144,U0664,2026-06-17 02:51:00,Web,Exitoso
2162,U0260,2026-06-15 23:35:00,Android,Error
5066,U0617,2026-06-25 16:30:00,Web,Exitoso
2355,U0142,2026-06-03 18:18:00,iOS,Error
495,U0281,2026-06-05 02:26:00,Android,Error
663,U0449,2026-06-21 01:45:00,Web,Error
11845,U0483,2026-06-08 04:39:00,Web,Exitoso
14842,U0654,2026-06-28 02:33:00,Android,Exitoso
1774,U0534,2026-06-21 02:29:00,Web,Error
10161,U0910,2026-06-12 04:27:00,iOS,Exitoso
12323,U0466,2026-06-06 21:56:00,Web,Exitoso
1529,U0726,2026-06-08 12:18:00,iOS,Error
3796,,2026-06-25 23:46:00,Web,Error
13682,U0789,2026-06-04 16:35:00,Web,Exitoso
10576,U0717,2026-06-09 05:50:00,Android,Exitoso
12558,U0658,2026-06-16 03:28:00,Android,Exitoso
1740,U0431,2026-06-11 11:55:00,Android,Error
3983,,2026-06-13 18:25:00,Web,Error
13519,U0860,2026-06-02 14:11:00,Web,Exitoso
2938,U0918,2026-06-12 04:31:00,Web,Error
5986,U0815,2026-06-01 08:33:00,Android,Exitoso
2219,U0361,2026-06-02 00:58:00,iOS,Error
3911,U0111,2026-06-08 16:53:00,Web,Error
3921,,2026-06-13 06:11:00,Web,Error
15035,,2026-06-26 10:28:39,Web,Error
5418,U0913,2026-06-03 11:01:00,Android,Exitoso
8682,U0636,2026-06-23 22:28:00,Android,Exitoso
12221,U0586,2026-06-14 02:26:00,Web,Exitoso
5356,U0777,2026-06-25 07:23:00,Android,Exitoso
15595,,2026-06-26 10:29:53,Web,Error
8850,U0927,2026-06-12 02:32:00,iOS,Exitoso
3063,U0812,2026-06-23 09:50:00,Android,Error
4092,U0847,2026-06-06 13:05:00,iOS,Error
16062,,2026-06-26 10:01:33,Web,Error
15675,,2026-06-26 10:13:56,Web,Error
9453,U0807,2026-06-18 16:13:00,Web,Exitoso
15877,,2026-06-26 10:12:20,Web,Error
11286,U0922,2026-06-09 00:03:00,Android,Exitoso
2115,U0053,2026-06-28 13:54:00,Android,Error
3793,U0129,2026-06-03 22:09:00,Web,Error
11469,U0739,2026-06-16 09:37:00,Android,Exitoso
14485,U0926,2026-06-12 14:54:00,iOS,Exitoso
2774,U0928,2026-06-28 07:13:00,Web,Error
12816,U0588,2026-06-05 14:12:00,Web,Exitoso
2332,U0602,2026-06-22 00:55:00,iOS,Error
15599,,2026-06-26 10:12:53,Web,Error
2601,U0279,2026-06-08 14:11:00,iOS,Error
10418,U0880,2026-06-08 09:27:00,Android,Exitoso
1658,U0574,2026-06-17 23:10:00,Web,Error
13005,U0917,2026-06-16 09:11:00,Android,Exitoso
6519,U0921,2026-06-26 06:25:00,Web,Exitoso
5696,U0919,2026-06-16 21:31:00,Web,Exitoso
1891,U0201,2026-06-14 06:50:00,Web,Error
9847,U0712,2026-06-09 16:56:00,Web,Exitoso
2864,,2026-06-07 01:38:00,iOS,Error
781,U0191,2026-06-27 14:38:00,iOS,Error
9835,U0489,2026-06-16 08:35:00,iOS,Exitoso
10990,U0517,2026-06-24 19:06:00,Android,Exitoso
13536,U0722,2026-06-13 17:10:00,Android,Exitoso
1004,U0429,2026-06-01 16:48:00,iOS,Error
5659,U0611,2026-06-04 06:06:00,Android,Exitoso
15158,,2026-06-26 10:17:07,Web,Error
1205,U0149,2026-06-01 09:19:00,Android,Error
1102,,2026-06-11 04:07:00,Web,Error
7843,U0622,2026-06-18 15:13:00,iOS,Exitoso
11471,U0497,2026-06-09 23:00:00,iOS,Exitoso
197,U0092,2026-06-17 06:42:00,Web,Error
15288,,2026-06-26 10:16:32,Web,Error
6136,U0874,2026-06-07 17:02:00,Web,Exitoso
8435,U0707,2026-06-05 18:54:00,Web,Exitoso
15726,,2026-06-26 10:17:35,Web,Error
954,U0397,2026-06-28 06:40:00,iOS,Error
11950,U0609,2026-06-14 20:22:00,Web,Exitoso
8582,U0871,2026-06-09 09:18:00,Web,Exitoso
14125,U0927,2026-06-17 13:58:00,iOS,Exitoso
3369,U0447,2026-06-20 18:20:00,iOS,Error
6088,U0621,2026-06-08 22:15:00,Android,Exitoso
11079,U0734,2026-06-20 16:00:00,Web,Exitoso
10640,U0661,2026-06-20 03:38:00,iOS,Exitoso
13,U0037,2026-06-20 01:46:00,iOS,Error
5220,U0821,2026-06-08 15:27:00,iOS,Exitoso
7316,U0491,2026-06-09 16:05:00,Android,Exitoso
1968,U0256,2026-06-17 00:12:00,Web,Error
9083,U0904,2026-06-20 21:26:00,iOS,Exitoso
8893,U0577,2026-06-06 16:57:00,iOS,Exitoso
5023,U0868,2026-06-21 08:38:00,Web,Exitoso
9402,U0984,2026-06-26 07:12:00,Web,Exitoso
5702,U0891,2026-06-22 21:26:00,Web,Exitoso
5413,U0860,2026-06-11 18:03:00,iOS,Exitoso
829,U0126,2026-06-13 22:10:00,iOS,Error
12506,U0752,2026-06-18 21:52:00,Android,Exitoso
10301,U0827,2026-06-17 22:23:00,Android,Exitoso
636,U0423,2026-06-04 11:32:00,Web,Error
15721,,2026-06-26 10:26:14,Web,Error
16140,,2026-06-26 10:26:23,Web,Error
96,U0336,2026-06-15 07:55:00,Web,Error
12478,U0787,2026-06-23 17:35:00,Web,Exitoso
10058,U0676,2026-06-08 09:38:00,Android,Exitoso
9333,U0807,2026-06-22 15:21:00,Android,Exitoso
9793,U0702,2026-06-21 05:08:00,Android,Exitoso
4102,U0252,2026-06-26 19:44:00,iOS,Error
1282,,2026-06-25 21:42:00,iOS,Error
2623,U0309,2026-06-12 17:23:00,Android,Error
10668,U0967,2026-06-27 03:28:00,Web,Exitoso
4363,U0696,2026-06-21 05:11:00,Web,Error
11239,U0846,2026-06-10 08:23:00,iOS,Exitoso
224,,2026-06-13 05:36:00,iOS,Error
14476,U0636,2026-06-10 15:01:00,iOS,Exitoso
10321,U0781,2026-06-26 19:33:00,iOS,Exitoso
5829,U0796,2026-06-17 19:28:00,Web,Exitoso
9443,U0629,2026-06-01 14:39:00,Android,Exitoso
4415,U0338,2026-06-24 10:53:00,Android,Error
16076,,2026-06-26 10:11:31,Web,Error
542,U0285,2026-06-14 03:40:00,Web,Error
14901,U0633,2026-06-16 11:11:00,Android,Exitoso
3847,,2026-06-10 15:55:00,Web,Error
16415,U0652,2026-06-26 10:07:01,Web,Error
15369,,2026-06-26 10:20:36,Web,Error
9649,U0799,2026-06-20 07:30:00,Web,Exitoso
4205,,2026-06-26 23:48:00,Web,Error
13369,U0751,2026-06-02 01:57:00,Android,Exitoso
5618,U0476,2026-06-27 07:31:00,iOS,Exitoso
3297,,2026-06-06 05:16:00,iOS,Error
6393,U0700,2026-06-26 19:27:00,iOS,Exitoso
16129,,2026-06-26 10:21:48,Web,Error
6637,U0891,2026-06-14 14:01:00,iOS,Exitoso
11293,U0836,2026-06-04 09:47:00,Web,Exitoso
1526,,2026-06-08 15:17:00,Web,Error
16173,,2026-06-26 10:20:28,Web,Error
14772,U0857,2026-06-17 18:43:00,Android,Exitoso
2165,U0184,2026-06-28 08:33:00,Android,Error
2204,U0193,2026-06-17 17:16:00,Web,Error
5181,U0812,2026-06-16 07:48:00,iOS,Exitoso
11264,U0870,2026-06-05 11:38:00,Android,Exitoso
9505,U0796,2026-06-11 03:16:00,Web,Exitoso
2092,U0446,2026-06-27 23:26:00,Web,Error
4930,U0403,2026-06-21 05:23:00,iOS,Error
11336,U1000,2026-06-15 15:24:00,Web,Exitoso
15811,,2026-06-26 10:21:42,Web,Error
6457,U0797,2026-06-04 07:36:00,iOS,Exitoso
13874,U0887,2026-06-08 07:39:00,Web,Exitoso
6035,U0503,2026-06-08 13:52:00,Android,Exitoso
6881,U0471,2026-06-12 05:38:00,Web,Exitoso
8808,U0478,2026-06-22 16:39:00,Web,Exitoso
6943,U0502,2026-06-11 10:59:00,Web,Exitoso
641,,2026-06-23 02:00:00,Web,Error
1637,U0489,2026-06-06 22:07:00,Web,Error
5263,U0900,2026-06-13 03:58:00,Android,Exitoso
216,U0281,2026-06-05 17:31:00,Web,Error
9761,U0912,2026-06-01 17:10:00,Android,Exitoso
12414,U0626,2026-06-11 21:35:00,iOS,Exitoso
4053,U0148,2026-06-25 06:19:00,iOS,Error
11875,U0628,2026-06-24 00:42:00,Android,Exitoso
2331,,2026-06-26 20:32:00,Web,Error
9016,U0899,2026-06-21 12:52:00,Android,Exitoso
4882,,2026-06-01 21:47:00,Web,Error
6635,U0691,2026-06-01 13:08:00,Web,Exitoso
14062,U0702,2026-06-10 19:07:00,Web,Exitoso
1325,,2026-06-11 09:10:00,Android,Error
15758,,2026-06-26 10:07:11,Web,Error
8858,U0733,2026-06-14 14:38:00,Android,Exitoso
833,U0414,2026-06-09 06:44:00,iOS,Error
13709,U0542,2026-06-08 08:44:00,iOS,Exitoso
2132,U0372,2026-06-17 12:18:00,Android,Error
7048,U0529,2026-06-08 12:29:00,Android,Exitoso
6471,U0661,2026-06-07 14:33:00,iOS,Exitoso
9991,U0607,2026-06-22 20:40:00,Android,Exitoso
7722,U0862,2026-06-21 23:40:00,iOS,Exitoso
7385,U0493,2026-06-24 14:19:00,Android,Exitoso
1974,U0770,2026-06-17 01:09:00,iOS,Error
13693,U0793,2026-06-08 10:01:00,Android,Exitoso
2319,U0441,2026-06-14 22:11:00,Web,Error
13860,U0927,2026-06-02 03:49:00,iOS,Exitoso
107,U0958,2026-06-15 21:38:00,Web,Error
160,U0237,2026-06-23 06:41:00,iOS,Error
9764,U0991,2026-06-16 05:48:00,iOS,Exitoso
6978,U0771,2026-06-27 00:23:00,iOS,Exitoso
9371,U0919,2026-06-26 21:32:00,Android,Exitoso
10376,U0882,2026-06-08 06:21:00,Android,Exitoso
5817,U0844,2026-06-26 18:14:00,iOS,Exitoso
3465,,2026-06-18 20:13:00,Web,Error
1174,U0196,2026-06-27 02:58:00,Web,Error
10150,U0878,2026-06-25 10:39:00,Android,Exitoso
7974,U0471,2026-06-13 17:36:00,Android,Exitoso
15459,,2026-06-26 10:02:02,Web,Error
520,,2026-06-26 12:36:00,Android,Error
11876,U0722,2026-06-23 07:29:00,iOS,Exitoso
5096,U0908,2026-06-15 22:21:00,iOS,Exitoso
4230,,2026-06-12 00:07:00,Web,Error
2307,U0641,2026-06-15 17:56:00,Web,Error
14498,U0487,2026-06-26 05:08:00,Web,Exitoso
413,,2026-06-24 22:47:00,iOS,Error
13670,U0686,2026-06-15 06:39:00,Android,Exitoso
9855,U0968,2026-06-24 02:38:00,iOS,Exitoso
14741,U0613,2026-06-06 11:59:00,Web,Exitoso
15211,,2026-06-26 10:15:24,Web,Error
7101,U0505,2026-06-06 11:24:00,Android,Exitoso
4858,U0812,2026-06-15 20:33:00,Web,Error
2878,U0386,2026-06-19 11:01:00,Android,Error
8888,U0860,2026-06-04 02:36:00,Android,Exitoso
5156,U0517,2026-06-01 00:15:00,Web,Exitoso
8079,U0937,2026-06-08 12:20:00,Web,Exitoso
12041,U0623,2026-06-09 19:51:00,Web,Exitoso
5524,U0993,2026-06-17 02:59:00,Android,Exitoso
3621,U0289,2026-06-17 02:56:00,Android,Error
805,,2026-06-18 18:46:00,Web,Error
9873,U0621,2026-06-08 00:32:00,iOS,Exitoso
7495,U0738,2026-06-04 08:11:00,Android,Exitoso
320,U0420,2026-06-16 23:41:00,Web,Error
3185,U0396,2026-06-04 04:53:00,iOS,Error
2048,,2026-06-25 12:06:00,Web,Error
5453,U0938,2026-06-21 05:12:00,iOS,Exitoso
4401,,2026-06-02 18:55:00,Web,Error
10900,U0770,2026-06-15 06:50:00,Web,Exitoso
12606,U0677,2026-06-17 23:32:00,Web,Exitoso
4169,U0413,2026-06-22 08:42:00,Android,Error
8518,U0536,2026-06-17 01:40:00,iOS,Exitoso
11731,U0754,2026-06-28 17:02:00,Web,Exitoso
120,U0260,2026-06-18 09:16:00,Android,Error
14396,U0480,2026-06-14 03:30:00,Android,Exitoso
5326,U0633,2026-06-09 15:51:00,Android,Exitoso
10847,U0465,2026-06-27 23:46:00,Web,Exitoso
5158,U0945,2026-06-13 19:19:00,Android,Exitoso
5895,U0666,2026-06-18 16:36:00,iOS,Exitoso
3802,U0978,2026-06-04 17:19:00,Web,Error
708,,2026-06-27 01:14:00,Web,Error
68,U0312,2026-06-07 06:44:00,Web,Error
12536,U0972,2026-06-18 16:29:00,Android,Exitoso
14921,U0983,2026-06-24 15:46:00,Web,Exitoso
1384,U0102,2026-06-02 15:37:00,iOS,Error
229,U0823,2026-06-20 10:21:00,Web,Error
138,,2026-06-17 16:33:00,Web,Error
3628,U0278,2026-06-14 13:25:00,iOS,Error
10235,U0453,2026-06-22 16:50:00,Web,Exitoso
1147,U0144,2026-06-01 16:30:00,Web,Error
11351,U0759,2026-06-01 07:24:00,iOS,Exitoso
12553,U0700,2026-06-11 17:34:00,iOS,Exitoso
14610,U0993,2026-06-03 13:50:00,Web,Exitoso
10254,U0857,2026-06-13 07:51:00,iOS,Exitoso
15404,,2026-06-26 10:18:23,Web,Error
3689,,2026-06-23 06:47:00,Web,Error
13104,U0565,2026-06-16 03:41:00,Web,Exitoso
9820,U0806,2026-06-27 23:44:00,Web,Exitoso
15801,,2026-06-26 10:03:46,Web,Error
16357,U0800,2026-06-26 10:07:22,Web,Error
4160,,2026-06-20 00:17:00,Web,Error
6216,U0851,2026-06-24 23:58:00,iOS,Exitoso
492,,2026-06-05 13:30:00,iOS,Error
15265,,2026-06-26 10:16:37,Web,Error
14,U0294,2026-06-23 18:25:00,Android,Error
1620,U0364,2026-06-20 17:09:00,Android,Error
4525,,2026-06-13 15:59:00,Web,Error
8686,U0726,2026-06-19 18:17:00,Android,Exitoso
2290,,2026-06-21 16:22:00,Web,Error
8101,U0735,2026-06-28 10:03:00,Web,Exitoso
11249,U0466,2026-06-11 13:00:00,Web,Exitoso
8915,U0868,2026-06-07 20:33:00,Web,Exitoso
13239,U0738,2026-06-19 15:21:00,Android,Exitoso
9783,U0931,2026-06-17 04:33:00,Android,Exitoso
1727,U0448,2026-06-21 11:38:00,Android,Error
15078,,2026-06-26 10:20:48,Web,Error
16226,U0902,2026-06-26 10:25:31,Web,Error
1363,,2026-06-21 08:41:00,Web,Error
1397,U0996,2026-06-23 23:00:00,Web,Error
10928,U0457,2026-06-05 16:49:00,iOS,Exitoso
9325,U0681,2026-06-27 01:57:00,iOS,Exitoso
8393,U0811,2026-06-08 14:21:00,iOS,Exitoso
8584,U0714,2026-06-08 14:25:00,Android,Exitoso
9359,U0960,2026-06-28 14:41:00,Android,Exitoso
4083,,2026-06-08 19:49:00,Web,Error
7703,U0872,2026-06-08 20:34:00,Android,Exitoso
554,U0459,2026-06-13 04:24:00,iOS,Error
10313,U0891,2026-06-02 19:59:00,Android,Exitoso
16221,U0973,2026-06-26 10:19:16,Web,Error
12941,U0813,2026-06-05 21:15:00,Android,Exitoso
11698,U0717,2026-06-12 13:39:00,Web,Exitoso
5905,U0656,2026-06-22 16:43:00,Web,Exitoso
13959,U0672,2026-06-28 00:19:00,Android,Exitoso
13530,U0514,2026-06-13 15:08:00,iOS,Exitoso
8026,U0528,2026-06-28 08:59:00,Web,Exitoso
12209,U0820,2026-06-25 23:29:00,Web,Exitoso
11356,U0693,2026-06-05 18:13:00,Android,Exitoso
15656,,2026-06-26 10:03:34,Web,Error
2563,U0404,2026-06-11 03:56:00,iOS,Error
12382,U0570,2026-06-03 05:50:00,Android,Exitoso
15249,,2026-06-26 10:11:09,Web,Error
1542,,2026-06-18 18:09:00,Web,Error
16229,U0471,2026-06-26 10:13:28,Web,Error
1433,U0012,2026-06-26 21:50:00,Web,Error
14053,U0889,2026-06-01 03:42:00,Android,Exitoso
7241,U0552,2026-06-07 16:05:00,Web,Exitoso
15615,,2026-06-26 10:12:16,Web,Error
3727,U0050,2026-06-03 17:54:00,Web,Error
14700,U0999,2026-06-01 02:39:00,Android,Exitoso
13450,U0907,2026-06-09 01:24:00,Android,Exitoso
13142,U0774,2026-06-21 14:32:00,iOS,Exitoso
13288,U0885,2026-06-11 12:56:00,Android,Exitoso
1606,U0379,2026-06-28 18:11:00,iOS,Error
15407,,2026-06-26 10:27:00,Web,Error
813,U0326,2026-06-18 16:47:00,Web,Error
16168,,2026-06-26 10:07:57,Web,Error
2088,,2026-06-19 22:03:00,iOS,Error
9425,U0742,2026-06-28 09:53:00,iOS,Exitoso
4723,U0813,2026-06-21 23:06:00,Web,Error
5367,U0463,2026-06-16 17:55:00,iOS,Exitoso
5558,U0495,2026-06-10 17:24:00,iOS,Exitoso
2684,U0517,2026-06-13 03:57:00,iOS,Error
11429,U0543,2026-06-05 23:46:00,Web,Exitoso
1956,U0072,2026-06-11 07:00:00,iOS,Error
2902,,2026-06-27 06:32:00,Web,Error
8699,U0653,2026-06-04 13:17:00,iOS,Exitoso
8195,U0735,2026-06-07 06:10:00,iOS,Exitoso
4586,U0429,2026-06-24 08:35:00,iOS,Error
304,,2026-06-10 17:37:00,Web,Error
3926,U0317,2026-06-05 07:49:00,Web,Error
15257,,2026-06-26 10:02:38,Web,Error
6516,U0660,2026-06-16 19:47:00,Web,Exitoso
10283,U0888,2026-06-28 12:53:00,Android,Exitoso
15603,,2026-06-26 10:12:37,Web,Error
9156,U0537,2026-06-24 06:30:00,Web,Exitoso
5327,U0862,2026-06-22 17:51:00,Android,Exitoso
7042,U0906,2026-06-04 16:01:00,iOS,Exitoso
2840,,2026-06-17 00:32:00,Web,Error
14256,U0487,2026-06-08 19:12:00,Web,Exitoso
65,U0122,2026-06-02 02:14:00,iOS,Error
2529,U0572,2026-06-08 18:18:00,Web,Error
8866,U0962,2026-06-04 12:27:00,Android,Exitoso
15645,,2026-06-26 10:24:40,Web,Error
14288,U0919,2026-06-26 04:13:00,Android,Exitoso
5105,U0492,2026-06-03 22:27:00,Web,Exitoso
2721,U0571,2026-06-11 23:00:00,Web,Error
9189,U0774,2026-06-04 09:49:00,iOS,Exitoso
6206,U0510,2026-06-16 16:32:00,Android,Exitoso
12577,U0520,2026-06-23 16:15:00,iOS,Exitoso
12862,U0512,2026-06-04 14:41:00,iOS,Exitoso
9080,U0685,2026-06-11 07:31:00,Web,Exitoso
13004,U0523,2026-06-15 01:25:00,Android,Exitoso
9633,U0781,2026-06-13 05:33:00,iOS,Exitoso
1842,U0939,2026-06-10 20:25:00,Web,Error
5394,U0501,2026-06-06 13:15:00,Web,Exitoso
6523,U0818,2026-06-21 01:48:00,iOS,Exitoso
123,U0131,2026-06-12 05:11:00,iOS,Error
12176,U0956,2026-06-09 15:18:00,Android,Exitoso
3419,U0090,2026-06-12 01:09:00,iOS,Error
15584,,2026-06-26 10:01:16,Web,Error
4394,U0406,2026-06-11 11:28:00,Android,Error
13217,U0567,2026-06-01 10:03:00,Web,Exitoso
11235,U0699,2026-06-27 02:25:00,Android,Exitoso
11346,U0776,2026-06-08 20:17:00,iOS,Exitoso
7112,U0963,2026-06-04 20:07:00,Android,Exitoso
3670,U0078,2026-06-26 00:48:00,iOS,Error
5825,U0599,2026-06-24 01:06:00,iOS,Exitoso
10519,U0619,2026-06-13 21:28:00,iOS,Exitoso
11779,U0947,2026-06-13 13:29:00,Android,Exitoso
8494,U0468,2026-06-17 21:59:00,Android,Exitoso
14742,U0647,2026-06-18 23:00:00,iOS,Exitoso
13922,U0957,2026-06-28 00:23:00,Android,Exitoso
1126,U0228,2026-06-22 16:07:00,Web,Error
13422,U0458,2026-06-24 11:37:00,Android,Exitoso
14287,U0717,2026-06-23 11:00:00,Web,Exitoso
5607,U0975,2026-06-02 23:19:00,Android,Exitoso
2432,U0333,2026-06-22 04:09:00,iOS,Error
15576,,2026-06-26 10:18:28,Web,Error
7416,U0733,2026-06-05 04:16:00,iOS,Exitoso
4614,U0359,2026-06-23 03:45:00,Web,Error
14970,U0847,2026-06-14 17:46:00,Android,Exitoso
459,U0831,2026-06-13 13:19:00,Web,Error
4431,,2026-06-21 13:57:00,Web,Error
14135,U0613,2026-06-14 13:33:00,Android,Exitoso
15638,,2026-06-26 10:10:28,Web,Error
15195,,2026-06-26 10:15:23,Web,Error
6311,U0757,2026-06-28 14:36:00,Android,Exitoso
4916,U0317,2026-06-23 10:56:00,Web,Error
5894,U0641,2026-06-13 17:39:00,iOS,Exitoso
5359,U0746,2026-06-02 13:30:00,Android,Exitoso
15106,,2026-06-26 10:19:26,Web,Error
2759,U0551,2026-06-19 15:35:00,iOS,Error
1640,U0101,2026-06-16 08:17:00,Android,Error
16161,,2026-06-26 10:16:16,Web,Error
9877,U0747,2026-06-09 10:45:00,Android,Exitoso
15770,,2026-06-26 10:05:34,Web,Error
2122,U0950,2026-06-27 06:39:00,Android,Error
7830,U0643,2026-06-27 06:19:00,Android,Exitoso
1772,U0853,2026-06-07 23:09:00,Web,Error
2321,U0091,2026-06-12 20:24:00,Web,Error
2956,,2026-06-10 16:53:00,Web,Error
13730,U0486,2026-06-06 11:03:00,Web,Exitoso
12829,U0785,2026-06-02 08:10:00,iOS,Exitoso
15728,,2026-06-26 10:06:19,Web,Error
4116,U0058,2026-06-11 16:31:00,Web,Error
1520,U0317,2026-06-14 21:08:00,Android,Error
4374,U0637,2026-06-20 11:13:00,Web,Error
5277,U0663,2026-06-23 23:45:00,Web,Exitoso
1439,,2026-06-06 12:39:00,Android,Error
7375,U0457,2026-06-22 13:20:00,iOS,Exitoso
2963,U0130,2026-06-02 02:00:00,Web,Error
14109,U0457,2026-06-26 02:38:00,Android,Exitoso
7371,U0737,2026-06-08 06:09:00,Web,Exitoso
5129,U0777,2026-06-02 19:47:00,Android,Exitoso
16291,U0863,2026-06-26 10:26:42,Web,Error
8645,U0735,2026-06-04 12:21:00,Android,Exitoso
15323,,2026-06-26 10:03:31,Web,Error
2804,U0189,2026-06-16 18:24:00,Android,Error
5763,U0806,2026-06-27 13:24:00,iOS,Exitoso
1668,U0026,2026-06-15 05:55:00,iOS,Error
13611,U0568,2026-06-10 20:44:00,Web,Exitoso
10739,U0597,2026-06-23 02:13:00,Android,Exitoso
6696,U0920,2026-06-04 21:04:00,iOS,Exitoso
11179,U0505,2026-06-17 10:18:00,Web,Exitoso
11995,U0630,2026-06-23 10:32:00,Android,Exitoso
11615,U0813,2026-06-20 10:25:00,Web,Exitoso
1937,,2026-06-21 08:25:00,Android,Error
15447,,2026-06-26 10:18:33,Web,Error
8422,U0557,2026-06-07 03:55:00,iOS,Exitoso
8890,U0680,2026-06-08 23:02:00,Android,Exitoso
7169,U0759,2026-06-06 15:25:00,Web,Exitoso
7202,U0655,2026-06-19 03:36:00,iOS,Exitoso
122,U0253,2026-06-28 10:23:00,iOS,Error
9955,U0574,2026-06-19 01:40:00,Android,Exitoso
13526,U0512,2026-06-01 04:26:00,Android,Exitoso
14217,U0702,2026-06-14 07:36:00,iOS,Exitoso
16179,,2026-06-26 10:25:17,Web,Error
14787,U0686,2026-06-28 10:59:00,Web,Exitoso
7032,U0660,2026-06-22 11:20:00,Web,Exitoso
15765,,2026-06-26 10:15:52,Web,Error
4857,U0507,2026-06-15 10:02:00,Web,Error
694,U0042,2026-06-09 04:12:00,Web,Error
12832,U0955,2026-06-03 08:35:00,Android,Exitoso
2557,,2026-06-22 04:34:00,Web,Error
6892,U0974,2026-06-21 08:56:00,Android,Exitoso
4173,,2026-06-04 06:34:00,Web,Error
3200,,2026-06-07 20:18:00,Web,Error
3583,U0923,2026-06-17 05:44:00,Android,Error
285,U0703,2026-06-23 08:16:00,iOS,Error
3956,U0301,2026-06-19 20:04:00,iOS,Error
74,U0490,2026-06-01 18:38:00,Web,Error
15714,,2026-06-26 10:17:19,Web,Error
15831,,2026-06-26 10:02:33,Web,Error
12850,U0607,2026-06-18 22:54:00,iOS,Exitoso
14331,U0451,2026-06-17 06:49:00,Android,Exitoso
12376,U0475,2026-06-18 03:48:00,Web,Exitoso
1655,U0171,2026-06-22 00:56:00,Web,Error
13782,U0983,2026-06-06 17:26:00,iOS,Exitoso
15666,,2026-06-26 10:29:04,Web,Error
15243,,2026-06-26 10:10:37,Web,Error
11320,U0705,2026-06-04 19:46:00,iOS,Exitoso
1269,U0618,2026-06-19 22:43:00,Android,Error
15594,,2026-06-26 10:15:18,Web,Error
4695,,2026-06-06 11:43:00,Web,Error
15255,,2026-06-26 10:10:58,Web,Error
56,U0376,2026-06-27 18:24:00,Web,Error
477,U0267,2026-06-03 03:43:00,Web,Error
5382,U0787,2026-06-13 04:10:00,Web,Exitoso
1212,U0857,2026-06-20 18:56:00,iOS,Error
13776,U0977,2026-06-23 17:25:00,iOS,Exitoso
126,U0396,2026-06-23 22:05:00,Android,Error
12320,U0637,2026-06-11 08:45:00,Web,Exitoso
3996,U0138,2026-06-23 01:19:00,Android,Error
7700,U0516,2026-06-24 08:45:00,Android,Exitoso
14263,U0980,2026-06-25 05:26:00,Android,Exitoso
10931,U0625,2026-06-18 19:35:00,iOS,Exitoso
16186,,2026-06-26 10:21:40,Web,Error
10125,U0582,2026-06-12 19:43:00,iOS,Exitoso
5043,U0626,2026-06-26 12:57:00,Android,Exitoso
9070,U0518,2026-06-06 08:27:00,Android,Exitoso
14945,U0460,2026-06-06 02:31:00,Web,Exitoso
15072,,2026-06-26 10:03:09,Web,Error
4688,,2026-06-22 07:06:00,Web,Error
2353,,2026-06-05 19:16:00,Android,Error
12304,U0954,2026-06-13 16:22:00,Android,Exitoso
1312,,2026-06-05 11:12:00,Android,Error
5904,U0846,2026-06-22 18:31:00,Android,Exitoso
11796,U0757,2026-06-23 11:32:00,Web,Exitoso
14979,U0752,2026-06-15 00:34:00,iOS,Exitoso
2001,U0450,2026-06-25 08:53:00,iOS,Error
414,U0554,2026-06-13 04:21:00,Web,Error
10067,U0759,2026-06-19 11:30:00,Android,Exitoso
9689,U0954,2026-06-03 04:01:00,Android,Exitoso
758,,2026-06-06 13:16:00,iOS,Error
10310,U0593,2026-06-19 23:07:00,Android,Exitoso
5655,U0837,2026-06-19 21:16:00,iOS,Exitoso
10156,U0907,2026-06-14 12:27:00,Android,Exitoso
5468,U0596,2026-06-22 09:40:00,iOS,Exitoso
11033,U0947,2026-06-08 16:44:00,Web,Exitoso
13001,U0650,2026-06-16 06:49:00,iOS,Exitoso
1822,U0908,2026-06-04 12:08:00,Web,Error
13404,U0619,2026-06-19 09:18:00,Web,Exitoso
1596,U0246,2026-06-16 17:23:00,iOS,Error
16175,,2026-06-26 10:29:19,Web,Error
2110,U0312,2026-06-18 04:14:00,Android,Error
5388,U0643,2026-06-25 01:33:00,Android,Exitoso
1385,U0406,2026-06-08 12:44:00,iOS,Error
4590,U0461,2026-06-19 02:30:00,Web,Error
7482,U0651,2026-06-20 07:46:00,iOS,Exitoso
4724,U0252,2026-06-28 18:31:00,iOS,Error
9305,U0963,2026-06-06 14:16:00,Android,Exitoso
7871,U0454,2026-06-24 11:53:00,iOS,Exitoso
8002,U0629,2026-06-09 12:26:00,Android,Exitoso
15670,,2026-06-26 10:28:16,Web,Error
13172,U0695,2026-06-20 10:09:00,Android,Exitoso
13718,U0727,2026-06-03 19:10:00,iOS,Exitoso
8506,U0701,2026-06-03 07:16:00,iOS,Exitoso
15171,,2026-06-26 10:04:13,Web,Error
1416,U0334,2026-06-04 06:40:00,Web,Error
3915,U0430,2026-06-15 01:25:00,Android,Error
16469,U0784,2026-06-26 10:07:52,Web,Error
16111,,2026-06-26 10:01:28,Web,Error
12811,U0769,2026-06-07 20:51:00,iOS,Exitoso
15153,,2026-06-26 10:21:49,Web,Error
14292,U0560,2026-06-07 16:43:00,Android,Exitoso
14725,U0860,2026-06-19 01:40:00,Web,Exitoso
14883,U0829,2026-06-22 14:51:00,Web,Exitoso
5316,U0926,2026-06-13 07:32:00,Web,Exitoso
1946,U0115,2026-06-03 07:19:00,Android,Error
2310,U0070,2026-06-12 07:47:00,Android,Error
12310,U0770,2026-06-23 19:25:00,Web,Exitoso
13038,U0544,2026-06-11 15:51:00,Web,Exitoso
8238,U0660,2026-06-01 09:41:00,Web,Exitoso
8250,U0625,2026-06-22 18:31:00,Android,Exitoso
10332,U0816,2026-06-19 15:14:00,iOS,Exitoso
8652,U0799,2026-06-03 19:39:00,Web,Exitoso
2396,U0937,2026-06-15 16:00:00,Web,Error
15606,,2026-06-26 10:24:28,Web,Error
10428,U0453,2026-06-13 04:19:00,iOS,Exitoso
7323,U0853,2026-06-24 09:03:00,Web,Exitoso
1475,U0342,2026-06-10 19:29:00,Web,Error
2121,,2026-06-09 09:28:00,Android,Error
3593,U0498,2026-06-16 14:02:00,Web,Error
2312,U0920,2026-06-09 03:31:00,Android,Error
8673,U0709,2026-06-11 11:08:00,Android,Exitoso
6057,U0908,2026-06-02 18:29:00,Web,Exitoso
15003,,2026-06-26 10:20:53,Web,Error
2998,U0595,2026-06-05 23:20:00,Web,Error
9384,U0912,2026-06-12 06:40:00,iOS,Exitoso
5114,U0761,2026-06-14 13:19:00,iOS,Exitoso
10819,U0785,2026-06-18 23:38:00,Android,Exitoso
8097,U0595,2026-06-11 13:01:00,Android,Exitoso
13345,U0828,2026-06-14 03:01:00,Android,Exitoso
3136,,2026-06-16 00:57:00,Web,Error
10787,U0968,2026-06-02 20:27:00,iOS,Exitoso
524,U0032,2026-06-08 04:27:00,Android,Error
1939,,2026-06-16 06:13:00,Web,Error
7427,U0598,2026-06-06 21:30:00,Android,Exitoso
1210,,2026-06-13 01:21:00,Web,Error
12103,U0839,2026-06-23 14:22:00,Android,Exitoso
3053,U0694,2026-06-11 14:45:00,Android,Error
8266,U0548,2026-06-25 11:13:00,iOS,Exitoso
9097,U0546,2026-06-21 05:28:00,Web,Exitoso
3156,U0197,2026-06-22 14:21:00,iOS,Error
5999,U0492,2026-06-26 18:33:00,iOS,Exitoso
2787,U0100,2026-06-09 04:32:00,iOS,Error
15582,,2026-06-26 10:11:33,Web,Error
2386,U0287,2026-06-04 19:25:00,iOS,Error
2930,U0409,2026-06-14 18:23:00,iOS,Error
10549,U0851,2026-06-16 13:42:00,iOS,Exitoso
15170,,2026-06-26 10:17:48,Web,Error
11058,U0950,2026-06-06 22:39:00,Web,Exitoso
11209,U0713,2026-06-27 21:41:00,Android,Exitoso
47,,2026-06-12 09:59:00,Web,Error
2621,U0392,2026-06-11 10:34:00,Web,Error
8274,U0777,2026-06-09 17:01:00,Android,Exitoso
9921,U0469,2026-06-17 07:29:00,Android,Exitoso
6596,U0618,2026-06-19 07:36:00,Web,Exitoso
4795,U0470,2026-06-24 02:53:00,Web,Error
7397,U0720,2026-06-02 16:17:00,Web,Exitoso
8297,U0814,2026-06-27 09:43:00,Web,Exitoso
1533,U0333,2026-06-03 09:27:00,Web,Error
4076,U0422,2026-06-07 22:57:00,Web,Error
7036,U0790,2026-06-15 22:48:00,Android,Exitoso
5720,U0700,2026-06-23 07:12:00,iOS,Exitoso
4766,U0287,2026-06-17 09:28:00,Web,Error
11103,U0454,2026-06-28 18:26:00,Android,Exitoso
1828,U0403,2026-06-21 14:13:00,iOS,Error
6268,U0513,2026-06-20 23:18:00,iOS,Exitoso
12613,U0776,2026-06-05 23:26:00,iOS,Exitoso
11771,U0933,2026-06-11 22:21:00,iOS,Exitoso
5959,U0939,2026-06-18 07:18:00,iOS,Exitoso
7192,U0788,2026-06-10 14:14:00,Android,Exitoso
10407,U0973,2026-06-20 04:53:00,Web,Exitoso
3678,U0441,2026-06-24 01:19:00,iOS,Error
13138,U0738,2026-06-01 21:48:00,Android,Exitoso
5450,U0520,2026-06-27 23:51:00,iOS,Exitoso
2278,U0245,2026-06-19 10:49:00,Android,Error
6876,U0894,2026-06-09 18:55:00,iOS,Exitoso
9804,U0502,2026-06-27 04:45:00,Web,Exitoso
13978,U0495,2026-06-10 03:07:00,Web,Exitoso
5207,U0950,2026-06-16 02:25:00,iOS,Exitoso
9356,U0556,2026-06-28 07:25:00,iOS,Exitoso
8103,U0539,2026-06-02 07:33:00,Android,Exitoso
14386,U0623,2026-06-13 13:35:00,Web,Exitoso
3114,U0272,2026-06-10 18:17:00,Web,Error
12746,U0716,2026-06-18 17:27:00,Web,Exitoso
16207,,2026-06-26 10:00:51,Web,Error
7284,U0821,2026-06-03 16:56:00,Web,Exitoso
5199,U0614,2026-06-22 00:08:00,iOS,Exitoso
11883,U0499,2026-06-22 14:07:00,Web,Exitoso
380,U0298,2026-06-19 13:42:00,iOS,Error
3630,U0027,2026-06-28 12:06:00,Web,Error
3905,U0095,2026-06-24 18:03:00,Web,Error
3776,,2026-06-07 16:16:00,Web,Error
4163,U0160,2026-06-19 00:33:00,Web,Error
4952,U0028,2026-06-10 08:08:00,Web,Error
176,U0210,2026-06-18 15:56:00,iOS,Error
2111,,2026-06-17 21:21:00,Android,Error
6107,U0986,2026-06-08 23:53:00,Web,Exitoso
3521,U0360,2026-06-26 03:33:00,iOS,Error
9634,U0834,2026-06-17 07:09:00,iOS,Exitoso
3095,,2026-06-10 09:26:00,Web,Error
6992,U0897,2026-06-17 05:11:00,Android,Exitoso
15226,,2026-06-26 10:21:51,Web,Error
10815,U0655,2026-06-07 03:27:00,Android,Exitoso
2543,U0294,2026-06-23 04:33:00,iOS,Error
6013,U0814,2026-06-01 18:20:00,iOS,Exitoso
15476,,2026-06-26 10:26:32,Web,Error
8811,U0834,2026-06-05 11:23:00,iOS,Exitoso
3391,U0641,2026-06-03 23:52:00,Web,Error
455,U0280,2026-06-14 23:25:00,iOS,Error
6968,U0973,2026-06-01 01:09:00,iOS,Exitoso
5676,U0672,2026-06-07 03:45:00,Web,Exitoso
4474,,2026-06-12 04:27:00,Web,Error
14563,U0884,2026-06-05 08:15:00,Android,Exitoso
3499,U0291,2026-06-16 17:59:00,Android,Error
6465,U0960,2026-06-20 12:48:00,iOS,Exitoso
6904,U0507,2026-06-06 17:28:00,Web,Exitoso
4637,U0476,2026-06-12 11:14:00,Web,Error
1638,U0067,2026-06-20 14:46:00,Web,Error
7376,U0493,2026-06-22 18:19:00,Web,Exitoso
1148,U0186,2026-06-25 08:04:00,Android,Error
11096,U0752,2026-06-26 00:26:00,iOS,Exitoso
9378,U0643,2026-06-26 09:47:00,Android,Exitoso
13938,U0611,2026-06-26 23:00:00,Android,Exitoso
6382,U0894,2026-06-11 17:48:00,Android,Exitoso
11132,U0570,2026-06-26 04:16:00,Web,Exitoso
13328,U0512,2026-06-27 07:56:00,iOS,Exitoso
14932,U0693,2026-06-22 11:43:00,Web,Exitoso
6101,U0804,2026-06-16 00:48:00,Android,Exitoso
12768,U0956,2026-06-22 00:48:00,Web,Exitoso
4784,U0422,2026-06-03 23:40:00,Android,Error
3413,U0965,2026-06-14 11:17:00,Android,Error
14576,U0764,2026-06-12 13:32:00,Android,Exitoso
12572,U0622,2026-06-10 21:29:00,Web,Exitoso
15933,,2026-06-26 10:29:18,Web,Error
5864,U0916,2026-06-11 08:20:00,Web,Exitoso
7347,U0909,2026-06-19 04:42:00,Web,Exitoso
15011,,2026-06-26 10:28:22,Web,Error
7844,U0468,2026-06-15 06:02:00,iOS,Exitoso
13400,U0926,2026-06-13 12:08:00,Web,Exitoso
5278,U0628,2026-06-24 07:06:00,Web,Exitoso
3144,,2026-06-12 23:17:00,Web,Error
219,U0706,2026-06-04 22:35:00,Android,Error
13791,U0899,2026-06-13 11:50:00,Web,Exitoso
15385,,2026-06-26 10:06:23,Web,Error
16497,U0628,2026-06-26 10:19:38,Web,Error
15136,,2026-06-26 10:19:33,Web,Error
15235,,2026-06-26 10:07:06,Web,Error
13606,U0684,2026-06-11 04:46:00,Web,Exitoso
4219,,2026-06-13 03:48:00,Web,Error
11758,U0958,2026-06-14 00:41:00,Android,Exitoso
10402,U0759,2026-06-17 00:30:00,iOS,Exitoso
15774,,2026-06-26 10:20:26,Web,Error
15717,,2026-06-26 10:21:12,Web,Error
15894,,2026-06-26 10:23:33,Web,Error
2388,U0191,2026-06-24 18:55:00,Android,Error
10390,U0721,2026-06-03 13:38:00,iOS,Exitoso
11546,U0682,2026-06-13 12:27:00,iOS,Exitoso
3763,U0150,2026-06-04 15:04:00,Web,Error
1882,U0188,2026-06-16 12:13:00,Web,Error
11039,U0893,2026-06-19 02:21:00,iOS,Exitoso
6063,U0912,2026-06-03 08:15:00,Android,Exitoso
1348,,2026-06-21 06:31:00,Web,Error
15294,,2026-06-26 10:26:03,Web,Error
9647,U0977,2026-06-09 11:09:00,Android,Exitoso
15285,,2026-06-26 10:18:17,Web,Error
16502,U0848,2026-06-26 10:24:40,Web,Error
15591,,2026-06-26 10:28:40,Web,Error
10925,U0773,2026-06-20 10:59:00,Android,Exitoso
12778,U0486,2026-06-01 11:04:00,iOS,Exitoso
3316,,2026-06-24 21:23:00,iOS,Error
12595,U0782,2026-06-12 11:44:00,iOS,Exitoso
2454,U0021,2026-06-12 17:14:00,Android,Error
7187,U0540,2026-06-06 14:09:00,iOS,Exitoso
11540,U0999,2026-06-15 22:11:00,iOS,Exitoso
15678,,2026-06-26 10:01:42,Web,Error
7934,U0761,2026-06-16 04:14:00,Android,Exitoso
9327,U0663,2026-06-19 04:39:00,Android,Exitoso
10399,U0737,2026-06-11 11:03:00,iOS,Exitoso
13482,U0845,2026-06-11 19:17:00,iOS,Exitoso
4503,U0685,2026-06-03 01:19:00,Web,Error
14653,U0949,2026-06-03 19:39:00,iOS,Exitoso
2900,U0422,2026-06-04 19:38:00,Android,Error
4550,,2026-06-08 13:56:00,Web,Error
11693,U0611,2026-06-17 03:11:00,iOS,Exitoso
6331,U0797,2026-06-22 13:41:00,iOS,Exitoso
13634,U0611,2026-06-06 04:45:00,iOS,Exitoso
4430,U0013,2026-06-23 16:15:00,Android,Error
14828,U0784,2026-06-27 19:42:00,iOS,Exitoso
14398,U0942,2026-06-15 17:00:00,Web,Exitoso
4693,,2026-06-08 11:09:00,Web,Error
11609,U0755,2026-06-04 07:07:00,Web,Exitoso
12585,U0586,2026-06-09 06:34:00,iOS,Exitoso
6236,U0696,2026-06-06 09:01:00,Android,Exitoso
4543,,2026-06-20 18:29:00,Web,Error
5855,U0742,2026-06-25 16:47:00,Android,Exitoso
14010,U0461,2026-06-02 16:11:00,iOS,Exitoso
11087,U0565,2026-06-26 18:47:00,Android,Exitoso
14490,U0864,2026-06-25 13:32:00,Android,Exitoso
8096,U0696,2026-06-15 02:29:00,iOS,Exitoso
13704,U0546,2026-06-07 19:04:00,iOS,Exitoso
35,U0606,2026-06-26 09:15:00,Web,Error
7908,U0518,2026-06-09 04:22:00,Android,Exitoso
9685,U0945,2026-06-01 04:43:00,iOS,Exitoso
2899,U0696,2026-06-01 10:35:00,Web,Error
8043,U0923,2026-06-06 05:19:00,Android,Exitoso
4947,,2026-06-27 11:29:00,Web,Error
16092,,2026-06-26 10:14:44,Web,Error
2339,,2026-06-12 12:11:00,Web,Error
7977,U0498,2026-06-28 10:37:00,iOS,Exitoso
4131,,2026-06-25 06:37:00,Web,Error
12020,U0482,2026-06-16 17:03:00,Web,Exitoso
1071,U0992,2026-06-13 03:51:00,Web,Error
9611,U0615,2026-06-25 13:37:00,iOS,Exitoso
4124,,2026-06-28 07:29:00,Web,Error
10826,U0799,2026-06-01 18:43:00,iOS,Exitoso
15882,,2026-06-26 10:06:41,Web,Error
15631,,2026-06-26 10:27:02,Web,Error
4299,U0210,2026-06-12 02:15:00,Android,Error
5826,U0580,2026-06-05 21:29:00,iOS,Exitoso
14219,U0995,2026-06-25 18:27:00,iOS,Exitoso
2673,,2026-06-12 13:29:00,Web,Error
6997,U0866,2026-06-03 14:23:00,Android,Exitoso
4255,U0057,2026-06-22 11:33:00,Web,Error
9379,U0839,2026-06-26 14:48:00,Android,Exitoso
14101,U0980,2026-06-07 14:51:00,Web,Exitoso
1919,U0178,2026-06-17 17:20:00,iOS,Error
13685,U0933,2026-06-24 08:43:00,Android,Exitoso
5409,U0566,2026-06-01 15:17:00,Android,Exitoso
13577,U0496,2026-06-06 19:05:00,Web,Exitoso
11851,U0610,2026-06-07 00:37:00,Web,Exitoso
3806,U0164,2026-06-21 08:17:00,Web,Error
1321,,2026-06-08 20:26:00,Web,Error
10438,U0973,2026-06-17 06:48:00,Android,Exitoso
7512,U0916,2026-06-19 10:35:00,Web,Exitoso
4433,U0165,2026-06-22 01:31:00,Web,Error
12187,U0733,2026-06-05 20:54:00,iOS,Exitoso
5483,U0619,2026-06-20 04:07:00,iOS,Exitoso
6079,U0887,2026-06-22 10:09:00,iOS,Exitoso
13965,U0865,2026-06-11 12:29:00,Web,Exitoso
7573,U0997,2026-06-11 04:23:00,Android,Exitoso
16322,U0651,2026-06-26 10:09:34,Web,Error
6910,U0905,2026-06-05 14:51:00,iOS,Exitoso
8815,U0685,2026-06-24 10:31:00,Web,Exitoso
2503,U0385,2026-06-17 19:52:00,iOS,Error
681,,2026-06-22 00:38:00,Web,Error
4488,U0117,2026-06-12 21:10:00,Android,Error
10256,U0889,2026-06-21 10:06:00,Web,Exitoso
5250,U0835,2026-06-27 18:27:00,Android,Exitoso
9181,U0496,2026-06-12 03:44:00,iOS,Exitoso
5546,U0462,2026-06-03 15:34:00,Android,Exitoso
1054,,2026-06-07 04:57:00,Android,Error
6587,U0922,2026-06-12 18:44:00,iOS,Exitoso
14322,U0795,2026-06-19 04:05:00,Web,Exitoso
9789,U0477,2026-06-24 05:48:00,Web,Exitoso
4379,U0112,2026-06-03 09:53:00,Web,Error
749,U0370,2026-06-12 04:25:00,Android,Error
11366,U0933,2026-06-08 11:35:00,iOS,Exitoso
5153,U0875,2026-06-22 22:32:00,Web,Exitoso
13389,U0753,2026-06-28 00:38:00,Android,Exitoso
9057,U0584,2026-06-16 00:17:00,iOS,Exitoso
2570,,2026-06-27 14:09:00,Web,Error
6230,U0480,2026-06-11 16:32:00,iOS,Exitoso
6646,U0662,2026-06-13 13:50:00,Web,Exitoso
11769,U0840,2026-06-03 18:01:00,iOS,Exitoso
12109,U0604,2026-06-07 03:58:00,iOS,Exitoso
3145,U0144,2026-06-01 23:48:00,Android,Error
2770,,2026-06-22 11:05:00,iOS,Error
4884,U0110,2026-06-15 22:40:00,Web,Error
6719,U0665,2026-06-14 14:32:00,iOS,Exitoso
11095,U0714,2026-06-27 16:20:00,Web,Exitoso
8346,U0904,2026-06-11 08:55:00,Android,Exitoso
838,U0299,2026-06-13 04:23:00,Web,Error
4340,U0541,2026-06-08 13:55:00,Web,Error
3485,,2026-06-01 13:54:00,Web,Error
14609,U0801,2026-06-21 06:35:00,iOS,Exitoso
7654,U0648,2026-06-12 12:26:00,iOS,Exitoso
14694,U0783,2026-06-09 00:14:00,iOS,Exitoso
10734,U0474,2026-06-21 11:32:00,Android,Exitoso
11473,U0670,2026-06-03 05:47:00,Web,Exitoso
7915,U0605,2026-06-04 16:19:00,iOS,Exitoso
8105,U0524,2026-06-26 02:40:00,iOS,Exitoso
10671,U0697,2026-06-24 12:57:00,Android,Exitoso
1795,U0550,2026-06-05 16:54:00,Web,Error
6407,U0619,2026-06-21 20:32:00,iOS,Exitoso
1920,,2026-06-19 05:38:00,iOS,Error
4641,,2026-06-21 20:15:00,Web,Error
5642,U0835,2026-06-24 14:29:00,iOS,Exitoso
9975,U0778,2026-06-09 07:31:00,Android,Exitoso
3092,,2026-06-12 02:35:00,iOS,Error
9475,U0853,2026-06-21 06:59:00,Android,Exitoso
2016,,2026-06-09 13:24:00,Web,Error
11260,U0501,2026-06-27 07:27:00,iOS,Exitoso
15210,,2026-06-26 10:01:25,Web,Error
11271,U0694,2026-06-08 10:00:00,Android,Exitoso
14359,U0553,2026-06-11 22:35:00,Android,Exitoso
5990,U0615,2026-06-28 11:49:00,iOS,Exitoso
7478,U0991,2026-06-20 15:43:00,iOS,Exitoso
3234,U0865,2026-06-23 16:09:00,Web,Error
15767,,2026-06-26 10:09:07,Web,Error
4856,,2026-06-20 11:58:00,Web,Error
8920,U0687,2026-06-16 09:02:00,iOS,Exitoso
3201,U0948,2026-06-12 00:27:00,Web,Error
10950,U0502,2026-06-26 04:08:00,Android,Exitoso
7530,U0600,2026-06-12 16:12:00,Web,Exitoso
3562,U0110,2026-06-15 03:43:00,iOS,Error
14809,U0962,2026-06-07 15:11:00,Web,Exitoso
11002,U0685,2026-06-24 05:08:00,Web,Exitoso
1778,U0304,2026-06-05 21:34:00,Web,Error
7132,U0900,2026-06-24 22:42:00,Android,Exitoso
9146,U0848,2026-06-15 02:23:00,iOS,Exitoso
16026,,2026-06-26 10:18:09,Web,Error
4170,,2026-06-09 05:02:00,Web,Error
15748,,2026-06-26 10:13:27,Web,Error
4565,U0869,2026-06-20 08:20:00,Web,Error
5666,U0773,2026-06-12 22:08:00,Android,Exitoso
8113,U0477,2026-06-08 00:30:00,Web,Exitoso
5401,U0735,2026-06-01 22:49:00,iOS,Exitoso
15046,,2026-06-26 10:21:14,Web,Error
7587,U0802,2026-06-13 10:25:00,Android,Exitoso
3870,U0112,2026-06-12 03:10:00,Web,Error
13919,U0737,2026-06-08 11:12:00,Android,Exitoso
3505,U0445,2026-06-21 06:32:00,iOS,Error
9267,U0910,2026-06-25 22:56:00,Android,Exitoso
2975,,2026-06-09 12:36:00,Web,Error
8272,U0941,2026-06-27 05:37:00,Web,Exitoso
13578,U0784,2026-06-24 11:35:00,Android,Exitoso
2965,U0355,2026-06-27 23:58:00,Android,Error
13225,U0544,2026-06-17 08:34:00,Android,Exitoso
3744,U0289,2026-06-27 23:31:00,Web,Error
14869,U0563,2026-06-19 10:50:00,Android,Exitoso
4978,U0305,2026-06-13 11:14:00,Web,Error
2411,U0628,2026-06-03 02:11:00,iOS,Error
4876,,2026-06-17 22:16:00,Web,Error
10592,U0955,2026-06-11 04:56:00,Web,Exitoso
14336,U0841,2026-06-27 14:34:00,Android,Exitoso
2933,,2026-06-20 02:32:00,Web,Error
6681,U0966,2026-06-23 14:01:00,Android,Exitoso
4920,,2026-06-09 13:03:00,Web,Error
13992,U0986,2026-06-14 16:39:00,iOS,Exitoso
4444,,2026-06-05 05:26:00,Web,Error
14531,U0517,2026-06-07 16:49:00,Android,Exitoso
5331,U0687,2026-06-19 11:32:00,Web,Exitoso
8071,U0744,2026-06-27 17:44:00,Android,Exitoso
14966,U0664,2026-06-02 04:31:00,Web,Exitoso
3464,U0351,2026-06-05 01:30:00,Web,Error
12313,U0572,2026-06-24 04:09:00,iOS,Exitoso
11910,U0913,2026-06-13 16:24:00,Android,Exitoso
14051,U0487,2026-06-13 03:38:00,Android,Exitoso
3698,U0691,2026-06-20 18:35:00,Web,Error
15786,,2026-06-26 10:27:46,Web,Error
16492,U0958,2026-06-26 10:11:30,Web,Error
7011,U0870,2026-06-18 18:23:00,iOS,Exitoso
14702,U0753,2026-06-26 18:06:00,Web,Exitoso
6509,U0538,2026-06-23 12:35:00,Android,Exitoso
13079,U0825,2026-06-05 16:50:00,iOS,Exitoso
5760,U0999,2026-06-16 11:09:00,iOS,Exitoso
10123,U0896,2026-06-19 15:35:00,Android,Exitoso
5182,U0991,2026-06-26 09:19:00,Android,Exitoso
546,,2026-06-12 08:08:00,Web,Error
3363,,2026-06-10 03:56:00,Web,Error
6084,U0662,2026-06-18 10:02:00,Web,Exitoso
4324,,2026-06-07 17:33:00,Web,Error
7274,U0766,2026-06-04 00:42:00,Android,Exitoso
10565,U0735,2026-06-28 05:56:00,Web,Exitoso
11566,U0998,2026-06-18 04:56:00,Web,Exitoso
2484,U0370,2026-06-12 09:06:00,Web,Error
11733,U0679,2026-06-19 23:33:00,iOS,Exitoso
11575,U0656,2026-06-06 19:24:00,Android,Exitoso
5172,U0742,2026-06-25 00:10:00,iOS,Exitoso
15274,,2026-06-26 10:19:51,Web,Error
4788,,2026-06-19 04:19:00,Web,Error
4646,U0428,2026-06-17 15:10:00,Android,Error
669,U0247,2026-06-11 19:19:00,iOS,Error
4104,U0746,2026-06-08 17:30:00,Web,Error
5032,U0769,2026-06-22 21:34:00,Android,Exitoso
8736,U0964,2026-06-12 16:24:00,iOS,Exitoso
11976,U0614,2026-06-03 03:25:00,iOS,Exitoso
7332,U0815,2026-06-05 17:38:00,Web,Exitoso
6651,U0467,2026-06-09 21:35:00,Android,Exitoso
11328,U0714,2026-06-21 09:01:00,Android,Exitoso
14030,U0913,2026-06-19 16:02:00,iOS,Exitoso
14045,U0942,2026-06-02 10:51:00,Web,Exitoso
4087,U0397,2026-06-16 09:20:00,iOS,Error
8715,U0703,2026-06-09 07:38:00,iOS,Exitoso
5897,U0831,2026-06-09 08:37:00,iOS,Exitoso
9090,U0614,2026-06-05 22:51:00,iOS,Exitoso
7910,U0715,2026-06-28 10:29:00,iOS,Exitoso
430,U0871,2026-06-23 04:01:00,iOS,Error
14405,U0917,2026-06-04 22:45:00,Android,Exitoso
5564,U0878,2026-06-18 07:58:00,iOS,Exitoso
3540,U0095,2026-06-11 07:33:00,Android,Error
9682,U0478,2026-06-06 21:28:00,Web,Exitoso
13973,U0675,2026-06-02 21:46:00,iOS,Exitoso
14507,U0750,2026-06-23 22:29:00,Android,Exitoso
2095,U0305,2026-06-16 02:01:00,Web,Error
9331,U0519,2026-06-03 19:15:00,iOS,Exitoso
10439,U0794,2026-06-05 05:04:00,iOS,Exitoso
15478,,2026-06-26 10:03:17,Web,Error
2917,,2026-06-27 10:18:00,iOS,Error
7418,U0922,2026-06-17 20:39:00,Android,Exitoso
14939,U0584,2026-06-23 09:39:00,Web,Exitoso
1083,,2026-06-03 05:15:00,Web,Error
3140,U0264,2026-06-16 15:08:00,iOS,Error
4036,U0145,2026-06-06 01:31:00,iOS,Error
3453,U0811,2026-06-28 12:56:00,iOS,Error
15830,,2026-06-26 10:26:36,Web,Error
8448,U0583,2026-06-06 17:19:00,Android,Exitoso
821,,2026-06-20 06:00:00,Android,Error
3437,,2026-06-03 18:43:00,Web,Error
1424,U0122,2026-06-24 09:46:00,Android,Error
1492,U0318,2026-06-14 03:11:00,Web,Error
14492,U0710,2026-06-01 01:38:00,Web,Exitoso
12087,U0899,2026-06-24 04:43:00,Web,Exitoso
11576,U0797,2026-06-16 11:20:00,iOS,Exitoso
1338,,2026-06-05 16:05:00,iOS,Error
10116,U0907,2026-06-11 05:58:00,Web,Exitoso
2502,,2026-06-02 14:25:00,Web,Error
15194,,2026-06-26 10:18:51,Web,Error
2729,U0001,2026-06-07 08:50:00,Web,Error
13111,U0572,2026-06-14 00:23:00,Web,Exitoso
6474,U0678,2026-06-25 10:15:00,Android,Exitoso
12887,U0585,2026-06-17 01:30:00,iOS,Exitoso
5473,U0787,2026-06-07 13:11:00,Web,Exitoso
2651,U0436,2026-06-24 14:48:00,iOS,Error
10888,U0825,2026-06-09 11:53:00,Web,Exitoso
14648,U0495,2026-06-06 03:08:00,Web,Exitoso
13201,U0554,2026-06-13 07:21:00,Web,Exitoso
1164,U0226,2026-06-23 19:37:00,iOS,Error
1280,U0254,2026-06-20 15:49:00,iOS,Error
14173,U0518,2026-06-11 21:06:00,Web,Exitoso
7730,U0853,2026-06-09 10:49:00,Android,Exitoso
13683,U0745,2026-06-04 15:25:00,Android,Exitoso
12142,U0594,2026-06-05 16:16:00,Web,Exitoso
13746,U1000,2026-06-10 15:58:00,iOS,Exitoso
16086,,2026-06-26 10:21:36,Web,Error
3788,U0755,2026-06-22 09:30:00,Web,Error
10358,U0813,2026-06-21 10:40:00,Web,Exitoso
5704,U0593,2026-06-02 06:44:00,iOS,Exitoso
16018,,2026-06-26 10:09:49,Web,Error
4483,,2026-06-06 09:26:00,Web,Error
14671,U0778,2026-06-23 18:11:00,Web,Exitoso
7937,U0532,2026-06-17 02:09:00,Web,Exitoso
1355,U0405,2026-06-01 14:36:00,Android,Error
16218,U0491,2026-06-26 10:09:55,Web,Error
10351,U0487,2026-06-18 01:31:00,iOS,Exitoso
8110,U0945,2026-06-09 15:23:00,Android,Exitoso
5615,U0866,2026-06-26 04:55:00,Android,Exitoso
14551,U0552,2026-06-08 20:18:00,iOS,Exitoso
2494,U0585,2026-06-08 10:34:00,Android,Error
6132,U0848,2026-06-23 16:42:00,Android,Exitoso
11708,U0566,2026-06-23 17:06:00,Web,Exitoso
12367,U0955,2026-06-25 12:41:00,iOS,Exitoso
11657,U0523,2026-06-09 15:40:00,Android,Exitoso
16354,U0925,2026-06-26 10:00:10,Web,Error
1670,U0289,2026-06-03 15:22:00,Web,Error
13367,U0715,2026-06-21 00:19:00,Android,Exitoso
11081,U0474,2026-06-15 09:11:00,Android,Exitoso
5336,U0831,2026-06-08 00:13:00,Android,Exitoso
12401,U0839,2026-06-22 05:27:00,Android,Exitoso
1223,U0036,2026-06-04 12:07:00,Web,Error
13767,U0618,2026-06-26 16:12:00,Android,Exitoso
801,U0753,2026-06-23 12:39:00,Web,Error
2038,U0344,2026-06-17 20:09:00,Android,Error
11757,U0830,2026-06-03 05:51:00,iOS,Exitoso
12286,U0795,2026-06-07 22:27:00,Web,Exitoso
9996,U0963,2026-06-10 20:14:00,Web,Exitoso
15223,,2026-06-26 10:29:11,Web,Error
3609,U0370,2026-06-26 06:25:00,Web,Error
1244,,2026-06-28 00:15:00,Android,Error
15693,,2026-06-26 10:18:46,Web,Error
8734,U0488,2026-06-01 11:08:00,Android,Exitoso
15627,,2026-06-26 10:23:46,Web,Error
14763,U0876,2026-06-03 22:36:00,iOS,Exitoso
11527,U0493,2026-06-17 19:45:00,iOS,Exitoso
14577,U0920,2026-06-07 21:19:00,Web,Exitoso
4909,U0255,2026-06-12 02:20:00,Web,Error
2459,U0872,2026-06-12 04:40:00,Web,Error
7485,U0838,2026-06-04 21:04:00,iOS,Exitoso
6450,U0746,2026-06-06 01:17:00,Android,Exitoso
1158,,2026-06-03 16:01:00,Web,Error
9205,U0548,2026-06-22 23:15:00,Android,Exitoso
4166,U0906,2026-06-11 08:05:00,Web,Error
4805,U0184,2026-06-27 19:29:00,Android,Error
6498,U0898,2026-06-14 08:41:00,iOS,Exitoso
8899,U0709,2026-06-17 06:35:00,Android,Exitoso
3800,U0251,2026-06-21 11:52:00,Web,Error
4452,U0770,2026-06-13 07:34:00,Web,Error
7682,U0916,2026-06-16 13:20:00,iOS,Exitoso
10685,U0746,2026-06-26 18:01:00,Android,Exitoso
16392,U0814,2026-06-26 10:13:10,Web,Error
10522,U0951,2026-06-24 00:26:00,iOS,Exitoso
2657,U0253,2026-06-10 05:56:00,iOS,Error
3197,,2026-06-14 22:45:00,iOS,Error
9606,U0728,2026-06-01 13:19:00,Web,Exitoso
5086,U0831,2026-06-24 12:18:00,Android,Exitoso
7206,U0565,2026-06-04 09:15:00,Web,Exitoso
4031,,2026-06-25 07:50:00,Web,Error
15760,,2026-06-26 10:05:01,Web,Error
2528,U0107,2026-06-06 03:37:00,Android,Error
15346,,2026-06-26 10:07:33,Web,Error
2456,U0360,2026-06-06 16:50:00,Android,Error
6994,U0971,2026-06-12 16:00:00,Android,Exitoso
7244,U0726,2026-06-20 18:51:00,Web,Exitoso
2426,U0310,2026-06-04 23:19:00,iOS,Error
11931,U0608,2026-06-24 07:38:00,Android,Exitoso
7961,U0991,2026-06-13 11:53:00,Web,Exitoso
16171,,2026-06-26 10:01:50,Web,Error
426,,2026-06-06 15:03:00,Web,Error
15142,,2026-06-26 10:25:57,Web,Error
3667,U0335,2026-06-20 19:12:00,Web,Error
10642,U0807,2026-06-02 08:25:00,Web,Exitoso
1503,,2026-06-20 23:08:00,Web,Error
3100,U0409,2026-06-08 10:46:00,Android,Error
10424,U0997,2026-06-02 20:49:00,Web,Exitoso
15513,,2026-06-26 10:07:08,Web,Error
14189,U0883,2026-06-02 12:47:00,Android,Exitoso
6638,U0943,2026-06-02 02:44:00,Android,Exitoso
15452,,2026-06-26 10:18:40,Web,Error
13968,U0998,2026-06-03 09:02:00,Android,Exitoso
12673,U0676,2026-06-14 09:15:00,iOS,Exitoso
3634,,2026-06-08 19:02:00,Web,Error
13459,U0582,2026-06-14 06:26:00,Web,Exitoso
8166,U0901,2026-06-13 07:28:00,Web,Exitoso
12697,U0614,2026-06-07 06:26:00,Web,Exitoso
7950,U0522,2026-06-20 04:56:00,Web,Exitoso
248,U0088,2026-06-24 08:50:00,iOS,Error
7207,U0761,2026-06-11 16:17:00,iOS,Exitoso
14996,U0804,2026-06-18 21:16:00,Web,Exitoso
15739,,2026-06-26 10:00:21,Web,Error
13749,U0998,2026-06-28 14:14:00,Android,Exitoso
706,U0605,2026-06-26 01:37:00,Web,Error
10250,U0885,2026-06-01 00:04:00,Android,Exitoso
559,,2026-06-19 19:39:00,Web,Error
3529,U0183,2026-06-02 03:17:00,Web,Error
7514,U0508,2026-06-17 14:45:00,Android,Exitoso
13319,U0498,2026-06-21 04:00:00,iOS,Exitoso
8763,U0970,2026-06-11 23:03:00,iOS,Exitoso
664,U0240,2026-06-24 10:18:00,Android,Error
2753,,2026-06-09 05:41:00,Web,Error
5584,U0472,2026-06-05 10:44:00,Android,Exitoso
9024,U0918,2026-06-14 22:51:00,Web,Exitoso
9005,U0631,2026-06-19 06:03:00,iOS,Exitoso
1943,,2026-06-21 18:17:00,Web,Error
9643,U0792,2026-06-22 09:41:00,iOS,Exitoso
10398,U0791,2026-06-17 09:37:00,iOS,Exitoso
5291,U0514,2026-06-19 18:54:00,Web,Exitoso
3312,,2026-06-17 04:55:00,Web,Error
9981,U0705,2026-06-14 03:18:00,iOS,Exitoso
15732,,2026-06-26 10:11:47,Web,Error
14784,U0692,2026-06-18 01:47:00,Web,Exitoso
16260,U0986,2026-06-26 10:22:36,Web,Error
14506,U0479,2026-06-25 07:41:00,Web,Exitoso
9843,U0956,2026-06-16 14:37:00,Android,Exitoso
4913,,2026-06-27 23:37:00,Web,Error
2334,U0086,2026-06-14 14:24:00,iOS,Error
11166,U0582,2026-06-08 09:05:00,iOS,Exitoso
3770,U0146,2026-06-09 09:15:00,Web,Error
13269,U0852,2026-06-15 21:53:00,Android,Exitoso
13147,U0500,2026-06-25 09:25:00,Web,Exitoso
5947,U0830,2026-06-04 09:43:00,Web,Exitoso
15302,,2026-06-26 10:04:14,Web,Error
12336,U0921,2026-06-13 04:36:00,Android,Exitoso
2854,,2026-06-19 07:49:00,Web,Error
7886,U0531,2026-06-20 21:18:00,Android,Exitoso
8952,U0616,2026-06-17 10:57:00,iOS,Exitoso
6490,U0859,2026-06-14 20:03:00,Web,Exitoso
8548,U0733,2026-06-22 18:10:00,iOS,Exitoso
604,U0086,2026-06-03 21:18:00,iOS,Error
2226,U0570,2026-06-17 18:55:00,Android,Error
594,,2026-06-28 07:59:00,iOS,Error
6702,U0582,2026-06-07 13:49:00,Web,Exitoso
4585,U0294,2026-06-08 19:20:00,iOS,Error
14093,U0654,2026-06-08 08:12:00,iOS,Exitoso
13570,U0505,2026-06-13 03:36:00,Web,Exitoso
15309,,2026-06-26 10:25:48,Web,Error
10181,U0986,2026-06-18 19:52:00,Android,Exitoso
7308,U0630,2026-06-20 01:07:00,Web,Exitoso
7239,U0565,2026-06-28 06:02:00,Android,Exitoso
16194,,2026-06-26 10:21:04,Web,Error
10540,U0846,2026-06-17 02:45:00,Web,Exitoso
4224,,2026-06-23 22:27:00,Web,Error
5439,U0478,2026-06-22 18:09:00,iOS,Exitoso
12847,U0603,2026-06-08 17:19:00,Android,Exitoso
660,,2026-06-23 03:38:00,Web,Error
5885,U0613,2026-06-14 12:51:00,Web,Exitoso
14207,U0786,2026-06-14 05:04:00,Android,Exitoso
8505,U0851,2026-06-16 16:53:00,iOS,Exitoso
9716,U0543,2026-06-16 20:56:00,iOS,Exitoso
1844,,2026-06-15 20:00:00,Android,Error
7178,U0717,2026-06-18 23:27:00,Android,Exitoso
2032,,2026-06-13 18:53:00,iOS,Error
5186,U0529,2026-06-16 06:53:00,Android,Exitoso
11085,U0984,2026-06-07 06:52:00,Android,Exitoso
1008,U0340,2026-06-21 19:52:00,Android,Error
9456,U0499,2026-06-02 05:03:00,Android,Exitoso
13199,U0943,2026-06-09 22:11:00,Web,Exitoso
7067,U0633,2026-06-06 21:19:00,Android,Exitoso
10960,U0661,2026-06-12 12:52:00,Web,Exitoso
148,,2026-06-23 15:38:00,Web,Error
16481,U0581,2026-06-26 10:01:20,Web,Error
8649,U0639,2026-06-21 07:34:00,Android,Exitoso
3813,U0155,2026-06-26 21:30:00,Android,Error
4055,U0605,2026-06-09 00:05:00,iOS,Error
996,,2026-06-13 04:20:00,iOS,Error
9311,U0946,2026-06-12 15:19:00,Android,Exitoso
14709,U0608,2026-06-20 00:02:00,Android,Exitoso
12660,U0908,2026-06-24 12:27:00,iOS,Exitoso
3356,U0002,2026-06-19 05:07:00,Web,Error
13277,U0818,2026-06-03 23:00:00,iOS,Exitoso
6747,U0599,2026-06-10 03:14:00,Web,Exitoso
16299,U0813,2026-06-26 10:22:12,Web,Error
4772,U0315,2026-06-18 13:43:00,Android,Error
6911,U0532,2026-06-17 07:14:00,iOS,Exitoso
14460,U0810,2026-06-09 08:27:00,Android,Exitoso
3482,U0079,2026-06-25 05:10:00,iOS,Error
15709,,2026-06-26 10:12:20,Web,Error
4436,U0098,2026-06-03 19:54:00,Android,Error
4,,2026-06-27 05:08:00,Android,Error
2752,U0787,2026-06-20 17:13:00,Web,Error
10831,U0614,2026-06-20 16:45:00,Web,Exitoso
5819,U0957,2026-06-10 20:07:00,iOS,Exitoso
11874,U0938,2026-06-26 19:31:00,Android,Exitoso
12505,U0840,2026-06-17 00:23:00,Android,Exitoso
5445,U0677,2026-06-19 05:30:00,iOS,Exitoso
2329,U0643,2026-06-15 05:54:00,iOS,Error
7038,U0800,2026-06-08 12:47:00,iOS,Exitoso
15119,,2026-06-26 10:04:45,Web,Error
814,U0257,2026-06-05 10:55:00,Web,Error
10766,U0817,2026-06-22 03:24:00,iOS,Exitoso
1987,U0400,2026-06-21 12:38:00,Android,Error
876,U0170,2026-06-10 05:14:00,Web,Error
13471,U0589,2026-06-16 05:31:00,Web,Exitoso
6100,U0684,2026-06-25 13:53:00,Android,Exitoso
2851,U0925,2026-06-03 01:55:00,Web,Error
13828,U0719,2026-06-16 14:13:00,Web,Exitoso
13060,U0587,2026-06-02 00:59:00,Web,Exitoso
15788,,2026-06-26 10:10:51,Web,Error
5985,U0565,2026-06-20 06:03:00,iOS,Exitoso
3785,U0351,2026-06-27 00:08:00,Android,Error
12515,U0922,2026-06-16 04:27:00,iOS,Exitoso
13714,U0711,2026-06-02 04:52:00,Android,Exitoso
9598,U0781,2026-06-27 13:07:00,Android,Exitoso
15133,,2026-06-26 10:29:20,Web,Error
11644,U0560,2026-06-28 03:30:00,iOS,Exitoso
12334,U0673,2026-06-09 12:33:00,Web,Exitoso
4123,U0751,2026-06-22 02:45:00,Web,Error
14701,U0662,2026-06-25 04:03:00,Android,Exitoso
14023,U0815,2026-06-04 18:10:00,iOS,Exitoso
4715,U0918,2026-06-06 21:59:00,Web,Error
11846,U0881,2026-06-18 01:39:00,Android,Exitoso
4450,U0145,2026-06-15 04:36:00,Web,Error
12913,U0564,2026-06-25 05:29:00,iOS,Exitoso
1364,U0320,2026-06-22 13:54:00,Android,Error
2515,U0491,2026-06-25 00:16:00,Android,Error
8114,U0693,2026-06-08 07:07:00,Android,Exitoso
11745,U0914,2026-06-04 04:44:00,Web,Exitoso
14504,U0913,2026-06-19 20:12:00,Android,Exitoso
5145,U0923,2026-06-16 15:41:00,Web,Exitoso
12050,U0636,2026-06-01 14:41:00,Android,Exitoso
359,,2026-06-19 07:31:00,iOS,Error
12395,U0945,2026-06-11 03:40:00,iOS,Exitoso
7847,U0532,2026-06-23 13:10:00,Web,Exitoso
6295,U0918,2026-06-18 11:24:00,iOS,Exitoso
15549,,2026-06-26 10:18:01,Web,Error
13677,U0567,2026-06-02 16:32:00,Android,Exitoso
15851,,2026-06-26 10:00:25,Web,Error
8460,U0844,2026-06-18 09:46:00,Android,Exitoso
16023,,2026-06-26 10:26:52,Web,Error
1999,,2026-06-21 10:41:00,Web,Error
15092,,2026-06-26 10:26:52,Web,Error
9278,U0826,2026-06-16 08:33:00,Web,Exitoso
11434,U0708,2026-06-06 01:16:00,Web,Exitoso
935,U0277,2026-06-14 02:46:00,Web,Error
1435,U0371,2026-06-01 10:30:00,Android,Error
15443,,2026-06-26 10:18:15,Web,Error
4628,U0189,2026-06-24 07:54:00,Web,Error
5264,U0722,2026-06-22 09:30:00,iOS,Exitoso
1387,U0628,2026-06-01 00:12:00,Web,Error
4164,U0070,2026-06-27 05:12:00,Android,Error
13286,U0721,2026-06-16 16:01:00,Web,Exitoso
4841,,2026-06-03 18:24:00,Web,Error
11122,U0490,2026-06-06 12:11:00,Android,Exitoso
1373,,2026-06-17 21:40:00,Web,Error
3467,U0415,2026-06-27 01:33:00,Android,Error
4067,U0815,2026-06-10 09:13:00,Web,Error
2392,U0143,2026-06-22 04:00:00,iOS,Error
14962,U0548,2026-06-19 04:11:00,Android,Exitoso
15271,,2026-06-26 10:28:42,Web,Error
9154,U0533,2026-06-03 14:18:00,Web,Exitoso
12793,U0900,2026-06-19 04:58:00,Android,Exitoso
4235,U0545,2026-06-01 13:25:00,Web,Error
1115,U0132,2026-06-24 04:08:00,iOS,Error
15270,,2026-06-26 10:11:41,Web,Error
2775,,2026-06-18 22:12:00,iOS,Error
6525,U0470,2026-06-20 14:18:00,Android,Exitoso
14151,U0642,2026-06-16 00:58:00,Android,Exitoso
13950,U0861,2026-06-17 11:14:00,Web,Exitoso
7433,U0725,2026-06-11 02:34:00,iOS,Exitoso
13848,U0477,2026-06-21 17:15:00,Web,Exitoso
9098,U0872,2026-06-13 20:30:00,iOS,Exitoso
7797,U0765,2026-06-14 21:01:00,Web,Exitoso
12733,U0616,2026-06-19 14:29:00,Web,Exitoso
15781,,2026-06-26 10:29:06,Web,Error
11682,U0847,2026-06-27 16:20:00,Web,Exitoso
6690,U0540,2026-06-23 12:49:00,Web,Exitoso
12181,U0644,2026-06-19 00:17:00,Android,Exitoso
10354,U0886,2026-06-19 01:12:00,Web,Exitoso
5809,U0623,2026-06-20 21:08:00,iOS,Exitoso
7500,U0627,2026-06-02 09:03:00,Android,Exitoso
3205,,2026-06-03 23:33:00,Web,Error
8990,U0590,2026-06-09 08:34:00,Android,Exitoso
9563,U0998,2026-06-03 13:22:00,Web,Exitoso
5775,U0830,2026-06-12 15:30:00,iOS,Exitoso
7962,U0646,2026-06-16 19:12:00,Web,Exitoso
10863,U0781,2026-06-21 05:03:00,Android,Exitoso
6438,U0655,2026-06-13 00:25:00,iOS,Exitoso
5302,U0604,2026-06-10 07:00:00,Android,Exitoso
5174,U0642,2026-06-20 07:28:00,Web,Exitoso
12137,U0773,2026-06-26 14:10:00,Web,Exitoso
7689,U0958,2026-06-08 13:10:00,Android,Exitoso
3828,U0215,2026-06-22 03:26:00,Android,Error
15934,,2026-06-26 10:07:55,Web,Error
3384,U0745,2026-06-05 03:09:00,Android,Error
8732,U0516,2026-06-17 10:49:00,Android,Exitoso
6293,U0616,2026-06-05 05:37:00,Android,Exitoso
15373,,2026-06-26 10:27:40,Web,Error
15483,,2026-06-26 10:06:31,Web,Error
7517,U0657,2026-06-21 06:02:00,Android,Exitoso
2273,,2026-06-05 15:56:00,Web,Error
3064,U0338,2026-06-10 01:17:00,Android,Error
4722,,2026-06-09 21:22:00,Web,Error
6799,U0508,2026-06-23 08:52:00,Web,Exitoso
8946,U0816,2026-06-17 12:49:00,iOS,Exitoso
3742,U0009,2026-06-19 21:59:00,iOS,Error
5360,U0702,2026-06-06 12:31:00,Web,Exitoso
11996,U0990,2026-06-28 08:55:00,Android,Exitoso
8567,U0760,2026-06-28 11:17:00,Web,Exitoso
12089,U0601,2026-06-24 16:38:00,Android,Exitoso
5773,U0808,2026-06-18 00:38:00,Web,Exitoso
2896,U0240,2026-06-18 05:15:00,iOS,Error
14714,U0954,2026-06-24 19:02:00,iOS,Exitoso
13326,U0774,2026-06-13 13:46:00,Web,Exitoso
10966,U0739,2026-06-05 20:11:00,iOS,Exitoso
11621,U0513,2026-06-28 13:24:00,Android,Exitoso
8052,U0671,2026-06-28 09:07:00,Web,Exitoso
6131,U0949,2026-06-25 20:59:00,Android,Exitoso
6409,U0888,2026-06-08 16:13:00,iOS,Exitoso
3461,,2026-06-03 23:56:00,Web,Error
10021,U0873,2026-06-10 05:45:00,Android,Exitoso
9561,U0610,2026-06-11 09:21:00,Android,Exitoso
3792,U0251,2026-06-04 09:43:00,Android,Error
10480,U0486,2026-06-14 16:56:00,Web,Exitoso
7249,U0552,2026-06-17 01:32:00,Android,Exitoso
3539,U0264,2026-06-09 15:32:00,Web,Error
11488,U0533,2026-06-05 13:15:00,Web,Exitoso
3245,U0080,2026-06-20 10:53:00,Android,Error
3221,U0571,2026-06-17 11:47:00,Web,Error
14835,U0609,2026-06-27 18:59:00,Web,Exitoso
8591,U0640,2026-06-18 16:58:00,iOS,Exitoso
6367,U0832,2026-06-28 00:14:00,Android,Exitoso
14437,U0724,2026-06-02 16:00:00,Web,Exitoso
8953,U0822,2026-06-19 22:17:00,Web,Exitoso
1110,,2026-06-02 20:06:00,Android,Error
4808,U0045,2026-06-16 10:31:00,Web,Error
1762,,2026-06-06 09:45:00,Web,Error
12644,U0701,2026-06-14 22:36:00,Android,Exitoso
13711,U0857,2026-06-27 01:25:00,Web,Exitoso
3166,U0562,2026-06-26 11:58:00,Android,Error
9476,U0473,2026-06-01 08:04:00,Web,Exitoso
3080,,2026-06-23 22:12:00,iOS,Error
4785,U0269,2026-06-12 21:45:00,Android,Error
11178,U0679,2026-06-04 05:49:00,Web,Exitoso
14475,U0860,2026-06-05 00:24:00,Web,Exitoso
12757,U0979,2026-06-13 08:09:00,Android,Exitoso
7951,U0733,2026-06-07 12:23:00,Web,Exitoso
1175,,2026-06-26 06:19:00,Web,Error
15032,,2026-06-26 10:28:13,Web,Error
2497,U0383,2026-06-17 01:31:00,Android,Error
16269,U0897,2026-06-26 10:03:41,Web,Error
7275,U0482,2026-06-08 04:18:00,iOS,Exitoso
1446,U0104,2026-06-20 20:02:00,Web,Error
7024,U0794,2026-06-08 09:46:00,Android,Exitoso
13420,U0889,2026-06-07 19:00:00,Android,Exitoso
8441,U0836,2026-06-24 04:55:00,Android,Exitoso
9491,U0935,2026-06-05 00:44:00,iOS,Exitoso
9261,U0595,2026-06-16 05:10:00,iOS,Exitoso
1382,U0368,2026-06-13 03:25:00,iOS,Error
6259,U0729,2026-06-22 14:17:00,Android,Exitoso
4426,U0001,2026-06-09 19:03:00,iOS,Error
3577,U0563,2026-06-18 15:13:00,Android,Error
10525,U0869,2026-06-26 00:45:00,Android,Exitoso
13461,U0928,2026-06-19 00:24:00,Android,Exitoso
10836,U0570,2026-06-03 17:11:00,Android,Exitoso
5260,U0890,2026-06-12 18:42:00,iOS,Exitoso
7468,U0934,2026-06-03 20:40:00,Android,Exitoso
15534,,2026-06-26 10:01:45,Web,Error
3357,,2026-06-04 00:23:00,iOS,Error
13564,U0597,2026-06-19 14:02:00,Web,Exitoso
3907,,2026-06-14 09:26:00,Web,Error
76,U0229,2026-06-17 02:05:00,Web,Error
4861,U0545,2026-06-25 19:14:00,Web,Error
12032,U0907,2026-06-18 14:35:00,iOS,Exitoso
7051,U0800,2026-06-18 19:03:00,Android,Exitoso
13411,U0779,2026-06-10 10:32:00,Android,Exitoso
15942,,2026-06-26 10:22:45,Web,Error
6494,U0481,2026-06-08 14:32:00,iOS,Exitoso
12701,U0537,2026-06-19 14:48:00,Web,Exitoso
11943,U0629,2026-06-12 03:22:00,Web,Exitoso
1044,U0320,2026-06-27 03:22:00,Web,Error
8885,U0852,2026-06-20 13:18:00,Web,Exitoso
13589,U0544,2026-06-26 03:33:00,Web,Exitoso
8392,U0621,2026-06-11 18:47:00,iOS,Exitoso
2836,,2026-06-11 22:56:00,Android,Error
15963,,2026-06-26 10:22:36,Web,Error
4050,U0018,2026-06-26 21:37:00,iOS,Error
10946,U0667,2026-06-15 08:46:00,iOS,Exitoso
4908,U0792,2026-06-26 16:52:00,Web,Error
1111,U0216,2026-06-13 07:39:00,Android,Error
6316,U0713,2026-06-10 20:14:00,Android,Exitoso
3890,U0184,2026-06-11 11:26:00,iOS,Error
10429,U0815,2026-06-12 01:41:00,iOS,Exitoso
9680,U0523,2026-06-23 15:19:00,Android,Exitoso
8638,U0603,2026-06-16 18:21:00,Android,Exitoso
16063,,2026-06-26 10:14:01,Web,Error
14144,U0551,2026-06-25 09:10:00,Android,Exitoso
14785,U0967,2026-06-28 10:43:00,iOS,Exitoso
11466,U0484,2026-06-15 03:47:00,iOS,Exitoso
11052,U0697,2026-06-03 17:52:00,Android,Exitoso
7697,U0871,2026-06-03 09:27:00,Android,Exitoso
14414,U0948,2026-06-16 08:54:00,Web,Exitoso
9969,U0876,2026-06-20 00:28:00,Android,Exitoso
1848,U0354,2026-06-09 22:34:00,Android,Error
1741,U0268,2026-06-04 18:34:00,Web,Error
13202,U0860,2026-06-10 22:31:00,Android,Exitoso
945,U0251,2026-06-19 19:19:00,iOS,Error
6846,U0763,2026-06-02 10:36:00,iOS,Exitoso
10325,U0803,2026-06-24 06:34:00,Android,Exitoso
12688,U0880,2026-06-01 18:23:00,Android,Exitoso
8802,U0843,2026-06-24 06:06:00,Web,Exitoso
3805,U0078,2026-06-22 02:12:00,iOS,Error
469,,2026-06-02 22:44:00,Web,Error
6089,U0470,2026-06-02 06:00:00,iOS,Exitoso
1524,U0350,2026-06-10 15:59:00,iOS,Error
11670,U0808,2026-06-08 00:40:00,iOS,Exitoso
13268,U0854,2026-06-18 06:39:00,iOS,Exitoso
14381,U0821,2026-06-06 10:52:00,Android,Exitoso
12855,U0781,2026-06-03 17:11:00,Android,Exitoso
11750,U0692,2026-06-13 00:05:00,Web,Exitoso
11491,U0841,2026-06-24 01:05:00,Android,Exitoso
7550,U0596,2026-06-11 02:01:00,Web,Exitoso
13697,U0633,2026-06-27 07:05:00,Android,Exitoso
6971,U0978,2026-06-20 06:14:00,iOS,Exitoso
16514,U0897,2026-06-26 10:10:45,Web,Error
15896,,2026-06-26 10:03:42,Web,Error
8199,U0553,2026-06-13 05:20:00,Web,Exitoso
12408,U0702,2026-06-18 05:17:00,Android,Exitoso
6553,U0981,2026-06-04 22:52:00,Web,Exitoso
5201,U0755,2026-06-07 06:20:00,Web,Exitoso
6352,U0828,2026-06-15 07:44:00,Web,Exitoso
5059,U0759,2026-06-19 00:27:00,Android,Exitoso
9517,U0863,2026-06-07 21:52:00,iOS,Exitoso
3826,U0484,2026-06-09 15:07:00,Android,Error
14198,U0476,2026-06-04 16:53:00,Android,Exitoso
844,,2026-06-04 08:52:00,Web,Error
1933,U0308,2026-06-15 02:08:00,iOS,Error
7813,U0638,2026-06-26 18:01:00,Android,Exitoso
12628,U0905,2026-06-28 00:48:00,iOS,Exitoso
7130,U0578,2026-06-18 21:32:00,iOS,Exitoso
3490,U0320,2026-06-21 02:17:00,iOS,Error
16182,,2026-06-26 10:09:10,Web,Error
308,U0685,2026-06-08 15:14:00,Web,Error
9788,U0793,2026-06-08 07:12:00,iOS,Exitoso
8769,U0880,2026-06-01 14:37:00,iOS,Exitoso
7091,U1000,2026-06-15 03:49:00,Web,Exitoso
10275,U0905,2026-06-11 12:43:00,Android,Exitoso
16381,U0969,2026-06-26 10:28:51,Web,Error
1743,U0904,2026-06-20 13:26:00,Web,Error
3560,U0155,2026-06-18 14:13:00,Web,Error
157,U0133,2026-06-28 12:38:00,Web,Error
14509,U0881,2026-06-21 23:09:00,Web,Exitoso
1839,U0622,2026-06-24 20:31:00,Web,Error
10887,U0823,2026-06-02 10:57:00,iOS,Exitoso
1780,U0383,2026-06-23 02:04:00,Web,Error
8164,U0846,2026-06-25 20:51:00,Android,Exitoso
9605,U0808,2026-06-19 09:21:00,Android,Exitoso
1414,,2026-06-07 21:41:00,Web,Error
13908,U0619,2026-06-05 20:59:00,iOS,Exitoso
2590,U0265,2026-06-01 20:49:00,Web,Error
670,,2026-06-09 00:07:00,Web,Error
5678,U0497,2026-06-28 17:10:00,iOS,Exitoso
463,,2026-06-23 14:30:00,Web,Error
12201,U0705,2026-06-10 19:04:00,Android,Exitoso
8471,U0989,2026-06-10 00:17:00,iOS,Exitoso
13187,U0942,2026-06-16 22:38:00,Android,Exitoso
7005,U0520,2026-06-02 03:23:00,iOS,Exitoso
14304,U0816,2026-06-25 13:26:00,iOS,Exitoso
5843,U0725,2026-06-04 03:08:00,Web,Exitoso
7706,U0965,2026-06-25 16:19:00,Web,Exitoso
3498,,2026-06-03 08:00:00,Web,Error
7483,U0828,2026-06-05 15:39:00,Web,Exitoso
11916,U0994,2026-06-07 21:20:00,Android,Exitoso
1057,U0079,2026-06-09 12:55:00,Android,Error
5728,U0881,2026-06-26 21:57:00,Android,Exitoso
10726,U0740,2026-06-11 18:27:00,iOS,Exitoso
7318,U0915,2026-06-23 00:19:00,iOS,Exitoso
8725,U0550,2026-06-18 20:49:00,Android,Exitoso
13923,U0927,2026-06-09 02:57:00,Android,Exitoso
11843,U0639,2026-06-06 10:23:00,Web,Exitoso
3194,U0615,2026-06-17 15:58:00,Web,Error
1311,U0281,2026-06-21 16:30:00,iOS,Error
4757,U0051,2026-06-10 02:11:00,Android,Error
7826,U0943,2026-06-27 07:44:00,iOS,Exitoso
3575,U0238,2026-06-19 12:26:00,Android,Error
1986,U0444,2026-06-09 14:53:00,Android,Error
5685,U0851,2026-06-11 22:28:00,Android,Exitoso
9744,U0479,2026-06-01 22:31:00,iOS,Exitoso
14912,U0992,2026-06-23 07:38:00,iOS,Exitoso
12422,U0494,2026-06-25 08:22:00,Android,Exitoso
8817,U0555,2026-06-16 12:59:00,Android,Exitoso
4098,U0369,2026-06-20 02:01:00,iOS,Error
12299,U0628,2026-06-09 22:14:00,iOS,Exitoso
16071,,2026-06-26 10:28:12,Web,Error
9839,U0500,2026-06-09 15:57:00,Web,Exitoso
12700,U0696,2026-06-01 21:12:00,iOS,Exitoso
516,,2026-06-17 04:08:00,Web,Error
13281,U0484,2026-06-09 05:21:00,iOS,Exitoso
7876,U0818,2026-06-11 02:51:00,iOS,Exitoso
15988,,2026-06-26 10:05:29,Web,Error
11231,U0727,2026-06-16 05:19:00,Web,Exitoso
1858,,2026-06-04 05:19:00,Android,Error
974,U0128,2026-06-10 16:40:00,Android,Error
12239,U0669,2026-06-01 20:22:00,Android,Exitoso
8249,U0912,2026-06-09 20:44:00,Web,Exitoso
7851,U0966,2026-06-19 20:00:00,Web,Exitoso
9638,U0494,2026-06-20 04:20:00,Android,Exitoso
15870,,2026-06-26 10:21:03,Web,Error
2262,,2026-06-26 13:24:00,Web,Error
7789,U0512,2026-06-17 04:31:00,iOS,Exitoso
225,,2026-06-28 05:45:00,Android,Error
1673,U0239,2026-06-27 12:38:00,Web,Error
2230,U0250,2026-06-08 18:05:00,iOS,Error
5051,U0719,2026-06-17 01:52:00,Web,Exitoso
4079,,2026-06-05 19:07:00,Web,Error
5857,U0810,2026-06-03 03:35:00,Web,Exitoso
16262,U0773,2026-06-26 10:18:53,Web,Error
14281,U0539,2026-06-03 03:04:00,Web,Exitoso
8697,U0562,2026-06-21 19:47:00,Android,Exitoso
2346,U0106,2026-06-16 13:02:00,Web,Error
3616,,2026-06-15 12:45:00,Web,Error
11082,U0648,2026-06-19 22:35:00,iOS,Exitoso
14604,U0785,2026-06-17 10:49:00,Android,Exitoso
5138,U0994,2026-06-15 05:16:00,iOS,Exitoso
1271,U0222,2026-06-02 08:25:00,Android,Error
8882,U0556,2026-06-13 16:49:00,Android,Exitoso
16443,U0964,2026-06-26 10:22:45,Web,Error
2815,U0411,2026-06-06 10:03:00,iOS,Error
4879,U0134,2026-06-26 14:27:00,Web,Error
15291,,2026-06-26 10:16:48,Web,Error
11553,U0910,2026-06-16 00:01:00,iOS,Exitoso
14156,U0946,2026-06-16 01:36:00,Android,Exitoso
4820,U0920,2026-06-22 04:30:00,Web,Error
14972,U0944,2026-06-18 19:34:00,Web,Exitoso
8190,U0473,2026-06-10 22:12:00,iOS,Exitoso
9198,U0508,2026-06-03 05:32:00,Android,Exitoso
9269,U0539,2026-06-08 13:44:00,Android,Exitoso
10229,U0633,2026-06-13 04:11:00,Android,Exitoso
9742,U0552,2026-06-26 09:21:00,iOS,Exitoso
13196,U0602,2026-06-08 06:20:00,iOS,Exitoso
16084,,2026-06-26 10:13:37,Web,Error
8277,U0543,2026-06-10 04:09:00,iOS,Exitoso
10069,U0951,2026-06-05 16:26:00,Android,Exitoso
152,,2026-06-06 15:41:00,Android,Error
13392,U0524,2026-06-22 17:09:00,iOS,Exitoso
7809,U0933,2026-06-02 04:36:00,Android,Exitoso
2488,U0422,2026-06-26 12:19:00,iOS,Error
11519,U0956,2026-06-28 10:40:00,Web,Exitoso
7865,U0651,2026-06-24 11:06:00,Android,Exitoso
10227,U0549,2026-06-12 10:16:00,iOS,Exitoso
4536,U0087,2026-06-12 08:52:00,iOS,Error
472,U0379,2026-06-09 18:02:00,iOS,Error
4377,U0063,2026-06-16 07:25:00,iOS,Error
9599,U0938,2026-06-18 02:51:00,Android,Exitoso
7084,U0978,2026-06-04 16:15:00,Android,Exitoso
11987,U0860,2026-06-15 05:53:00,iOS,Exitoso
2741,U0409,2026-06-09 09:19:00,Web,Error
6644,U0609,2026-06-26 11:56:00,Web,Exitoso
6540,U0787,2026-06-27 15:22:00,iOS,Exitoso
8691,U0465,2026-06-19 10:01:00,Android,Exitoso
10356,U0531,2026-06-12 19:22:00,Android,Exitoso
16421,U0512,2026-06-26 10:25:46,Web,Error
1392,,2026-06-25 06:05:00,Web,Error
2044,U0736,2026-06-01 02:56:00,Web,Error
5179,U0957,2026-06-12 10:07:00,iOS,Exitoso
6092,U0771,2026-06-14 11:08:00,Web,Exitoso
2305,U0378,2026-06-01 22:44:00,Android,Error
13131,U0551,2026-06-06 04:10:00,Android,Exitoso
13549,U0592,2026-06-25 02:21:00,Web,Exitoso
465,U0178,2026-06-19 22:09:00,Web,Error
10434,U0548,2026-06-22 12:23:00,Web,Exitoso
11205,U0586,2026-06-23 09:25:00,iOS,Exitoso
11145,U0877,2026-06-04 06:10:00,Web,Exitoso
4174,U0444,2026-06-16 04:45:00,Web,Error
15692,,2026-06-26 10:24:20,Web,Error
15532,,2026-06-26 10:01:45,Web,Error
12416,U0564,2026-06-12 08:08:00,Android,Exitoso
12255,U0481,2026-06-08 04:19:00,Web,Exitoso
4355,U0308,2026-06-12 23:17:00,iOS,Error
1100,U0559,2026-06-08 12:29:00,Web,Error
12779,U0595,2026-06-02 15:11:00,Web,Exitoso
15501,,2026-06-26 10:22:38,Web,Error
11065,U0535,2026-06-21 04:11:00,Web,Exitoso
6795,U0635,2026-06-06 07:30:00,iOS,Exitoso
2481,U0299,2026-06-21 14:08:00,Web,Error
15125,,2026-06-26 10:01:52,Web,Error
15198,,2026-06-26 10:20:56,Web,Error
12876,U0837,2026-06-25 12:41:00,Web,Exitoso
13883,U0644,2026-06-11 15:15:00,Android,Exitoso
2768,U0813,2026-06-01 13:11:00,iOS,Error
3639,U0040,2026-06-15 08:56:00,Web,Error
1396,U0289,2026-06-19 17:10:00,iOS,Error
2797,U0228,2026-06-28 10:44:00,Web,Error
11762,U0771,2026-06-22 16:40:00,Android,Exitoso
15221,,2026-06-26 10:10:44,Web,Error
7958,U0762,2026-06-08 17:18:00,Android,Exitoso
4721,U0731,2026-06-25 03:54:00,Web,Error
4302,U0353,2026-06-27 11:10:00,iOS,Error
9664,U0519,2026-06-25 15:03:00,Android,Exitoso
11514,U0590,2026-06-04 20:00:00,Android,Exitoso
6872,U0988,2026-06-25 20:50:00,Android,Exitoso
9135,U0532,2026-06-12 14:39:00,Android,Exitoso
13454,U0901,2026-06-02 23:23:00,iOS,Exitoso
7006,U0675,2026-06-22 21:40:00,Web,Exitoso
11642,U0994,2026-06-16 06:08:00,iOS,Exitoso
9012,U0622,2026-06-25 01:08:00,Web,Exitoso
2171,U0235,2026-06-22 11:56:00,Web,Error
9220,U0458,2026-06-02 13:53:00,iOS,Exitoso
7755,U0617,2026-06-19 08:53:00,Android,Exitoso
9319,U0542,2026-06-03 19:12:00,iOS,Exitoso
8377,U0938,2026-06-22 06:54:00,iOS,Exitoso
12831,U0536,2026-06-17 14:20:00,Web,Exitoso
7527,U0650,2026-06-23 14:36:00,Web,Exitoso
1876,,2026-06-22 20:26:00,Web,Error
256,U0035,2026-06-10 16:29:00,Android,Error
15506,,2026-06-26 10:06:20,Web,Error
7425,U0745,2026-06-20 17:58:00,Web,Exitoso
14329,U0907,2026-06-14 09:36:00,iOS,Exitoso
10087,U0659,2026-06-12 11:57:00,Android,Exitoso
9590,U0842,2026-06-09 11:19:00,Android,Exitoso
11173,U0505,2026-06-17 18:52:00,Web,Exitoso
14212,U0972,2026-06-01 12:24:00,Android,Exitoso
14128,U0623,2026-06-07 16:49:00,Android,Exitoso
12742,U0834,2026-06-14 00:02:00,Web,Exitoso
7476,U0765,2026-06-10 04:12:00,Android,Exitoso
12992,U0841,2026-06-05 07:34:00,Android,Exitoso
118,,2026-06-16 23:41:00,Android,Error
1167,,2026-06-16 06:32:00,iOS,Error
10514,U0757,2026-06-24 23:34:00,Web,Exitoso
8709,U0451,2026-06-15 12:49:00,Web,Exitoso
8324,U0979,2026-06-12 05:45:00,Android,Exitoso
3511,U0372,2026-06-02 12:22:00,Web,Error
15971,,2026-06-26 10:18:37,Web,Error
5191,U0625,2026-06-07 15:00:00,Web,Exitoso
9840,U0505,2026-06-17 10:32:00,iOS,Exitoso
4507,U0069,2026-06-15 20:25:00,Web,Error
4277,U0918,2026-06-08 01:48:00,Web,Error
9442,U0492,2026-06-16 22:58:00,iOS,Exitoso
15586,,2026-06-26 10:26:54,Web,Error
14617,U0734,2026-06-18 08:17:00,iOS,Exitoso
8574,U0919,2026-06-03 10:33:00,Web,Exitoso
16116,,2026-06-26 10:29:26,Web,Error
3360,U0167,2026-06-21 21:01:00,Android,Error
11867,U0571,2026-06-26 14:44:00,iOS,Exitoso
5120,U0532,2026-06-07 05:52:00,iOS,Exitoso
6593,U0851,2026-06-10 11:21:00,Android,Exitoso
14457,U0481,2026-06-25 20:10:00,Android,Exitoso
12730,U0642,2026-06-25 04:46:00,Android,Exitoso
7832,U0459,2026-06-23 11:58:00,Android,Exitoso
424,,2026-06-12 14:35:00,Web,Error
13868,U0923,2026-06-12 13:04:00,iOS,Exitoso
15207,,2026-06-26 10:02:08,Web,Error
2395,,2026-06-02 04:31:00,Android,Error
9509,U0788,2026-06-12 13:39:00,iOS,Exitoso
7068,U0909,2026-06-17 03:57:00,Android,Exitoso
16284,U0687,2026-06-26 10:11:35,Web,Error
13032,U0847,2026-06-23 13:54:00,iOS,Exitoso
8834,U0742,2026-06-18 10:13:00,Web,Exitoso
13756,U0523,2026-06-10 12:03:00,Web,Exitoso
11177,U0984,2026-06-11 15:11:00,Android,Exitoso
9055,U0929,2026-06-18 10:55:00,Android,Exitoso
210,U0227,2026-06-20 05:15:00,iOS,Error
3914,,2026-06-25 20:17:00,Web,Error
1798,,2026-06-27 13:45:00,Web,Error
9888,U0513,2026-06-13 00:45:00,Android,Exitoso
12092,U0721,2026-06-04 16:54:00,Android,Exitoso
1182,,2026-06-04 07:49:00,Android,Error
4574,U0940,2026-06-07 21:26:00,Web,Error
10473,U0814,2026-06-24 07:04:00,iOS,Exitoso
8415,U0861,2026-06-03 13:56:00,iOS,Exitoso
9660,U0606,2026-06-12 21:42:00,iOS,Exitoso
2666,U0126,2026-06-28 04:42:00,iOS,Error
2453,,2026-06-20 17:24:00,Android,Error
6338,U0996,2026-06-02 22:32:00,Android,Exitoso
8478,U0810,2026-06-25 20:41:00,Web,Exitoso
12502,U0818,2026-06-25 01:34:00,Android,Exitoso
14297,U0606,2026-06-05 02:11:00,iOS,Exitoso
3880,U0600,2026-06-23 06:44:00,Web,Error
16316,U0657,2026-06-26 10:16:03,Web,Error
1000,U0310,2026-06-01 21:39:00,Web,Error
1437,U0143,2026-06-24 08:06:00,Web,Error
9149,U0819,2026-06-28 00:09:00,Web,Exitoso
14270,U0888,2026-06-18 16:17:00,Android,Exitoso
2362,U0386,2026-06-04 23:50:00,Android,Error
10218,U0531,2026-06-24 20:06:00,iOS,Exitoso
3310,,2026-06-01 17:59:00,Web,Error
7400,U0866,2026-06-12 19:24:00,iOS,Exitoso
1496,U0268,2026-06-06 20:10:00,Android,Error
1644,U0141,2026-06-01 21:03:00,iOS,Error
1610,U0870,2026-06-01 22:56:00,Android,Error
8255,U0707,2026-06-04 04:35:00,Web,Exitoso
10137,U0614,2026-06-24 13:47:00,Android,Exitoso
13262,U0642,2026-06-10 16:04:00,iOS,Exitoso
10340,U0563,2026-06-02 21:55:00,Android,Exitoso
7359,U0757,2026-06-27 00:38:00,Web,Exitoso
6363,U0987,2026-06-10 23:31:00,Android,Exitoso
2681,U0103,2026-06-09 12:11:00,iOS,Error
11994,U0635,2026-06-21 18:22:00,Android,Exitoso
11185,U0784,2026-06-18 06:16:00,iOS,Exitoso
8791,U0919,2026-06-22 23:56:00,iOS,Exitoso
13902,U0479,2026-06-28 14:54:00,Web,Exitoso
13956,U0986,2026-06-03 07:27:00,Web,Exitoso
15420,,2026-06-26 10:25:15,Web,Error
4052,U0130,2026-06-12 17:48:00,iOS,Error
3320,,2026-06-22 08:38:00,Web,Error
12821,U0587,2026-06-13 09:28:00,iOS,Exitoso
6012,U0813,2026-06-06 01:53:00,Web,Exitoso
16450,U0717,2026-06-26 10:01:21,Web,Error
5189,U0673,2026-06-20 20:56:00,Android,Exitoso
15812,,2026-06-26 10:11:45,Web,Error
7098,U0710,2026-06-22 15:17:00,iOS,Exitoso
4776,U0482,2026-06-03 06:49:00,Web,Error
11114,U0935,2026-06-15 18:01:00,Web,Exitoso
668,,2026-06-23 08:37:00,Web,Error
14035,U0574,2026-06-15 11:16:00,Android,Exitoso
7321,U0577,2026-06-04 00:29:00,Android,Exitoso
5876,U0619,2026-06-28 00:20:00,Android,Exitoso
11110,U0933,2026-06-23 12:42:00,iOS,Exitoso
15691,,2026-06-26 10:00:17,Web,Error
1628,,2026-06-20 01:59:00,Web,Error
13153,U0469,2026-06-12 14:04:00,iOS,Exitoso
11502,U0782,2026-06-23 14:59:00,Android,Exitoso
14600,U0847,2026-06-08 17:39:00,Web,Exitoso
10072,U0908,2026-06-22 00:52:00,Web,Exitoso
12871,U0888,2026-06-24 02:01:00,Web,Exitoso
10510,U0988,2026-06-14 12:46:00,iOS,Exitoso
15186,,2026-06-26 10:16:07,Web,Error
12407,U0950,2026-06-28 17:39:00,Web,Exitoso
9366,U0996,2026-06-10 09:01:00,Web,Exitoso
4705,,2026-06-13 00:36:00,Web,Error
10965,U0489,2026-06-12 17:46:00,iOS,Exitoso
12799,U0510,2026-06-09 01:40:00,iOS,Exitoso
13228,U0739,2026-06-06 19:30:00,Android,Exitoso
9806,U0835,2026-06-18 08:27:00,Web,Exitoso
608,,2026-06-15 01:00:00,Android,Error
14216,U0853,2026-06-04 16:47:00,Android,Exitoso
13490,U0792,2026-06-16 02:19:00,Android,Exitoso
13601,U0455,2026-06-14 03:12:00,Android,Exitoso
3680,,2026-06-08 11:04:00,Web,Error
4048,U0093,2026-06-19 05:21:00,iOS,Error
653,,2026-06-28 15:58:00,Android,Error
4634,U0244,2026-06-07 23:45:00,iOS,Error
2614,U0416,2026-06-05 20:46:00,Web,Error
2711,,2026-06-03 22:43:00,iOS,Error
9591,U0607,2026-06-05 03:47:00,Web,Exitoso
11711,U0573,2026-06-03 13:22:00,Web,Exitoso
2776,,2026-06-13 05:12:00,Web,Error
13197,U0717,2026-06-17 21:16:00,Android,Exitoso
1296,U0058,2026-06-25 20:42:00,iOS,Error
10065,U0619,2026-06-09 14:15:00,iOS,Exitoso
3277,U0450,2026-06-03 09:45:00,iOS,Error
6469,U0690,2026-06-10 05:19:00,Android,Exitoso
7989,U0769,2026-06-06 23:07:00,Web,Exitoso
206,U0180,2026-06-06 08:05:00,Android,Error
14022,U0658,2026-06-26 08:42:00,Web,Exitoso
12741,U0526,2026-06-12 15:49:00,Android,Exitoso
2866,U0011,2026-06-17 12:44:00,Web,Error
8545,U0915,2026-06-25 14:22:00,Android,Exitoso
2939,U0342,2026-06-08 07:42:00,Android,Error
10632,U0978,2026-06-04 07:49:00,Web,Exitoso
10794,U0774,2026-06-13 15:11:00,Web,Exitoso
79,U0313,2026-06-19 02:58:00,iOS,Error
6044,U0743,2026-06-14 23:51:00,Android,Exitoso
11463,U0686,2026-06-10 10:30:00,Web,Exitoso
14822,U0771,2026-06-25 11:38:00,Android,Exitoso
1687,U0343,2026-06-20 07:18:00,Android,Error
15336,,2026-06-26 10:26:21,Web,Error
14832,U0540,2026-06-08 00:41:00,Web,Exitoso
6075,U0781,2026-06-26 07:17:00,Android,Exitoso
12716,U0599,2026-06-23 18:44:00,iOS,Exitoso
16323,U0620,2026-06-26 10:06:25,Web,Error
4352,U0881,2026-06-03 19:11:00,Web,Error
231,U0826,2026-06-01 05:15:00,Web,Error
13082,U0811,2026-06-28 09:05:00,Web,Exitoso
3285,U0308,2026-06-01 21:26:00,Web,Error
16487,U0779,2026-06-26 10:16:49,Web,Error
6721,U0763,2026-06-08 02:59:00,iOS,Exitoso
5462,U0683,2026-06-23 04:48:00,Web,Exitoso
8931,U0908,2026-06-06 14:44:00,Android,Exitoso
2852,U0366,2026-06-15 20:46:00,Android,Error
4190,,2026-06-22 06:25:00,Web,Error
678,,2026-06-22 14:30:00,Web,Error
1794,U0128,2026-06-13 05:24:00,iOS,Error
6497,U0547,2026-06-02 16:11:00,Android,Exitoso
14957,U0664,2026-06-19 14:20:00,Android,Exitoso
4291,U0982,2026-06-02 01:33:00,Web,Error
8688,U0784,2026-06-24 13:08:00,iOS,Exitoso
13966,U0791,2026-06-25 11:43:00,iOS,Exitoso
11092,U0895,2026-06-14 00:19:00,Web,Exitoso
12082,U0816,2026-06-24 11:10:00,iOS,Exitoso
10564,U0861,2026-06-26 13:36:00,Android,Exitoso
15030,,2026-06-26 10:05:42,Web,Error
16440,U0524,2026-06-26 10:14:04,Web,Error
8150,U0580,2026-06-23 08:02:00,Android,Exitoso
7138,U0813,2026-06-26 06:43:00,iOS,Exitoso
14012,U0472,2026-06-01 07:14:00,Android,Exitoso
1303,U0645,2026-06-27 10:54:00,iOS,Error
10580,U0877,2026-06-08 08:46:00,Web,Exitoso
15600,,2026-06-26 10:10:40,Web,Error
7465,U0982,2026-06-18 22:47:00,iOS,Exitoso
15773,,2026-06-26 10:00:39,Web,Error
14795,U0910,2026-06-27 10:23:00,Android,Exitoso
7041,U0708,2026-06-25 21:04:00,Android,Exitoso
1630,U0389,2026-06-20 05:44:00,iOS,Error
10343,U0915,2026-06-12 18:09:00,iOS,Exitoso
517,U0456,2026-06-23 15:49:00,iOS,Error
15559,,2026-06-26 10:13:33,Web,Error
10064,U0859,2026-06-16 05:53:00,Android,Exitoso
7516,U0605,2026-06-21 19:09:00,Web,Exitoso
4331,,2026-06-01 16:06:00,Web,Error
8607,U0856,2026-06-15 18:42:00,Android,Exitoso
11408,U0707,2026-06-13 15:02:00,iOS,Exitoso
6304,U0737,2026-06-10 21:08:00,Web,Exitoso
1062,U0892,2026-06-06 19:04:00,Web,Error
7327,U0818,2026-06-11 14:41:00,iOS,Exitoso
649,U0407,2026-06-19 04:01:00,Web,Error
1666,U0366,2026-06-10 11:06:00,iOS,Error
15394,,2026-06-26 10:19:40,Web,Error
2112,U0287,2026-06-18 11:35:00,Android,Error
10375,U0482,2026-06-16 02:06:00,Android,Exitoso
7792,U0567,2026-06-12 14:38:00,Web,Exitoso
5680,U0522,2026-06-07 09:21:00,Android,Exitoso
13686,U0759,2026-06-10 08:22:00,Android,Exitoso
1119,U0558,2026-06-18 09:31:00,Web,Error
479,,2026-06-12 14:54:00,iOS,Error
4609,U0039,2026-06-28 17:36:00,iOS,Error
12043,U0611,2026-06-03 01:39:00,iOS,Exitoso
3963,U0437,2026-06-17 02:27:00,iOS,Error
10853,U0704,2026-06-03 06:10:00,Android,Exitoso
13181,U0813,2026-06-28 08:36:00,iOS,Exitoso
5744,U0781,2026-06-22 13:39:00,Android,Exitoso
9150,U0779,2026-06-21 03:53:00,Web,Exitoso
16035,,2026-06-26 10:04:16,Web,Error
10893,U0977,2026-06-19 01:42:00,Web,Exitoso
5981,U0773,2026-06-04 17:39:00,iOS,Exitoso
1376,U0486,2026-06-27 12:30:00,Web,Error
16382,U0826,2026-06-26 10:18:32,Web,Error
1310,U0518,2026-06-10 23:16:00,Android,Error
4054,U0016,2026-06-09 05:43:00,iOS,Error
3349,,2026-06-04 17:38:00,Web,Error
1295,U0295,2026-06-25 22:59:00,Web,Error
7025,U0593,2026-06-16 09:03:00,Web,Exitoso
7143,U0631,2026-06-25 21:43:00,Android,Exitoso
3827,,2026-06-12 13:01:00,Web,Error
4873,U0128,2026-06-08 03:08:00,iOS,Error
8543,U0923,2026-06-14 13:05:00,Android,Exitoso
15190,,2026-06-26 10:13:43,Web,Error
14286,U0761,2026-06-10 07:46:00,iOS,Exitoso
3170,U0002,2026-06-10 23:06:00,Android,Error
12726,U0689,2026-06-17 09:10:00,Android,Exitoso
11007,U0739,2026-06-14 19:34:00,Android,Exitoso
8636,U0626,2026-06-05 00:46:00,Android,Exitoso
16053,,2026-06-26 10:00:47,Web,Error
15416,,2026-06-26 10:08:14,Web,Error
14752,U0813,2026-06-12 09:38:00,Android,Exitoso
13266,U0623,2026-06-06 16:22:00,Web,Exitoso
5265,U0670,2026-06-11 14:21:00,Android,Exitoso
8969,U0686,2026-06-25 20:56:00,iOS,Exitoso
9127,U0475,2026-06-15 02:57:00,Android,Exitoso
12481,U0669,2026-06-18 03:07:00,iOS,Exitoso
4100,,2026-06-09 04:21:00,Web,Error
15300,,2026-06-26 10:02:16,Web,Error
8351,U0558,2026-06-23 02:59:00,Android,Exitoso
14594,U0972,2026-06-16 23:23:00,iOS,Exitoso
15469,,2026-06-26 10:13:28,Web,Error
769,,2026-06-05 21:59:00,Web,Error
5429,U0585,2026-06-02 00:42:00,iOS,Exitoso
5115,U0739,2026-06-17 22:57:00,Web,Exitoso
4963,U0319,2026-06-27 03:22:00,Android,Error
4894,U0493,2026-06-26 02:55:00,Web,Error
15581,,2026-06-26 10:18:43,Web,Error
12163,U0841,2026-06-05 21:52:00,Web,Exitoso
4594,,2026-06-22 06:51:00,Web,Error
10713,U0531,2026-06-01 19:36:00,Web,Exitoso
6200,U0835,2026-06-01 16:20:00,iOS,Exitoso
2955,,2026-06-06 22:57:00,Web,Error
1371,U0030,2026-06-22 05:47:00,Android,Error
13499,U0967,2026-06-20 18:08:00,Web,Exitoso
1607,U0153,2026-06-23 10:04:00,iOS,Error
2205,U0998,2026-06-15 08:54:00,Web,Error
16272,U0866,2026-06-26 10:12:19,Web,Error
3985,,2026-06-15 11:43:00,Web,Error
16239,U0951,2026-06-26 10:00:22,Web,Error
1198,U0440,2026-06-15 08:29:00,Web,Error
15444,,2026-06-26 10:28:10,Web,Error
9466,U0682,2026-06-25 11:48:00,Android,Exitoso
6417,U0522,2026-06-11 07:15:00,Web,Exitoso
10136,U0696,2026-06-28 13:46:00,Android,Exitoso
3840,,2026-06-24 23:08:00,Web,Error
11343,U0750,2026-06-01 01:57:00,Web,Exitoso
14115,U0488,2026-06-02 04:22:00,iOS,Exitoso
9473,U0478,2026-06-04 18:30:00,Web,Exitoso
8986,U0634,2026-06-20 14:23:00,iOS,Exitoso
8306,U0893,2026-06-10 04:24:00,Android,Exitoso
12524,U0631,2026-06-11 21:22:00,Android,Exitoso
15554,,2026-06-26 10:12:56,Web,Error
12943,U0503,2026-06-21 06:50:00,Web,Exitoso
9871,U0788,2026-06-24 01:43:00,iOS,Exitoso
12926,U0556,2026-06-01 19:14:00,Android,Exitoso
8911,U0668,2026-06-24 02:55:00,Web,Exitoso
16465,U0851,2026-06-26 10:23:54,Web,Error
1684,,2026-06-08 14:50:00,Android,Error
6307,U0543,2026-06-01 08:34:00,iOS,Exitoso
6861,U0670,2026-06-08 07:52:00,Web,Exitoso
2783,U0079,2026-06-27 11:45:00,Android,Error
6365,U0882,2026-06-09 09:25:00,iOS,Exitoso
15491,,2026-06-26 10:18:14,Web,Error
2033,,2026-06-04 05:18:00,Web,Error
957,,2026-06-07 03:29:00,Web,Error
8373,U0659,2026-06-22 13:50:00,iOS,Exitoso
12904,U0941,2026-06-16 06:36:00,Web,Exitoso
9210,U0533,2026-06-09 14:37:00,Android,Exitoso
15592,,2026-06-26 10:06:30,Web,Error
10062,U0500,2026-06-02 13:58:00,iOS,Exitoso
4225,U0959,2026-06-15 02:35:00,Web,Error
7827,U0978,2026-06-04 00:58:00,Web,Exitoso
6707,U0662,2026-06-25 09:33:00,Web,Exitoso
9011,U0553,2026-06-06 18:44:00,iOS,Exitoso
9897,U0879,2026-06-10 13:51:00,iOS,Exitoso
395,U0197,2026-06-23 04:50:00,Android,Error
10049,U0523,2026-06-06 18:21:00,Web,Exitoso
15959,,2026-06-26 10:03:03,Web,Error
4317,U0165,2026-06-07 12:04:00,iOS,Error
6658,U0952,2026-06-10 05:55:00,iOS,Exitoso
12026,U0701,2026-06-06 10:00:00,iOS,Exitoso
12529,U0692,2026-06-25 04:35:00,Web,Exitoso
7411,U0799,2026-06-02 04:37:00,iOS,Exitoso
2003,U0245,2026-06-18 14:37:00,iOS,Error
5348,U0685,2026-06-04 03:42:00,Android,Exitoso
2025,U0578,2026-06-25 15:40:00,Web,Error
15636,,2026-06-26 10:24:21,Web,Error
10648,U0549,2026-06-10 02:55:00,Web,Exitoso
8562,U0836,2026-06-06 17:59:00,iOS,Exitoso
16074,,2026-06-26 10:27:21,Web,Error
327,U0565,2026-06-28 18:40:00,Web,Error
10266,U0683,2026-06-19 16:02:00,Android,Exitoso
8353,U0957,2026-06-11 20:42:00,Android,Exitoso
8542,U0682,2026-06-01 01:52:00,iOS,Exitoso
13086,U0673,2026-06-08 00:48:00,Android,Exitoso
60,U0244,2026-06-01 23:26:00,iOS,Error
11069,U0772,2026-06-23 19:48:00,iOS,Exitoso
3189,,2026-06-27 14:59:00,Web,Error
13168,U0473,2026-06-16 12:40:00,iOS,Exitoso
5637,U0816,2026-06-02 09:04:00,iOS,Exitoso
6515,U0561,2026-06-07 04:22:00,Android,Exitoso
14674,U0492,2026-06-02 22:06:00,Web,Exitoso
4731,,2026-06-17 23:20:00,Web,Error
11879,U0996,2026-06-17 10:05:00,Android,Exitoso
995,U0655,2026-06-25 19:27:00,Web,Error
15413,,2026-06-26 10:17:51,Web,Error
14946,U0945,2026-06-21 13:10:00,iOS,Exitoso
4347,U0273,2026-06-04 12:34:00,iOS,Error
12125,U0469,2026-06-20 05:52:00,Android,Exitoso
1629,U0611,2026-06-20 13:26:00,Web,Error
11027,U0474,2026-06-11 16:34:00,iOS,Exitoso
6187,U0602,2026-06-10 20:30:00,Web,Exitoso
29,,2026-06-22 14:27:00,Android,Error
12927,U0745,2026-06-26 17:29:00,Web,Exitoso
6376,U0887,2026-06-15 00:42:00,Android,Exitoso
13133,U0848,2026-06-22 05:42:00,iOS,Exitoso
8749,U0753,2026-06-01 16:06:00,Android,Exitoso
10530,U0807,2026-06-25 05:27:00,iOS,Exitoso
6016,U0971,2026-06-17 04:15:00,Web,Exitoso
5507,U0812,2026-06-20 06:52:00,iOS,Exitoso
7664,U0772,2026-06-18 17:22:00,iOS,Exitoso
5746,U0821,2026-06-20 12:09:00,Android,Exitoso
4728,U0396,2026-06-21 08:25:00,Web,Error
7013,U0684,2026-06-17 01:19:00,iOS,Exitoso
14177,U0471,2026-06-19 04:50:00,Web,Exitoso
12774,U0560,2026-06-09 10:19:00,iOS,Exitoso
8244,U0474,2026-06-12 01:58:00,Web,Exitoso
6504,U0571,2026-06-19 23:37:00,Android,Exitoso
14881,U0860,2026-06-17 18:50:00,Android,Exitoso
2,U0305,2026-06-26 12:58:00,Web,Error
7341,U0830,2026-06-04 17:08:00,iOS,Exitoso
9883,U0878,2026-06-27 08:02:00,Android,Exitoso
5822,U0810,2026-06-26 12:34:00,Web,Exitoso
15276,,2026-06-26 10:02:58,Web,Error
10286,U0774,2026-06-11 05:30:00,Android,Exitoso
10799,U0838,2026-06-19 11:40:00,Android,Exitoso
1233,U0149,2026-06-19 12:07:00,Android,Error
11924,U0671,2026-06-04 22:24:00,Android,Exitoso
1080,U0436,2026-06-18 21:42:00,Web,Error
6115,U0638,2026-06-07 00:24:00,iOS,Exitoso
12064,U0745,2026-06-24 16:44:00,Android,Exitoso
725,,2026-06-25 18:57:00,Web,Error
754,U0867,2026-06-03 02:48:00,Web,Error
6262,U0574,2026-06-06 19:16:00,Android,Exitoso
8979,U0849,2026-06-19 10:54:00,Android,Exitoso
14605,U0726,2026-06-20 14:09:00,iOS,Exitoso
849,U0325,2026-06-19 15:35:00,Android,Error
12143,U0927,2026-06-05 06:39:00,Android,Exitoso
2029,U0393,2026-06-25 00:57:00,Web,Error
15107,,2026-06-26 10:17:24,Web,Error
11651,U0904,2026-06-11 14:48:00,iOS,Exitoso
16232,U0844,2026-06-26 10:04:22,Web,Error
4022,,2026-06-13 18:52:00,Web,Error
11640,U0510,2026-06-21 12:06:00,iOS,Exitoso
12008,U0717,2026-06-14 11:40:00,iOS,Exitoso
11130,U0750,2026-06-25 09:09:00,Web,Exitoso
11480,U0503,2026-06-17 02:43:00,Android,Exitoso
16416,U0608,2026-06-26 10:04:12,Web,Error
4234,U0409,2026-06-13 00:37:00,Web,Error
7281,U0564,2026-06-23 16:02:00,Web,Exitoso
14735,U0451,2026-06-20 03:36:00,iOS,Exitoso
16013,,2026-06-26 10:07:50,Web,Error
14208,U0984,2026-06-09 13:51:00,Android,Exitoso
8826,U0956,2026-06-10 15:36:00,Web,Exitoso
10547,U0853,2026-06-09 09:01:00,iOS,Exitoso
8119,U0552,2026-06-14 12:33:00,iOS,Exitoso
8215,U0589,2026-06-16 21:17:00,Web,Exitoso
15169,,2026-06-26 10:14:22,Web,Error
3076,U0830,2026-06-23 04:59:00,Web,Error
6362,U0951,2026-06-16 02:57:00,iOS,Exitoso
16513,U0864,2026-06-26 10:26:30,Web,Error
9722,U0567,2026-06-17 07:16:00,Web,Exitoso
8910,U0977,2026-06-19 16:09:00,Web,Exitoso
6828,U0762,2026-06-06 16:48:00,iOS,Exitoso
15654,,2026-06-26 10:27:07,Web,Error
15365,,2026-06-26 10:07:41,Web,Error
4203,U0365,2026-06-13 00:46:00,Android,Error
6068,U0709,2026-06-13 22:49:00,Web,Exitoso
15045,,2026-06-26 10:05:51,Web,Error
11357,U0861,2026-06-25 16:12:00,Web,Exitoso
290,U0839,2026-06-07 11:52:00,Web,Error
8895,U0937,2026-06-10 16:26:00,Web,Exitoso
73,U0303,2026-06-02 22:49:00,Web,Error
3755,,2026-06-06 21:53:00,Web,Error
6898,U0934,2026-06-25 04:54:00,Web,Exitoso
9399,U0893,2026-06-15 14:18:00,Web,Exitoso
5479,U0879,2026-06-20 17:03:00,Web,Exitoso
8474,U0782,2026-06-15 03:16:00,iOS,Exitoso
13154,U0784,2026-06-14 12:56:00,Android,Exitoso
5892,U0620,2026-06-12 17:34:00,iOS,Exitoso
830,U0415,2026-06-18 06:54:00,iOS,Error
8937,U0784,2026-06-19 01:43:00,Android,Exitoso
127,,2026-06-01 01:14:00,Android,Error
13237,U0946,2026-06-15 04:42:00,iOS,Exitoso
2542,U0372,2026-06-16 14:45:00,Web,Error
11263,U0568,2026-06-05 20:46:00,Android,Exitoso
9089,U0545,2026-06-14 17:34:00,Web,Exitoso
9767,U0871,2026-06-15 05:27:00,Android,Exitoso
9798,U0959,2026-06-08 21:03:00,Android,Exitoso
13731,U0695,2026-06-10 22:30:00,Web,Exitoso
5280,U0751,2026-06-12 08:20:00,Android,Exitoso
2350,U0630,2026-06-16 22:22:00,Web,Error
12168,U0549,2026-06-11 00:03:00,Android,Exitoso
12079,U0952,2026-06-04 11:28:00,Web,Exitoso
3767,U0149,2026-06-20 05:17:00,iOS,Error
5392,U0903,2026-06-12 08:27:00,iOS,Exitoso
12007,U0855,2026-06-06 00:00:00,Web,Exitoso
9221,U0556,2026-06-04 12:39:00,Web,Exitoso
38,U0678,2026-06-24 20:52:00,Android,Error
1505,U0421,2026-06-11 18:54:00,iOS,Error
12480,U0943,2026-06-01 10:26:00,iOS,Exitoso
10217,U0663,2026-06-26 15:26:00,Android,Exitoso
553,U0666,2026-06-26 03:22:00,Web,Error
2743,U0928,2026-06-19 20:35:00,Web,Error
8133,U0815,2026-06-26 23:13:00,Web,Exitoso
8498,U0992,2026-06-15 03:08:00,Web,Exitoso
5325,U0709,2026-06-16 04:34:00,iOS,Exitoso
9145,U0614,2026-06-13 01:39:00,iOS,Exitoso
10571,U0740,2026-06-02 15:07:00,Android,Exitoso
2074,U0838,2026-06-21 04:42:00,Web,Error
16170,,2026-06-26 10:08:19,Web,Error
12329,U0764,2026-06-17 08:04:00,Web,Exitoso
4579,U0027,2026-06-02 04:44:00,iOS,Error
4368,U0019,2026-06-27 08:53:00,Android,Error
7932,U0974,2026-06-16 21:21:00,Android,Exitoso
4520,U0297,2026-06-23 01:26:00,Web,Error
12065,U0871,2026-06-05 09:20:00,Android,Exitoso
13015,U0855,2026-06-09 09:24:00,Web,Exitoso
1565,U0168,2026-06-10 08:05:00,iOS,Error
13412,U0695,2026-06-10 21:10:00,iOS,Exitoso
313,U0271,2026-06-07 08:37:00,Web,Error
2754,,2026-06-04 17:01:00,Web,Error
13734,U0731,2026-06-04 18:09:00,iOS,Exitoso
1002,U0320,2026-06-26 02:04:00,iOS,Error
4911,U0440,2026-06-12 15:27:00,Web,Error
16142,,2026-06-26 10:04:52,Web,Error
15001,,2026-06-26 10:03:54,Web,Error
1537,U0267,2026-06-23 20:43:00,Android,Error
14984,U0615,2026-06-26 21:16:00,Android,Exitoso
12962,U0876,2026-06-01 11:50:00,Web,Exitoso
2928,U0432,2026-06-24 00:40:00,iOS,Error
686,U0410,2026-06-07 05:35:00,Web,Error
5873,U0585,2026-06-27 17:56:00,Android,Exitoso
1685,U0366,2026-06-19 02:05:00,Android,Error
10118,U0680,2026-06-11 14:12:00,iOS,Exitoso
3734,,2026-06-07 02:04:00,Web,Error
6897,U0888,2026-06-01 18:14:00,Web,Exitoso
3671,,2026-06-22 05:24:00,Web,Error
776,U0787,2026-06-09 18:35:00,Web,Error
15505,,2026-06-26 10:26:51,Web,Error
2285,,2026-06-22 21:05:00,Web,Error
9400,U0687,2026-06-16 02:32:00,Web,Exitoso
13441,U0538,2026-06-23 03:46:00,Web,Exitoso
13440,U0760,2026-06-12 20:47:00,Android,Exitoso
2821,U0164,2026-06-27 17:29:00,iOS,Error
6410,U0524,2026-06-17 06:46:00,iOS,Exitoso
6763,U0701,2026-06-02 09:17:00,iOS,Exitoso
4867,U0615,2026-06-28 04:28:00,Web,Error
5054,U0552,2026-06-07 13:58:00,Android,Exitoso
7885,U0942,2026-06-16 06:37:00,Android,Exitoso
2702,U0003,2026-06-01 02:54:00,iOS,Error
7350,U0695,2026-06-19 19:49:00,iOS,Exitoso
10093,U0785,2026-06-24 18:13:00,Web,Exitoso
7444,U0593,2026-06-28 04:21:00,iOS,Exitoso
12705,U0753,2026-06-04 06:39:00,iOS,Exitoso
9619,U0528,2026-06-22 04:25:00,iOS,Exitoso
9850,U0806,2026-06-06 00:55:00,Android,Exitoso
1268,U0554,2026-06-01 05:03:00,Android,Error
7204,U0761,2026-06-06 12:48:00,Web,Exitoso
4990,U0427,2026-06-18 10:51:00,Android,Error
3182,U0218,2026-06-07 12:22:00,Android,Error
11498,U0972,2026-06-07 19:15:00,iOS,Exitoso
7299,U0566,2026-06-12 19:05:00,Web,Exitoso
4611,U0104,2026-06-05 08:04:00,iOS,Error
16423,U0709,2026-06-26 10:22:42,Web,Error
82,U0459,2026-06-06 04:15:00,Web,Error
1453,U0773,2026-06-07 02:34:00,iOS,Error
14536,U0581,2026-06-16 15:26:00,iOS,Exitoso
9034,U0986,2026-06-01 04:14:00,Android,Exitoso
7412,U0777,2026-06-04 18:31:00,iOS,Exitoso
16247,U0747,2026-06-26 10:11:46,Web,Error
7661,U0634,2026-06-21 17:07:00,Web,Exitoso
93,,2026-06-14 19:04:00,Web,Error
43,U0388,2026-06-23 11:04:00,iOS,Error
4194,,2026-06-10 07:46:00,Web,Error
1327,,2026-06-25 03:57:00,Web,Error
13126,U0825,2026-06-12 09:03:00,Web,Exitoso
928,U0389,2026-06-27 17:45:00,Android,Error
15598,,2026-06-26 10:21:03,Web,Error
15457,,2026-06-26 10:25:47,Web,Error
1922,,2026-06-04 19:18:00,Web,Error
15059,,2026-06-26 10:00:34,Web,Error
13016,U0601,2026-06-20 16:45:00,iOS,Exitoso
6586,U0845,2026-06-28 00:48:00,Web,Exitoso
1569,,2026-06-11 05:17:00,Android,Error
10608,U0948,2026-06-01 17:05:00,Android,Exitoso
14589,U0687,2026-06-27 11:30:00,iOS,Exitoso
15075,,2026-06-26 10:19:39,Web,Error
9557,U0804,2026-06-07 16:21:00,Web,Exitoso
12928,U0823,2026-06-26 04:10:00,iOS,Exitoso
8828,U0856,2026-06-14 22:58:00,Web,Exitoso
15918,,2026-06-26 10:29:40,Web,Error
3606,U0022,2026-06-15 05:42:00,Android,Error
7028,U0659,2026-06-24 05:22:00,iOS,Exitoso
8371,U0977,2026-06-24 09:10:00,Web,Exitoso
6292,U0565,2026-06-22 05:26:00,iOS,Exitoso
4065,,2026-06-02 11:39:00,Web,Error
5807,U0893,2026-06-24 05:19:00,iOS,Exitoso
15660,,2026-06-26 10:29:30,Web,Error
12461,U0572,2026-06-25 23:42:00,iOS,Exitoso
10935,U0912,2026-06-10 14:53:00,Web,Exitoso
9948,U0875,2026-06-21 14:03:00,iOS,Exitoso
301,,2026-06-04 22:08:00,Web,Error
5866,U0839,2026-06-16 19:32:00,Android,Exitoso
11935,U0811,2026-06-26 00:23:00,Android,Exitoso
9330,U0542,2026-06-09 08:44:00,Android,Exitoso
11880,U0924,2026-06-07 00:48:00,Web,Exitoso
3373,,2026-06-12 15:15:00,Web,Error
12521,U0787,2026-06-02 06:43:00,Web,Exitoso
11656,U0531,2026-06-21 17:36:00,iOS,Exitoso
9455,U0919,2026-06-25 05:00:00,Android,Exitoso
8044,U0648,2026-06-20 21:54:00,Android,Exitoso
14004,U0508,2026-06-01 02:42:00,iOS,Exitoso
280,U0808,2026-06-16 11:56:00,iOS,Error
13942,U0717,2026-06-10 14:38:00,iOS,Exitoso
10720,U0582,2026-06-06 05:48:00,iOS,Exitoso
2221,U0330,2026-06-14 20:34:00,Web,Error
11233,U0629,2026-06-01 10:47:00,iOS,Exitoso
11825,U0596,2026-06-04 20:10:00,Android,Exitoso
13502,U0793,2026-06-22 15:22:00,Android,Exitoso
3255,,2026-06-22 06:01:00,Web,Error
701,U0340,2026-06-19 03:50:00,iOS,Error
7740,U0775,2026-06-06 04:56:00,iOS,Exitoso
5719,U0775,2026-06-10 22:07:00,iOS,Exitoso
10757,U0905,2026-06-23 20:11:00,Android,Exitoso
10604,U0683,2026-06-16 07:40:00,Android,Exitoso
15674,,2026-06-26 10:01:43,Web,Error
5518,U0718,2026-06-27 23:20:00,Web,Exitoso
7065,U0644,2026-06-06 04:34:00,Web,Exitoso
4448,U0151,2026-06-02 20:32:00,Android,Error
13871,U0569,2026-06-18 12:16:00,Android,Exitoso
11015,U0520,2026-06-14 15:49:00,Android,Exitoso
3514,U0692,2026-06-06 08:00:00,Web,Error
2159,U0570,2026-06-15 01:48:00,iOS,Error
5737,U0535,2026-06-13 22:58:00,iOS,Exitoso
5755,U0586,2026-06-24 05:54:00,Web,Exitoso
14765,U0896,2026-06-13 15:11:00,Web,Exitoso
18,,2026-06-08 07:00:00,iOS,Error
13928,U0599,2026-06-15 08:17:00,Web,Exitoso
14955,U0513,2026-06-13 11:00:00,Android,Exitoso
13518,U0552,2026-06-21 02:52:00,iOS,Exitoso
997,U0258,2026-06-01 19:57:00,Web,Error
2549,U0854,2026-06-02 13:57:00,Web,Error
924,U0207,2026-06-23 16:06:00,Android,Error
4985,U0719,2026-06-04 04:06:00,Web,Error
3603,U0319,2026-06-12 03:45:00,Web,Error
15440,,2026-06-26 10:26:36,Web,Error
2279,,2026-06-20 07:01:00,Android,Error
3222,U0852,2026-06-17 17:53:00,Web,Error
4139,U0324,2026-06-05 14:02:00,Web,Error
1324,,2026-06-14 21:55:00,Android,Error
987,U0262,2026-06-24 20:23:00,Android,Error
16075,,2026-06-26 10:28:07,Web,Error
10389,U0486,2026-06-12 03:45:00,Android,Exitoso
1814,U0487,2026-06-26 07:59:00,iOS,Error
4093,,2026-06-24 08:17:00,Web,Error
13939,U0903,2026-06-09 16:57:00,Android,Exitoso
11793,U0735,2026-06-14 01:06:00,Android,Exitoso
738,U0134,2026-06-02 23:34:00,Web,Error
15517,,2026-06-26 10:06:40,Web,Error
2652,,2026-06-12 08:24:00,Web,Error
2469,U0001,2026-06-06 09:17:00,Android,Error
7650,U0931,2026-06-21 22:27:00,Web,Exitoso
15622,,2026-06-26 10:04:33,Web,Error
15392,,2026-06-26 10:25:19,Web,Error
7518,U0633,2026-06-02 14:41:00,iOS,Exitoso
1800,U0007,2026-06-02 23:44:00,Android,Error
1291,U0475,2026-06-02 15:19:00,Web,Error
13128,U0640,2026-06-23 19:18:00,iOS,Exitoso
6152,U0882,2026-06-18 01:16:00,Android,Exitoso
13186,U0725,2026-06-05 12:42:00,Web,Exitoso
4572,U0016,2026-06-01 07:58:00,Web,Error
13831,U0857,2026-06-18 14:32:00,Web,Exitoso
10246,U0941,2026-06-22 08:46:00,iOS,Exitoso
13355,U0609,2026-06-27 01:53:00,Web,Exitoso
11713,U0920,2026-06-11 06:05:00,Android,Exitoso
5014,U0780,2026-06-10 03:38:00,Web,Exitoso
16137,,2026-06-26 10:26:41,Web,Error
15259,,2026-06-26 10:09:22,Web,Error
10768,U0960,2026-06-26 08:00:00,Web,Exitoso
10715,U0594,2026-06-01 04:53:00,Web,Exitoso
9382,U0742,2026-06-25 08:14:00,iOS,Exitoso
3008,,2026-06-15 08:19:00,Web,Error
85,U0103,2026-06-16 10:46:00,Web,Error
13700,U0891,2026-06-23 05:56:00,Android,Exitoso
15204,,2026-06-26 10:27:08,Web,Error
2185,U0848,2026-06-12 18:23:00,Android,Error
981,U0313,2026-06-17 07:48:00,Android,Error
6454,U0582,2026-06-22 15:39:00,Android,Exitoso
618,U0156,2026-06-03 16:48:00,Android,Error
15026,,2026-06-26 10:28:11,Web,Error
1335,U0223,2026-06-01 19:56:00,Android,Error
750,U0339,2026-06-24 18:47:00,Web,Error
1812,U0336,2026-06-26 19:20:00,iOS,Error
14602,U0860,2026-06-02 15:35:00,Web,Exitoso
5001,U0747,2026-06-20 15:04:00,Web,Exitoso
7076,U0888,2026-06-10 15:00:00,Android,Exitoso
4827,U0150,2026-06-28 14:31:00,Web,Error
5605,U0522,2026-06-18 14:44:00,iOS,Exitoso
8423,U0493,2026-06-10 22:57:00,Web,Exitoso
9343,U0455,2026-06-23 15:14:00,Android,Exitoso
4425,U0681,2026-06-08 17:06:00,Web,Error
12566,U0719,2026-06-19 15:26:00,Android,Exitoso
16364,U0876,2026-06-26 10:22:49,Web,Error
13300,U0729,2026-06-12 15:54:00,iOS,Exitoso
9121,U0619,2026-06-08 23:28:00,Web,Exitoso
11870,U0480,2026-06-05 23:38:00,Web,Exitoso
10293,U0916,2026-06-08 05:17:00,iOS,Exitoso
3264,U0305,2026-06-07 08:24:00,iOS,Error
15601,,2026-06-26 10:27:04,Web,Error
4023,,2026-06-19 23:21:00,Web,Error
1494,U0982,2026-06-14 09:48:00,iOS,Error
10467,U0985,2026-06-19 02:08:00,iOS,Exitoso
14621,U0600,2026-06-27 05:23:00,Android,Exitoso
8296,U0671,2026-06-13 21:36:00,iOS,Exitoso
165,U0623,2026-06-24 18:44:00,Web,Error
11681,U0988,2026-06-23 01:15:00,iOS,Exitoso
2732,U0130,2026-06-11 07:29:00,iOS,Error
11761,U0997,2026-06-05 05:13:00,Android,Exitoso
9702,U0975,2026-06-09 19:13:00,Web,Exitoso
5784,U0734,2026-06-04 10:08:00,Web,Exitoso
10705,U0652,2026-06-08 02:35:00,Android,Exitoso
3351,U0483,2026-06-22 17:41:00,Web,Error
1766,U0261,2026-06-09 03:52:00,iOS,Error
2612,U0162,2026-06-20 01:31:00,Web,Error
13541,U0567,2026-06-11 18:41:00,Web,Exitoso
7250,U0552,2026-06-12 07:52:00,Web,Exitoso
14394,U0563,2026-06-25 04:05:00,Android,Exitoso
11204,U0896,2026-06-06 18:26:00,iOS,Exitoso
12773,U0723,2026-06-04 03:24:00,Android,Exitoso
15975,,2026-06-26 10:24:18,Web,Error
1595,,2026-06-03 23:52:00,Web,Error
2738,U0231,2026-06-22 14:55:00,Android,Error
9612,U0501,2026-06-18 09:20:00,Android,Exitoso
7189,U0687,2026-06-26 20:29:00,Web,Exitoso
10751,U0743,2026-06-15 14:05:00,Web,Exitoso
7454,U0818,2026-06-04 09:32:00,Web,Exitoso
4404,U0556,2026-06-18 17:37:00,Web,Error
9227,U0534,2026-06-27 10:35:00,Android,Exitoso
4885,,2026-06-28 01:40:00,Web,Error
12752,U0769,2026-06-13 09:18:00,Android,Exitoso
7828,U0785,2026-06-25 00:42:00,iOS,Exitoso
9763,U0629,2026-06-22 05:30:00,Web,Exitoso
13724,U0862,2026-06-02 17:10:00,Web,Exitoso
5522,U0805,2026-06-25 11:38:00,Android,Exitoso
1063,U0111,2026-06-06 13:26:00,Android,Error
12770,U0656,2026-06-26 05:46:00,Android,Exitoso
2927,U0044,2026-06-09 07:24:00,iOS,Error
4046,U0381,2026-06-07 15:00:00,Android,Error
12694,U0889,2026-06-26 07:23:00,Android,Exitoso
16267,U0697,2026-06-26 10:03:30,Web,Error
4746,U0384,2026-06-23 13:09:00,Web,Error
7383,U0922,2026-06-05 12:02:00,iOS,Exitoso
1918,U0335,2026-06-26 00:13:00,iOS,Error
1616,U0123,2026-06-15 06:28:00,Android,Error
15115,,2026-06-26 10:14:33,Web,Error
4447,U0592,2026-06-17 03:10:00,Web,Error
8456,U0565,2026-06-15 06:28:00,Web,Exitoso
662,U0305,2026-06-10 13:32:00,iOS,Error
810,U0447,2026-06-25 19:05:00,Web,Error
14920,U0970,2026-06-16 01:32:00,Web,Exitoso
15852,,2026-06-26 10:16:09,Web,Error
1702,U0718,2026-06-09 15:25:00,Web,Error
98,U0134,2026-06-25 17:31:00,iOS,Error
9171,U0614,2026-06-14 17:29:00,Web,Exitoso
13738,U0663,2026-06-18 02:30:00,iOS,Exitoso
16197,,2026-06-26 10:18:15,Web,Error
2241,U0638,2026-06-05 00:03:00,Web,Error
8014,U0586,2026-06-28 14:53:00,Web,Exitoso
5995,U0585,2026-06-24 20:49:00,iOS,Exitoso
2264,U0560,2026-06-19 03:23:00,Web,Error
10967,U0968,2026-06-05 16:01:00,iOS,Exitoso
13409,U0562,2026-06-13 11:03:00,Web,Exitoso
9376,U0499,2026-06-28 07:34:00,iOS,Exitoso
5848,U0559,2026-06-20 04:56:00,iOS,Exitoso
1674,U0713,2026-06-06 21:00:00,Android,Error
9794,U0740,2026-06-15 05:21:00,Web,Exitoso
10820,U0591,2026-06-15 19:38:00,Web,Exitoso
9597,U0864,2026-06-12 07:18:00,Web,Exitoso
9583,U0726,2026-06-18 13:40:00,Web,Exitoso
14997,U0742,2026-06-14 08:42:00,Android,Exitoso
5797,U0519,2026-06-27 01:02:00,iOS,Exitoso
9113,U0931,2026-06-20 16:00:00,iOS,Exitoso
710,U0085,2026-06-01 01:13:00,Android,Error
266,U0558,2026-06-06 06:18:00,Web,Error
944,U0003,2026-06-09 08:58:00,Web,Error
16418,U0691,2026-06-26 10:02:57,Web,Error
7014,U0655,2026-06-02 16:06:00,iOS,Exitoso
5102,U0686,2026-06-23 11:29:00,Android,Exitoso
4210,U0767,2026-06-21 00:47:00,Web,Error
8992,U0674,2026-06-19 17:37:00,iOS,Exitoso
1132,U0434,2026-06-13 09:32:00,iOS,Error
10492,U0795,2026-06-19 00:16:00,Android,Exitoso
14951,U0882,2026-06-23 04:35:00,Android,Exitoso
12098,U0492,2026-06-03 10:58:00,Android,Exitoso
6584,U0534,2026-06-16 04:50:00,iOS,Exitoso
14264,U0614,2026-06-20 16:23:00,Android,Exitoso
2537,U0205,2026-06-11 21:58:00,Android,Error
14224,U0773,2026-06-20 05:32:00,Android,Exitoso
11952,U0942,2026-06-01 02:09:00,Web,Exitoso
407,U0091,2026-06-15 05:25:00,iOS,Error
5248,U0800,2026-06-27 05:18:00,iOS,Exitoso
5569,U0857,2026-06-25 18:12:00,Web,Exitoso
12448,U0764,2026-06-26 10:47:00,Web,Exitoso
5519,U0541,2026-06-17 02:59:00,iOS,Exitoso
11448,U0734,2026-06-15 01:20:00,iOS,Exitoso
8662,U0517,2026-06-24 16:08:00,Android,Exitoso
14992,U0969,2026-06-27 01:29:00,Web,Exitoso
15916,,2026-06-26 10:02:52,Web,Error
8878,U0576,2026-06-15 23:29:00,iOS,Exitoso
11741,U0551,2026-06-11 23:11:00,iOS,Exitoso
8333,U0972,2026-06-14 04:04:00,Android,Exitoso
16358,U0506,2026-06-26 10:10:15,Web,Error
14678,U0482,2026-06-04 01:45:00,iOS,Exitoso
6305,U0650,2026-06-01 04:54:00,Web,Exitoso
3764,U0419,2026-06-17 19:49:00,iOS,Error
362,U0324,2026-06-12 13:02:00,Web,Error
1151,,2026-06-04 01:59:00,Web,Error
10139,U0992,2026-06-27 01:01:00,Android,Exitoso
9329,U0607,2026-06-04 08:29:00,iOS,Exitoso
13575,U0819,2026-06-19 11:28:00,Android,Exitoso
16437,U0761,2026-06-26 10:25:07,Web,Error
15362,,2026-06-26 10:26:31,Web,Error
8658,U0963,2026-06-02 19:50:00,Web,Exitoso
3865,U0588,2026-06-11 09:00:00,Android,Error
7221,U0911,2026-06-17 01:46:00,iOS,Exitoso
12006,U0673,2026-06-19 12:56:00,Web,Exitoso
8757,U0737,2026-06-26 16:34:00,Android,Exitoso
11297,U0498,2026-06-20 00:23:00,iOS,Exitoso
11869,U0777,2026-06-07 06:48:00,Android,Exitoso
14087,U0862,2026-06-02 11:25:00,iOS,Exitoso
13934,U0599,2026-06-18 03:39:00,Android,Exitoso
16510,U0943,2026-06-26 10:13:33,Web,Error
15297,,2026-06-26 10:14:18,Web,Error
7430,U0918,2026-06-02 22:13:00,Web,Exitoso
3912,,2026-06-08 10:18:00,Web,Error
13736,U0543,2026-06-13 13:29:00,Android,Exitoso
5197,U0613,2026-06-15 12:09:00,iOS,Exitoso
125,U0088,2026-06-12 10:14:00,Web,Error
4390,U0278,2026-06-23 06:08:00,Web,Error
2790,,2026-06-11 01:20:00,Web,Error
3291,U0165,2026-06-22 22:33:00,iOS,Error
16245,U0869,2026-06-26 10:27:38,Web,Error
13533,U0775,2026-06-04 07:24:00,Android,Exitoso
693,U0527,2026-06-14 02:23:00,iOS,Error
4575,U0103,2026-06-08 08:31:00,Android,Error
15111,,2026-06-26 10:22:07,Web,Error
14670,U0702,2026-06-27 04:44:00,Web,Exitoso
5682,U0471,2026-06-14 16:34:00,Android,Exitoso
9819,U0844,2026-06-22 11:57:00,iOS,Exitoso
8175,U0704,2026-06-24 01:15:00,iOS,Exitoso
15826,,2026-06-26 10:04:50,Web,Error
8225,U0949,2026-06-22 15:15:00,iOS,Exitoso
5074,U0560,2026-06-01 19:19:00,iOS,Exitoso
10924,U0860,2026-06-09 12:17:00,Web,Exitoso
6312,U0521,2026-06-11 12:11:00,Android,Exitoso
11424,U0918,2026-06-17 14:11:00,Android,Exitoso
4555,U0413,2026-06-16 14:46:00,iOS,Error
13846,U0817,2026-06-15 07:38:00,Android,Exitoso
7653,U0523,2026-06-28 04:10:00,Web,Exitoso
5684,U0581,2026-06-03 22:40:00,Android,Exitoso
12667,U0876,2026-06-14 22:16:00,iOS,Exitoso
11032,U0842,2026-06-16 13:10:00,Android,Exitoso
6350,U0931,2026-06-22 11:44:00,iOS,Exitoso
6972,U0802,2026-06-19 11:31:00,Web,Exitoso
15516,,2026-06-26 10:13:02,Web,Error
8947,U0644,2026-06-01 03:24:00,Android,Exitoso
13236,U0504,2026-06-26 23:49:00,Android,Exitoso
7616,U0975,2026-06-21 17:00:00,Web,Exitoso
12756,U0930,2026-06-20 14:14:00,Web,Exitoso
11372,U0480,2026-06-13 01:17:00,iOS,Exitoso
862,U0171,2026-06-07 12:54:00,iOS,Error
1365,,2026-06-16 20:13:00,Web,Error
6686,U0761,2026-06-20 17:48:00,Web,Exitoso
3265,U0022,2026-06-02 07:33:00,Android,Error
1586,U0390,2026-06-15 20:50:00,Android,Error
4904,U0163,2026-06-22 05:38:00,Web,Error
16396,U0614,2026-06-26 10:23:22,Web,Error
8602,U0497,2026-06-14 14:19:00,Android,Exitoso
2596,,2026-06-18 19:24:00,Web,Error
9095,U0882,2026-06-04 11:23:00,Android,Exitoso
4851,U0068,2026-06-24 15:04:00,Web,Error
9556,U0898,2026-06-06 12:50:00,Android,Exitoso
6325,U0986,2026-06-11 18:29:00,iOS,Exitoso
12933,U0874,2026-06-25 23:03:00,Web,Exitoso
5758,U0629,2026-06-17 01:13:00,Android,Exitoso
2309,U0261,2026-06-10 15:01:00,iOS,Error
6353,U0726,2026-06-02 10:09:00,iOS,Exitoso
11684,U0588,2026-06-09 04:27:00,iOS,Exitoso
3849,U0505,2026-06-22 22:44:00,Web,Error
16162,,2026-06-26 10:10:27,Web,Error
8710,U0730,2026-06-21 12:01:00,iOS,Exitoso
4801,U0689,2026-06-13 04:13:00,Web,Error
8735,U0648,2026-06-02 02:45:00,iOS,Exitoso
8692,U0662,2026-06-07 04:14:00,Web,Exitoso
1903,,2026-06-19 23:22:00,Web,Error
2077,U0357,2026-06-23 20:13:00,Web,Error
3725,,2026-06-09 19:47:00,Web,Error
13137,U0775,2026-06-14 19:14:00,Web,Exitoso
3176,,2026-06-01 06:51:00,Web,Error
13349,U0636,2026-06-07 23:33:00,Web,Exitoso
1656,U0116,2026-06-02 16:16:00,Android,Error
2240,U0319,2026-06-20 18:22:00,Android,Error
7877,U0830,2026-06-08 17:14:00,Web,Exitoso
1660,U0240,2026-06-05 22:51:00,Web,Error
14215,U0778,2026-06-19 13:47:00,iOS,Exitoso
9110,U0880,2026-06-06 23:01:00,Web,Exitoso
9060,U0970,2026-06-21 06:36:00,Android,Exitoso
9236,U0741,2026-06-09 20:50:00,iOS,Exitoso
6108,U0710,2026-06-19 13:12:00,Android,Exitoso
11348,U0721,2026-06-22 17:38:00,iOS,Exitoso
9968,U0673,2026-06-08 14:12:00,Android,Exitoso
10493,U0552,2026-06-22 22:21:00,Web,Exitoso
5463,U0703,2026-06-19 05:38:00,Web,Exitoso
8342,U0451,2026-06-12 13:39:00,Web,Exitoso
13699,U0652,2026-06-24 06:43:00,Web,Exitoso
7089,U0695,2026-06-22 13:35:00,Web,Exitoso
12357,U0565,2026-06-11 13:04:00,iOS,Exitoso
15548,,2026-06-26 10:20:29,Web,Error
5178,U0744,2026-06-20 16:28:00,iOS,Exitoso
9800,U0700,2026-06-18 05:41:00,iOS,Exitoso
8,U0333,2026-06-26 22:29:00,Android,Error
1834,,2026-06-17 09:33:00,Web,Error
2356,,2026-06-22 13:52:00,Web,Error
822,U0336,2026-06-10 22:31:00,Android,Error
4610,U0200,2026-06-19 03:42:00,Web,Error
10513,U0810,2026-06-08 14:55:00,Web,Exitoso
11468,U0569,2026-06-19 23:13:00,iOS,Exitoso
7875,U0901,2026-06-08 17:01:00,Android,Exitoso
10034,U0973,2026-06-19 09:51:00,Android,Exitoso
8923,U0687,2026-06-09 03:40:00,iOS,Exitoso
8573,U0578,2026-06-01 17:36:00,Web,Exitoso
8806,U0899,2026-06-07 04:10:00,Web,Exitoso
2819,,2026-06-12 16:12:00,iOS,Error
8395,U0561,2026-06-07 21:52:00,Android,Exitoso
12136,U0879,2026-06-27 16:51:00,Android,Exitoso
2007,,2026-06-04 21:11:00,Web,Error
4679,U0447,2026-06-26 07:07:00,Android,Error
12720,U0456,2026-06-13 15:10:00,iOS,Exitoso
5952,U0699,2026-06-12 07:13:00,Web,Exitoso
1266,U0037,2026-06-23 09:09:00,Android,Error
557,U0441,2026-06-21 08:45:00,iOS,Error
92,,2026-06-27 00:46:00,Web,Error
2867,U0370,2026-06-24 10:07:00,iOS,Error
7643,U0548,2026-06-19 05:16:00,Web,Exitoso
5912,U0600,2026-06-25 18:49:00,iOS,Exitoso
643,,2026-06-15 16:26:00,Web,Error
13439,U0897,2026-06-28 13:30:00,Android,Exitoso
2465,U0248,2026-06-22 22:27:00,iOS,Error
1792,U0050,2026-06-24 09:42:00,iOS,Error
9937,U0513,2026-06-25 10:36:00,Android,Exitoso
9892,U0710,2026-06-17 06:49:00,Web,Exitoso
2525,U0129,2026-06-07 16:47:00,Web,Error
5319,U0513,2026-06-07 05:59:00,Android,Exitoso
15538,,2026-06-26 10:16:43,Web,Error
16257,U0875,2026-06-26 10:21:25,Web,Error
6672,U0606,2026-06-22 22:41:00,iOS,Exitoso
8637,U0926,2026-06-10 03:46:00,iOS,Exitoso
7736,U0548,2026-06-16 08:21:00,iOS,Exitoso
6585,U0916,2026-06-25 12:07:00,iOS,Exitoso
1314,U0707,2026-06-08 18:47:00,Web,Error
6906,U0698,2026-06-24 11:00:00,Android,Exitoso
7982,U0897,2026-06-13 12:27:00,Web,Exitoso
15939,,2026-06-26 10:17:08,Web,Error
4066,,2026-06-23 14:38:00,Web,Error
10851,U0700,2026-06-23 02:45:00,Android,Exitoso
11650,U0963,2026-06-09 02:40:00,Android,Exitoso
2546,U0325,2026-06-27 09:16:00,iOS,Error
8394,U0486,2026-06-22 19:40:00,Web,Exitoso
1570,U0302,2026-06-22 17:31:00,iOS,Error
3753,U0678,2026-06-22 02:45:00,Web,Error
13415,U0584,2026-06-03 08:44:00,Web,Exitoso
2971,U0635,2026-06-15 07:41:00,Web,Error
9575,U0514,2026-06-25 00:44:00,Android,Exitoso
10070,U0768,2026-06-05 12:14:00,iOS,Exitoso
9746,U0458,2026-06-10 11:16:00,Web,Exitoso
6946,U0746,2026-06-06 09:55:00,Web,Exitoso
1003,,2026-06-28 04:55:00,Web,Error
7254,U0519,2026-06-22 17:31:00,Web,Exitoso
5982,U0933,2026-06-11 17:48:00,Web,Exitoso
15395,,2026-06-26 10:14:43,Web,Error
14252,U0554,2026-06-12 03:50:00,Android,Exitoso
12596,U0708,2026-06-19 15:43:00,Web,Exitoso
12788,U0742,2026-06-22 12:45:00,iOS,Exitoso
10381,U0846,2026-06-05 08:26:00,Web,Exitoso
10856,U0557,2026-06-17 10:26:00,Android,Exitoso
1793,U0082,2026-06-24 16:47:00,iOS,Error
15131,,2026-06-26 10:26:50,Web,Error
7732,U0847,2026-06-06 19:08:00,Web,Exitoso
7544,U0782,2026-06-19 20:21:00,Android,Exitoso
8172,U0544,2026-06-08 06:55:00,Android,Exitoso
1332,U0064,2026-06-24 00:26:00,iOS,Error
14187,U0751,2026-06-26 21:04:00,Web,Exitoso
13789,U0559,2026-06-28 14:50:00,Web,Exitoso
15862,,2026-06-26 10:22:26,Web,Error
4287,,2026-06-15 18:12:00,Web,Error
9242,U0496,2026-06-06 12:45:00,Android,Exitoso
5373,U0533,2026-06-23 16:48:00,iOS,Exitoso
3887,U0363,2026-06-27 00:53:00,Android,Error
13729,U0543,2026-06-18 07:06:00,Web,Exitoso
12339,U0574,2026-06-01 07:00:00,iOS,Exitoso
2934,U0343,2026-06-06 03:48:00,Android,Error
3864,,2026-06-07 01:12:00,Web,Error
906,U0333,2026-06-26 22:02:00,Web,Error
14608,U0807,2026-06-08 13:01:00,Web,Exitoso
12436,U0580,2026-06-05 23:03:00,Web,Exitoso
7094,U0638,2026-06-24 12:08:00,iOS,Exitoso
6844,U0787,2026-06-02 16:52:00,Android,Exitoso
4713,,2026-06-09 23:13:00,Web,Error
14730,U0884,2026-06-07 21:15:00,iOS,Exitoso
11236,U0780,2026-06-18 19:16:00,Android,Exitoso
655,,2026-06-25 04:19:00,Web,Error
3675,U0044,2026-06-14 03:27:00,Web,Error
1742,U0210,2026-06-14 00:57:00,iOS,Error
10184,U0636,2026-06-20 21:05:00,Web,Exitoso
14644,U0750,2026-06-13 11:00:00,iOS,Exitoso
6941,U0861,2026-06-01 12:51:00,iOS,Exitoso
344,,2026-06-15 21:07:00,Web,Error
13946,U0772,2026-06-09 16:42:00,Web,Exitoso
8402,U0474,2026-06-26 16:38:00,Web,Exitoso
5024,U0459,2026-06-17 14:58:00,iOS,Exitoso
6547,U0878,2026-06-21 19:06:00,Web,Exitoso
13161,U0909,2026-06-25 11:02:00,Android,Exitoso
3655,U0167,2026-06-02 14:46:00,Android,Error
2794,U0098,2026-06-25 10:49:00,Android,Error
10171,U0737,2026-06-22 21:29:00,Android,Exitoso
11538,U0613,2026-06-16 20:51:00,iOS,Exitoso
15017,,2026-06-26 10:19:53,Web,Error
4973,U0387,2026-06-14 12:10:00,Android,Error
11371,U0526,2026-06-02 09:40:00,Web,Exitoso
1904,,2026-06-17 23:02:00,Web,Error
8429,U0996,2026-06-08 13:21:00,Android,Exitoso
11230,U0783,2026-06-08 22:11:00,Web,Exitoso
10203,U0974,2026-06-01 03:38:00,iOS,Exitoso
11464,U0695,2026-06-24 08:21:00,Android,Exitoso
5364,U0733,2026-06-05 00:48:00,Android,Exitoso
12464,U0747,2026-06-02 04:22:00,Android,Exitoso
9091,U0765,2026-06-13 13:41:00,Web,Exitoso
6848,U0517,2026-06-11 11:23:00,iOS,Exitoso
15673,,2026-06-26 10:16:16,Web,Error
5119,U0864,2026-06-05 18:25:00,iOS,Exitoso
6369,U0502,2026-06-10 16:18:00,iOS,Exitoso
9302,U0682,2026-06-13 21:24:00,Android,Exitoso
3047,U0100,2026-06-15 08:12:00,Web,Error
6009,U0836,2026-06-08 14:55:00,iOS,Exitoso
14658,U0530,2026-06-01 23:07:00,Web,Exitoso
8010,U0772,2026-06-02 18:19:00,Web,Exitoso
15802,,2026-06-26 10:03:36,Web,Error
918,U0321,2026-06-15 13:20:00,Web,Error
946,U0858,2026-06-01 23:53:00,Web,Error
16325,U0506,2026-06-26 10:27:58,Web,Error
13588,U0625,2026-06-21 09:22:00,iOS,Exitoso
15080,,2026-06-26 10:29:06,Web,Error
3994,U0024,2026-06-26 18:29:00,Android,Error
12250,U0963,2026-06-28 01:31:00,iOS,Exitoso
7782,U0943,2026-06-05 20:18:00,Android,Exitoso
11744,U0681,2026-06-25 04:18:00,Android,Exitoso
13359,U0533,2026-06-21 12:12:00,Web,Exitoso
3218,U0231,2026-06-21 13:48:00,iOS,Error
36,,2026-06-09 01:23:00,Web,Error
7146,U0673,2026-06-15 13:06:00,Android,Exitoso
12988,U0818,2026-06-20 20:00:00,Web,Exitoso
11476,U0995,2026-06-12 16:03:00,Web,Exitoso
3019,U0767,2026-06-16 15:31:00,Web,Error
10059,U0542,2026-06-01 14:39:00,iOS,Exitoso
9724,U0917,2026-06-27 21:54:00,iOS,Exitoso
16087,,2026-06-26 10:15:07,Web,Error
3888,U0317,2026-06-25 10:24:00,Android,Error
3836,,2026-06-11 04:52:00,Web,Error
5498,U0768,2026-06-16 03:53:00,Web,Exitoso
7954,U0957,2026-06-12 14:09:00,Android,Exitoso
15999,,2026-06-26 10:07:57,Web,Error
14571,U0555,2026-06-22 22:55:00,iOS,Exitoso
1889,,2026-06-20 15:55:00,Web,Error
16234,U0694,2026-06-26 10:04:00,Web,Error
11274,U0741,2026-06-11 18:36:00,iOS,Exitoso
12364,U0853,2026-06-13 20:52:00,iOS,Exitoso
8907,U0626,2026-06-17 15:12:00,Android,Exitoso
3002,U0061,2026-06-06 04:44:00,Web,Error
10930,U0647,2026-06-19 11:17:00,Web,Exitoso
10152,U0859,2026-06-09 08:19:00,iOS,Exitoso
10206,U0562,2026-06-11 15:57:00,Android,Exitoso
11350,U0721,2026-06-01 12:35:00,Android,Exitoso
3623,U0126,2026-06-08 05:56:00,Android,Error
11438,U0889,2026-06-14 08:43:00,Android,Exitoso
14760,U0772,2026-06-01 13:38:00,Web,Exitoso
8302,U0680,2026-06-21 12:47:00,Web,Exitoso
10927,U0890,2026-06-28 06:40:00,Web,Exitoso
6161,U0932,2026-06-12 23:15:00,iOS,Exitoso
3272,U0039,2026-06-24 08:18:00,Web,Error
4939,U0324,2026-06-24 22:58:00,Android,Error
7389,U0988,2026-06-17 05:40:00,Android,Exitoso
6366,U0925,2026-06-22 13:21:00,Android,Exitoso
4008,,2026-06-24 00:05:00,Web,Error
15960,,2026-06-26 10:02:14,Web,Error
3117,U0364,2026-06-21 01:22:00,iOS,Error
5940,U0603,2026-06-20 13:56:00,iOS,Exitoso
12396,U0697,2026-06-05 02:46:00,Android,Exitoso
1179,U0318,2026-06-02 06:30:00,Android,Error
4847,,2026-06-20 07:56:00,Web,Error
12105,U0918,2026-06-15 02:25:00,Web,Exitoso
514,,2026-06-17 14:41:00,iOS,Error
8170,U0605,2026-06-01 20:42:00,Web,Exitoso
15343,,2026-06-26 10:17:19,Web,Error
6695,U0917,2026-06-09 08:26:00,Android,Exitoso
9318,U0879,2026-06-23 05:45:00,Web,Exitoso
15682,,2026-06-26 10:12:47,Web,Error
999,U0990,2026-06-26 05:08:00,Web,Error
14894,U0782,2026-06-07 06:29:00,Web,Exitoso
8240,U0704,2026-06-17 12:14:00,Web,Exitoso
12219,U0607,2026-06-23 22:23:00,iOS,Exitoso
9737,U0837,2026-06-06 18:00:00,Web,Exitoso
16308,U0631,2026-06-26 10:21:26,Web,Error
5786,U0814,2026-06-28 16:41:00,Web,Exitoso
8677,U0875,2026-06-03 15:21:00,Android,Exitoso
8325,U0552,2026-06-08 18:36:00,Web,Exitoso
9805,U0977,2026-06-14 22:48:00,Android,Exitoso
7410,U0956,2026-06-25 17:54:00,iOS,Exitoso
14618,U0875,2026-06-01 16:14:00,Android,Exitoso
8012,U0804,2026-06-27 15:55:00,Android,Exitoso
16504,U0967,2026-06-26 10:21:14,Web,Error
5405,U0679,2026-06-17 21:30:00,Android,Exitoso
2709,,2026-06-15 03:39:00,Web,Error
4218,U0386,2026-06-09 12:01:00,Android,Error
16412,U0892,2026-06-26 10:08:18,Web,Error
3637,U0102,2026-06-12 03:34:00,Web,Error
12898,U1000,2026-06-02 19:30:00,iOS,Exitoso
1366,,2026-06-04 15:05:00,Android,Error
2381,U0449,2026-06-27 16:05:00,Web,Error
10040,U0990,2026-06-28 13:34:00,Web,Exitoso
9529,U0865,2026-06-01 05:40:00,Android,Exitoso
2785,U0409,2026-06-01 03:36:00,Web,Error
1611,,2026-06-22 00:08:00,Web,Error
638,U0181,2026-06-17 09:03:00,iOS,Error
10027,U0910,2026-06-04 07:58:00,Web,Exitoso
13870,U0939,2026-06-05 13:15:00,iOS,Exitoso
8775,U0886,2026-06-10 04:22:00,Android,Exitoso
2231,,2026-06-13 07:08:00,Web,Error
13671,U0956,2026-06-22 02:52:00,Android,Exitoso
8227,U0852,2026-06-25 11:19:00,iOS,Exitoso
1040,U0613,2026-06-09 10:57:00,iOS,Error
14844,U0484,2026-06-02 03:45:00,Web,Exitoso
3034,U0536,2026-06-28 16:38:00,iOS,Error
14308,U0497,2026-06-10 05:34:00,Android,Exitoso
14201,U0477,2026-06-14 15:54:00,Android,Exitoso
6957,U0837,2026-06-20 04:18:00,Web,Exitoso
12013,U0631,2026-06-03 09:20:00,Android,Exitoso
14134,U0714,2026-06-20 21:26:00,Android,Exitoso
8569,U0983,2026-06-09 17:48:00,iOS,Exitoso
2270,U0389,2026-06-28 05:17:00,Android,Error
15863,,2026-06-26 10:03:17,Web,Error
6137,U0607,2026-06-05 15:03:00,Android,Exitoso
3096,U0082,2026-06-19 22:04:00,Web,Error
2619,U0086,2026-06-17 00:02:00,iOS,Error
15724,,2026-06-26 10:18:55,Web,Error
2936,U0181,2026-06-18 18:04:00,Android,Error
12872,U0766,2026-06-03 17:59:00,Android,Exitoso
456,U0024,2026-06-25 17:05:00,Web,Error
11242,U0666,2026-06-06 03:50:00,iOS,Exitoso
3236,,2026-06-17 19:56:00,iOS,Error
12624,U0921,2026-06-12 15:53:00,iOS,Exitoso
4459,U0809,2026-06-23 18:20:00,Web,Error
7695,U0627,2026-06-03 19:39:00,iOS,Exitoso
11415,U0611,2026-06-11 04:10:00,Web,Exitoso
105,U0327,2026-06-08 16:18:00,Android,Error
6790,U0473,2026-06-06 15:00:00,Web,Exitoso
5295,U0965,2026-06-25 19:30:00,Android,Exitoso
11305,U0828,2026-06-15 18:34:00,iOS,Exitoso
10257,U0652,2026-06-08 01:35:00,Web,Exitoso
7210,U0814,2026-06-03 07:11:00,Web,Exitoso
13988,U0538,2026-06-02 21:57:00,iOS,Exitoso
14039,U0879,2026-06-15 14:54:00,iOS,Exitoso
15620,,2026-06-26 10:13:13,Web,Error
5849,U0813,2026-06-20 13:19:00,Web,Exitoso
10469,U0753,2026-06-18 11:08:00,iOS,Exitoso
13884,U0619,2026-06-19 06:35:00,Android,Exitoso
8926,U0691,2026-06-04 01:53:00,Web,Exitoso
5283,U0749,2026-06-04 13:06:00,Android,Exitoso
9602,U0788,2026-06-21 00:00:00,iOS,Exitoso
10140,U0641,2026-06-04 13:20:00,iOS,Exitoso
12533,U0602,2026-06-07 16:18:00,Android,Exitoso
1114,U0073,2026-06-27 11:47:00,Web,Error
11742,U0707,2026-06-20 21:08:00,Web,Exitoso
8345,U0729,2026-06-06 07:39:00,Web,Exitoso
13636,U0629,2026-06-18 07:41:00,iOS,Exitoso
7039,U0771,2026-06-23 02:50:00,Android,Exitoso
7282,U0851,2026-06-19 00:23:00,Web,Exitoso
6201,U0689,2026-06-07 04:28:00,Android,Exitoso
377,U0308,2026-06-09 23:15:00,iOS,Error
9023,U0985,2026-06-23 06:47:00,Web,Exitoso
14804,U0696,2026-06-06 14:28:00,Android,Exitoso
14147,U0914,2026-06-20 01:08:00,Android,Exitoso
390,U0598,2026-06-05 01:09:00,Web,Error
11884,U0583,2026-06-22 15:57:00,Web,Exitoso
10236,U0555,2026-06-22 01:08:00,Android,Exitoso
8145,U0622,2026-06-05 19:01:00,iOS,Exitoso
1097,U0234,2026-06-25 17:48:00,iOS,Error
7018,U0660,2026-06-13 19:36:00,Android,Exitoso
3580,,2026-06-21 02:57:00,Web,Error
10942,U0724,2026-06-28 14:22:00,Web,Exitoso
9231,U0781,2026-06-01 20:06:00,Android,Exitoso
16214,U0569,2026-06-26 10:24:00,Web,Error
2923,U0067,2026-06-17 23:00:00,Android,Error
8149,U0854,2026-06-05 12:35:00,iOS,Exitoso
2718,U0379,2026-06-10 07:26:00,iOS,Error
15052,,2026-06-26 10:10:56,Web,Error
10032,U0471,2026-06-24 19:29:00,iOS,Exitoso
11799,U0491,2026-06-25 08:41:00,Web,Exitoso
14889,U0771,2026-06-11 17:38:00,Web,Exitoso
1161,U0521,2026-06-16 22:32:00,Web,Error
4442,U0211,2026-06-17 18:16:00,Web,Error
14474,U0948,2026-06-15 17:11:00,iOS,Exitoso
9084,U0801,2026-06-23 21:20:00,iOS,Exitoso
4987,,2026-06-16 09:49:00,Web,Error
13354,U0705,2026-06-15 09:18:00,Android,Exitoso
593,U0136,2026-06-19 21:57:00,Web,Error
8663,U0666,2026-06-23 09:21:00,iOS,Exitoso
2308,U0315,2026-06-15 21:18:00,iOS,Error
8889,U0592,2026-06-02 10:06:00,Android,Exitoso
2482,U0002,2026-06-23 20:00:00,Web,Error
10186,U0606,2026-06-01 15:00:00,Web,Exitoso
13496,U0725,2026-06-07 15:16:00,Android,Exitoso
1240,U0396,2026-06-20 08:40:00,Web,Error
1942,U0190,2026-06-04 18:25:00,iOS,Error
9582,U0721,2026-06-01 10:08:00,Android,Exitoso
4706,U0634,2026-06-01 20:42:00,Web,Error
4962,U0166,2026-06-23 05:56:00,iOS,Error
6130,U0842,2026-06-15 18:43:00,iOS,Exitoso
12402,U0833,2026-06-17 23:25:00,iOS,Exitoso
3226,U0309,2026-06-10 11:02:00,iOS,Error
4557,U0112,2026-06-17 22:57:00,Web,Error
4854,U0499,2026-06-26 22:03:00,Web,Error
6005,U0568,2026-06-10 13:18:00,iOS,Exitoso
11307,U0710,2026-06-07 09:58:00,iOS,Exitoso
8487,U0920,2026-06-02 09:30:00,Web,Exitoso
4041,,2026-06-16 16:16:00,Web,Error
15613,,2026-06-26 10:13:53,Web,Error
4603,U0070,2026-06-07 11:13:00,iOS,Error
3875,U0930,2026-06-28 11:03:00,Web,Error
3006,U0001,2026-06-27 00:55:00,iOS,Error
443,U0738,2026-06-23 01:46:00,Web,Error
3098,,2026-06-28 06:38:00,Web,Error
4684,U0347,2026-06-12 18:51:00,iOS,Error
15878,,2026-06-26 10:19:06,Web,Error
13984,U0798,2026-06-10 05:13:00,Android,Exitoso
8714,U0943,2026-06-18 16:03:00,Android,Exitoso
15260,,2026-06-26 10:19:18,Web,Error
2898,,2026-06-02 02:00:00,iOS,Error
10111,U0720,2026-06-19 22:01:00,Web,Exitoso
6197,U0623,2026-06-04 07:03:00,iOS,Exitoso
2177,U0564,2026-06-27 21:30:00,Android,Error
7302,U0758,2026-06-02 19:51:00,Web,Exitoso
15396,,2026-06-26 10:20:47,Web,Error
6175,U0637,2026-06-04 14:34:00,Web,Exitoso
10497,U0615,2026-06-28 11:18:00,Android,Exitoso
5497,U0872,2026-06-24 00:17:00,Web,Exitoso
12023,U0654,2026-06-11 14:15:00,Android,Exitoso
12989,U0952,2026-06-24 21:15:00,iOS,Exitoso
5084,U0520,2026-06-01 18:02:00,iOS,Exitoso
5037,U0536,2026-06-19 07:18:00,Web,Exitoso
6716,U0553,2026-06-25 11:43:00,Android,Exitoso
8906,U0472,2026-06-14 16:49:00,Web,Exitoso
11714,U0514,2026-06-07 01:19:00,Android,Exitoso
2093,U0392,2026-06-27 06:31:00,Web,Error
6324,U0506,2026-06-27 13:11:00,iOS,Exitoso
7469,U0689,2026-06-01 08:17:00,Web,Exitoso
13403,U0771,2026-06-18 03:01:00,Web,Exitoso
5281,U0497,2026-06-01 11:06:00,Android,Exitoso
11195,U0916,2026-06-06 14:31:00,iOS,Exitoso
396,U0885,2026-06-19 22:26:00,Android,Error
11721,U0887,2026-06-02 08:35:00,iOS,Exitoso
6529,U0815,2026-06-02 15:01:00,Web,Exitoso
8418,U0735,2026-06-03 20:59:00,iOS,Exitoso
15766,,2026-06-26 10:12:30,Web,Error
14753,U0663,2026-06-20 04:57:00,Web,Exitoso
1633,,2026-06-01 02:37:00,Android,Error
12865,U0887,2026-06-14 14:36:00,Android,Exitoso
16006,,2026-06-26 10:27:07,Web,Error
16015,,2026-06-26 10:05:56,Web,Error
9187,U0550,2026-06-17 14:01:00,iOS,Exitoso
433,,2026-06-06 03:09:00,Web,Error
774,U0081,2026-06-26 07:28:00,Android,Error
12492,U0936,2026-06-28 02:19:00,iOS,Exitoso
2080,U0436,2026-06-04 02:38:00,Web,Error
14981,U0533,2026-06-11 10:37:00,Android,Exitoso
8292,U0517,2026-06-19 12:54:00,Android,Exitoso
3084,U0727,2026-06-23 04:20:00,Web,Error
3683,U0667,2026-06-07 20:35:00,Web,Error
9369,U0719,2026-06-17 14:32:00,Web,Exitoso
1813,,2026-06-22 09:42:00,Android,Error
2888,U0983,2026-06-16 11:39:00,iOS,Error
3651,U0666,2026-06-20 02:42:00,Android,Error
55,U0545,2026-06-17 07:28:00,Web,Error
10475,U0848,2026-06-11 07:38:00,Android,Exitoso
15486,,2026-06-26 10:09:50,Web,Error
5984,U0564,2026-06-05 21:25:00,Android,Exitoso
5852,U0629,2026-06-17 14:24:00,Web,Exitoso
5033,U0899,2026-06-20 04:33:00,Android,Exitoso
1078,U0411,2026-06-09 16:57:00,iOS,Error
15095,,2026-06-26 10:27:18,Web,Error
14845,U0541,2026-06-22 21:55:00,Web,Exitoso
12314,U0688,2026-06-17 22:03:00,Android,Exitoso
4159,,2026-06-04 16:44:00,Web,Error
11544,U0954,2026-06-01 00:52:00,Web,Exitoso
4126,U0229,2026-06-09 04:20:00,Android,Error
8104,U0856,2026-06-26 05:52:00,Android,Exitoso
3773,U0085,2026-06-12 16:40:00,Android,Error
15128,,2026-06-26 10:27:51,Web,Error
13204,U0989,2026-06-28 00:28:00,iOS,Exitoso
4249,U0356,2026-06-18 10:44:00,Web,Error
11937,U0561,2026-06-18 22:24:00,iOS,Exitoso
15117,,2026-06-26 10:03:21,Web,Error
8576,U0557,2026-06-24 12:12:00,iOS,Exitoso
14746,U0802,2026-06-06 05:57:00,Web,Exitoso
6398,U0815,2026-06-02 23:52:00,Web,Exitoso
5742,U0453,2026-06-04 10:41:00,Web,Exitoso
12483,U0517,2026-06-21 23:18:00,iOS,Exitoso
12128,U0874,2026-06-18 18:54:00,Web,Exitoso
6467,U0880,2026-06-23 20:39:00,iOS,Exitoso
34,U0422,2026-06-18 03:44:00,iOS,Error
15330,,2026-06-26 10:11:47,Web,Error
11333,U0487,2026-06-05 04:10:00,iOS,Exitoso
8142,U0594,2026-06-08 06:31:00,iOS,Exitoso
4563,U0125,2026-06-18 03:50:00,Android,Error
3157,U0165,2026-06-15 22:55:00,Web,Error
8222,U0478,2026-06-12 22:51:00,Web,Exitoso
13432,U0570,2026-06-13 08:12:00,Android,Exitoso
5600,U0661,2026-06-09 05:34:00,iOS,Exitoso
11221,U0916,2026-06-01 15:45:00,iOS,Exitoso
6818,U0809,2026-06-08 16:12:00,iOS,Exitoso
5570,U0805,2026-06-04 23:08:00,Web,Exitoso
6339,U0791,2026-06-16 01:06:00,Android,Exitoso
11386,U0921,2026-06-24 03:38:00,iOS,Exitoso
10987,U0830,2026-06-25 02:27:00,Android,Exitoso
6067,U0677,2026-06-02 03:47:00,Android,Exitoso
10134,U0789,2026-06-19 08:47:00,Android,Exitoso
4359,,2026-06-17 16:56:00,Web,Error
7949,U0960,2026-06-04 20:36:00,Android,Exitoso
8661,U0907,2026-06-01 16:05:00,Android,Exitoso
5928,U0953,2026-06-06 00:57:00,iOS,Exitoso
13805,U0781,2026-06-13 04:22:00,iOS,Exitoso
1558,,2026-06-07 11:21:00,Android,Error
8846,U0518,2026-06-10 12:54:00,Android,Exitoso
15977,,2026-06-26 10:10:19,Web,Error
644,,2026-06-22 22:00:00,Web,Error
15442,,2026-06-26 10:06:56,Web,Error
3336,U0407,2026-06-19 15:33:00,Android,Error
6908,U0654,2026-06-10 01:24:00,Web,Exitoso
1485,U0322,2026-06-08 04:25:00,iOS,Error
1020,U0258,2026-06-04 22:53:00,iOS,Error
6555,U0479,2026-06-11 11:07:00,iOS,Exitoso
9527,U0727,2026-06-20 21:36:00,Android,Exitoso
13982,U0925,2026-06-17 01:10:00,Android,Exitoso
15022,,2026-06-26 10:14:47,Web,Error
6235,U0583,2026-06-16 14:10:00,Android,Exitoso
13183,U0523,2026-06-01 22:58:00,Web,Exitoso
12207,U0756,2026-06-18 10:27:00,Web,Exitoso
6787,U0726,2026-06-17 08:18:00,Android,Exitoso
3740,U0269,2026-06-08 00:38:00,iOS,Error
8842,U0734,2026-06-23 02:57:00,Web,Exitoso
7612,U0596,2026-06-08 15:10:00,Web,Exitoso
3060,U0229,2026-06-27 14:34:00,iOS,Error
142,U0475,2026-06-09 17:34:00,Android,Error
7677,U0878,2026-06-21 02:50:00,Web,Exitoso
371,,2026-06-07 01:14:00,Web,Error
5722,U0972,2026-06-27 18:59:00,Web,Exitoso
4673,U0977,2026-06-06 19:31:00,Web,Error
6685,U0735,2026-06-11 00:18:00,Android,Exitoso
10630,U0933,2026-06-03 18:44:00,Android,Exitoso
15021,,2026-06-26 10:23:06,Web,Error
7031,U0617,2026-06-28 05:13:00,Web,Exitoso
2024,U0447,2026-06-13 03:31:00,Web,Error
10943,U0617,2026-06-05 08:03:00,iOS,Exitoso
9472,U0595,2026-06-18 02:15:00,Android,Exitoso
6609,U0599,2026-06-07 22:39:00,Web,Exitoso
10193,U0696,2026-06-14 07:50:00,Web,Exitoso
8251,U0573,2026-06-13 02:56:00,Android,Exitoso
15742,,2026-06-26 10:01:57,Web,Error
3631,U0004,2026-06-16 13:06:00,iOS,Error
2066,U0595,2026-06-09 23:49:00,Web,Error
9069,U0508,2026-06-07 05:17:00,iOS,Exitoso
10755,U0918,2026-06-10 12:57:00,iOS,Exitoso
5141,U0994,2026-06-11 22:37:00,iOS,Exitoso
6008,U0784,2026-06-27 14:54:00,Android,Exitoso
1328,U0127,2026-06-18 11:15:00,Web,Error
8577,U0717,2026-06-20 16:30:00,Android,Exitoso
4691,,2026-06-28 17:46:00,Web,Error
12497,U0569,2026-06-20 03:46:00,Web,Exitoso
5954,U0919,2026-06-24 01:19:00,iOS,Exitoso
16225,U0747,2026-06-26 10:12:29,Web,Error
6503,U0576,2026-06-19 05:12:00,Web,Exitoso
5560,U0560,2026-06-08 22:43:00,Web,Exitoso
419,,2026-06-09 10:44:00,iOS,Error
5859,U0605,2026-06-01 13:49:00,Android,Exitoso
6788,U0638,2026-06-26 16:42:00,Web,Exitoso
4414,,2026-06-19 15:39:00,Web,Error
269,U0416,2026-06-10 11:01:00,iOS,Error
7054,U0826,2026-06-18 02:35:00,Android,Exitoso
13348,U0731,2026-06-23 05:34:00,iOS,Exitoso
14209,U0757,2026-06-13 09:21:00,Web,Exitoso
9186,U0749,2026-06-05 19:00:00,Android,Exitoso
7103,U0686,2026-06-06 17:57:00,iOS,Exitoso
1735,U0158,2026-06-04 02:17:00,Android,Error
1480,U0312,2026-06-07 17:40:00,Web,Error
6806,U0666,2026-06-14 17:13:00,iOS,Exitoso
15902,,2026-06-26 10:15:48,Web,Error
1386,U0955,2026-06-27 03:42:00,Web,Error
8821,U0452,2026-06-26 16:42:00,iOS,Exitoso
9958,U0475,2026-06-02 16:17:00,Web,Exitoso
8243,U0791,2026-06-07 16:35:00,Web,Exitoso
4787,U0276,2026-06-10 10:53:00,iOS,Error
5077,U0860,2026-06-05 00:07:00,Android,Exitoso
16135,,2026-06-26 10:22:28,Web,Error
842,U0828,2026-06-18 06:01:00,Web,Error
7688,U0857,2026-06-07 00:20:00,Android,Exitoso
4954,U0418,2026-06-02 19:52:00,iOS,Error
3565,,2026-06-07 07:06:00,Web,Error
1370,U0343,2026-06-24 06:25:00,iOS,Error
8400,U0888,2026-06-14 19:14:00,iOS,Exitoso
11017,U0597,2026-06-15 09:43:00,Web,Exitoso
8280,U0630,2026-06-28 02:50:00,iOS,Exitoso
14675,U0539,2026-06-06 08:33:00,Android,Exitoso
1130,U0781,2026-06-24 22:43:00,Android,Error
1499,U0226,2026-06-28 08:46:00,Android,Error
1840,U0568,2026-06-15 11:47:00,Android,Error
13614,U0614,2026-06-20 22:40:00,Web,Exitoso
5432,U0683,2026-06-21 19:42:00,iOS,Exitoso
11541,U0620,2026-06-03 13:08:00,iOS,Exitoso
13150,U0666,2026-06-28 16:36:00,iOS,Exitoso
15406,,2026-06-26 10:23:35,Web,Error
7790,U0469,2026-06-28 10:06:00,Android,Exitoso
15946,,2026-06-26 10:16:29,Web,Error
8665,U0482,2026-06-18 05:33:00,Web,Exitoso
10349,U0819,2026-06-17 16:24:00,Android,Exitoso
8610,U0897,2026-06-14 20:24:00,iOS,Exitoso
1574,U0976,2026-06-24 13:22:00,Web,Error
733,,2026-06-26 22:05:00,iOS,Error
6334,U0471,2026-06-19 08:06:00,Android,Exitoso
4605,,2026-06-12 08:58:00,Web,Error
16417,U0751,2026-06-26 10:22:26,Web,Error
13571,U0743,2026-06-02 01:13:00,Web,Exitoso
14332,U0590,2026-06-24 05:49:00,Android,Exitoso
4791,,2026-06-13 18:34:00,Web,Error
6794,U0742,2026-06-03 14:34:00,iOS,Exitoso
12911,U0869,2026-06-09 23:26:00,Web,Exitoso
14130,U0615,2026-06-17 07:36:00,iOS,Exitoso
12003,U0990,2026-06-02 13:29:00,Web,Exitoso
11461,U0968,2026-06-17 09:28:00,Android,Exitoso
2638,U0329,2026-06-19 02:38:00,iOS,Error
4216,U0809,2026-06-04 22:31:00,Web,Error
10536,U0724,2026-06-02 04:29:00,iOS,Exitoso
8502,U0527,2026-06-19 20:40:00,Web,Exitoso
10646,U0884,2026-06-19 15:11:00,Web,Exitoso
13091,U0738,2026-06-22 19:57:00,iOS,Exitoso
4003,U0674,2026-06-05 02:14:00,Web,Error
2740,U0968,2026-06-09 15:36:00,Web,Error
4476,,2026-06-24 16:45:00,Web,Error
15642,,2026-06-26 10:03:41,Web,Error
5884,U0734,2026-06-14 14:16:00,Web,Exitoso
15857,,2026-06-26 10:15:37,Web,Error
11009,U0768,2026-06-04 10:08:00,Web,Exitoso
15350,,2026-06-26 10:13:24,Web,Error
31,U0712,2026-06-12 08:12:00,iOS,Error
14221,U1000,2026-06-22 11:44:00,iOS,Exitoso
11734,U0958,2026-06-08 10:15:00,iOS,Exitoso
14081,U0716,2026-06-06 13:45:00,Web,Exitoso
14333,U0538,2026-06-21 12:42:00,Android,Exitoso
15860,,2026-06-26 10:16:57,Web,Error
15278,,2026-06-26 10:16:28,Web,Error
9780,U0534,2026-06-09 05:30:00,iOS,Exitoso
10754,U0801,2026-06-04 09:32:00,Android,Exitoso
11248,U0463,2026-06-23 02:24:00,Web,Exitoso
2522,U0323,2026-06-08 00:27:00,Android,Error
9497,U0712,2026-06-12 19:00:00,Web,Exitoso
12322,U0867,2026-06-23 02:21:00,Android,Exitoso
6933,U0879,2026-06-14 08:43:00,Web,Exitoso
12616,U0867,2026-06-10 10:35:00,iOS,Exitoso
3712,U0424,2026-06-25 09:55:00,Web,Error
7938,U0642,2026-06-16 16:00:00,Android,Exitoso
12620,U0898,2026-06-27 19:16:00,iOS,Exitoso
2051,U0021,2026-06-05 01:43:00,Web,Error
7408,U0505,2026-06-08 10:19:00,Web,Exitoso
4282,U0073,2026-06-23 13:55:00,iOS,Error
702,U0177,2026-06-18 17:27:00,iOS,Error
923,U0169,2026-06-26 14:04:00,Web,Error
10117,U0892,2026-06-11 21:23:00,Android,Exitoso
9522,U0937,2026-06-12 21:47:00,iOS,Exitoso
345,U0036,2026-06-19 16:56:00,Web,Error
7209,U0650,2026-06-14 02:04:00,iOS,Exitoso
15898,,2026-06-26 10:00:40,Web,Error
112,U0675,2026-06-10 07:50:00,Android,Error
14530,U0563,2026-06-07 05:46:00,iOS,Exitoso
8704,U0829,2026-06-24 02:43:00,iOS,Exitoso
6950,U0728,2026-06-01 06:36:00,iOS,Exitoso
3566,U0349,2026-06-14 21:05:00,Web,Error
12363,U0652,2026-06-13 13:04:00,Android,Exitoso
8383,U0542,2026-06-06 04:50:00,Web,Exitoso
9719,U0879,2026-06-06 13:10:00,Android,Exitoso
7381,U0914,2026-06-23 08:59:00,Web,Exitoso
15162,,2026-06-26 10:03:43,Web,Error
11814,U0597,2026-06-23 21:25:00,Web,Exitoso
2876,U0561,2026-06-19 00:19:00,iOS,Error
6718,U0630,2026-06-21 23:48:00,Android,Exitoso
726,U0320,2026-06-12 16:07:00,Web,Error
6967,U0867,2026-06-04 09:24:00,Web,Exitoso
13817,U0991,2026-06-05 15:22:00,iOS,Exitoso
14344,U0803,2026-06-01 14:15:00,Android,Exitoso
15978,,2026-06-26 10:13:54,Web,Error
8405,U0701,2026-06-02 12:03:00,Web,Exitoso
10627,U0624,2026-06-08 23:43:00,Web,Exitoso
4886,U0370,2026-06-28 03:38:00,Android,Error
3544,,2026-06-19 00:16:00,Web,Error
2860,U0480,2026-06-04 07:34:00,Web,Error
4491,U0104,2026-06-25 16:39:00,Android,Error
9774,U0967,2026-06-11 00:05:00,Android,Exitoso
5378,U0594,2026-06-22 09:24:00,Android,Exitoso
12912,U0751,2026-06-15 02:35:00,iOS,Exitoso
5228,U0983,2026-06-22 12:05:00,iOS,Exitoso
2034,,2026-06-09 18:47:00,Android,Error
2403,,2026-06-05 22:10:00,Web,Error
8956,U0966,2026-06-21 00:11:00,iOS,Exitoso
8213,U0713,2026-06-11 17:26:00,Android,Exitoso
2015,U0818,2026-06-19 13:19:00,Web,Error
11803,U0575,2026-06-15 12:49:00,Web,Exitoso
15881,,2026-06-26 10:20:08,Web,Error
2658,U0020,2026-06-23 23:57:00,Android,Error
14631,U0556,2026-06-16 01:57:00,iOS,Exitoso
16447,U0922,2026-06-26 10:07:08,Web,Error
5935,U0891,2026-06-24 13:49:00,iOS,Exitoso
13083,U0950,2026-06-12 09:59:00,Android,Exitoso
9483,U0743,2026-06-25 23:59:00,iOS,Exitoso
4269,,2026-06-22 11:45:00,Web,Error
7191,U0568,2026-06-15 03:18:00,Android,Exitoso
8945,U0773,2026-06-01 10:40:00,iOS,Exitoso
1337,U0230,2026-06-01 07:16:00,Web,Error
4010,U0617,2026-06-04 22:54:00,iOS,Error
16049,,2026-06-26 10:12:18,Web,Error
10500,U0769,2026-06-15 18:54:00,Android,Exitoso
15261,,2026-06-26 10:15:30,Web,Error
8961,U0899,2026-06-13 16:24:00,Android,Exitoso
2655,U0124,2026-06-23 23:19:00,iOS,Error
10796,U0779,2026-06-07 07:56:00,iOS,Exitoso
11335,U0967,2026-06-01 21:29:00,Web,Exitoso
13096,U0903,2026-06-27 11:36:00,Web,Exitoso
12851,U0766,2026-06-13 10:58:00,Android,Exitoso
9380,U0797,2026-06-07 03:27:00,Web,Exitoso
8041,U0493,2026-06-02 10:48:00,iOS,Exitoso
10543,U0671,2026-06-12 15:52:00,iOS,Exitoso
11016,U0888,2026-06-15 04:30:00,Web,Exitoso
8241,U0616,2026-06-16 08:32:00,Android,Exitoso
3842,U0101,2026-06-10 05:27:00,iOS,Error
16145,,2026-06-26 10:27:09,Web,Error
5865,U0775,2026-06-22 14:43:00,Web,Exitoso
5554,U0484,2026-06-16 14:35:00,Android,Exitoso
7463,U0607,2026-06-16 18:42:00,Web,Exitoso
3716,U0207,2026-06-21 19:40:00,Web,Error
14792,U0808,2026-06-26 03:18:00,Web,Exitoso
11084,U0831,2026-06-18 16:53:00,Android,Exitoso
1646,,2026-06-05 20:43:00,Web,Error
16361,U0505,2026-06-26 10:04:39,Web,Error
16501,U0842,2026-06-26 10:12:48,Web,Error
5827,U0690,2026-06-12 01:36:00,iOS,Exitoso
3051,U0127,2026-06-28 01:53:00,Web,Error
905,U0409,2026-06-26 15:22:00,Android,Error
10119,U0941,2026-06-09 04:18:00,Android,Exitoso
5241,U0996,2026-06-04 07:36:00,Web,Exitoso
15299,,2026-06-26 10:02:52,Web,Error
10207,U0749,2026-06-09 12:53:00,Web,Exitoso
117,,2026-06-22 19:49:00,Web,Error
6597,U0543,2026-06-24 10:55:00,Web,Exitoso
1172,U0340,2026-06-15 11:00:00,Web,Error
14204,U0790,2026-06-14 12:59:00,iOS,Exitoso
10234,U0540,2026-06-09 03:26:00,iOS,Exitoso
8417,U0755,2026-06-03 11:50:00,iOS,Exitoso
10614,U0772,2026-06-25 00:42:00,Android,Exitoso
9071,U0701,2026-06-16 19:02:00,iOS,Exitoso
3078,U0446,2026-06-07 05:43:00,Web,Error
6970,U0960,2026-06-07 10:53:00,Android,Exitoso
14251,U0672,2026-06-21 06:54:00,Android,Exitoso
15258,,2026-06-26 10:03:33,Web,Error
7080,U0938,2026-06-19 16:34:00,iOS,Exitoso
7776,U0908,2026-06-27 13:38:00,Web,Exitoso
2493,U0438,2026-06-04 11:04:00,iOS,Error
8185,U0938,2026-06-03 01:54:00,iOS,Exitoso
11920,U0707,2026-06-18 15:39:00,Android,Exitoso
9403,U0931,2026-06-22 12:14:00,Android,Exitoso
14922,U0723,2026-06-20 05:03:00,iOS,Exitoso
16343,U0756,2026-06-26 10:09:29,Web,Error
13727,U0486,2026-06-02 19:48:00,Web,Exitoso
2004,,2026-06-26 12:05:00,Web,Error
5911,U0993,2026-06-14 11:16:00,iOS,Exitoso
8399,U0521,2026-06-04 04:01:00,iOS,Exitoso
13560,U0476,2026-06-16 13:11:00,Android,Exitoso
6323,U0838,2026-06-03 12:22:00,Android,Exitoso
1,U0301,2026-06-19 02:53:00,Web,Error
9882,U0602,2026-06-27 15:31:00,Android,Exitoso
5398,U0686,2026-06-11 03:50:00,Web,Exitoso
14668,U0720,2026-06-04 00:52:00,iOS,Exitoso
3148,U0940,2026-06-05 08:31:00,Android,Error
623,,2026-06-09 03:43:00,Web,Error
8253,U0714,2026-06-23 13:03:00,Android,Exitoso
14290,U0884,2026-06-15 04:39:00,Web,Exitoso
15980,,2026-06-26 10:19:06,Web,Error
9668,U0915,2026-06-27 01:19:00,Web,Exitoso
10433,U0771,2026-06-22 16:38:00,Web,Exitoso
14106,U0547,2026-06-07 12:38:00,Android,Exitoso
9206,U0813,2026-06-10 20:56:00,iOS,Exitoso
5100,U0909,2026-06-03 10:31:00,Android,Exitoso
16178,,2026-06-26 10:05:06,Web,Error
8659,U0528,2026-06-21 19:47:00,iOS,Exitoso
12412,U0778,2026-06-18 03:09:00,Android,Exitoso
15853,,2026-06-26 10:08:01,Web,Error
7276,U0823,2026-06-05 20:40:00,iOS,Exitoso
6487,U0540,2026-06-23 00:50:00,Android,Exitoso
7451,U0694,2026-06-12 12:38:00,Web,Exitoso
7222,U0494,2026-06-27 08:29:00,Android,Exitoso
1493,U0463,2026-06-17 09:46:00,Web,Error
5469,U0522,2026-06-24 00:33:00,Android,Exitoso
12602,U0595,2026-06-08 11:38:00,Web,Exitoso
8560,U0776,2026-06-09 03:39:00,Android,Exitoso
10392,U0794,2026-06-02 01:12:00,Android,Exitoso
8386,U0884,2026-06-06 22:11:00,Web,Exitoso
4921,U0287,2026-06-07 23:01:00,Android,Error
786,U0169,2026-06-23 20:09:00,iOS,Error
16505,U0693,2026-06-26 10:04:23,Web,Error
2316,,2026-06-17 18:52:00,Web,Error
10878,U0894,2026-06-13 21:03:00,Android,Exitoso
5457,U0533,2026-06-10 06:04:00,Web,Exitoso
15651,,2026-06-26 10:18:39,Web,Error
10896,U0936,2026-06-01 00:34:00,Web,Exitoso
1579,U0731,2026-06-06 09:58:00,iOS,Error
5839,U0574,2026-06-28 17:55:00,Android,Exitoso
1510,U0433,2026-06-21 19:17:00,Android,Error
8344,U0591,2026-06-23 07:42:00,Android,Exitoso
398,,2026-06-08 16:08:00,Web,Error
12764,U0970,2026-06-27 20:50:00,Web,Exitoso
4818,U0234,2026-06-18 01:06:00,Android,Error
12924,U0973,2026-06-10 04:38:00,Android,Exitoso
9546,U0950,2026-06-26 23:51:00,Web,Exitoso
3257,,2026-06-11 12:26:00,Web,Error
321,,2026-06-01 23:40:00,Web,Error
4674,U0704,2026-06-28 07:55:00,Web,Error
885,,2026-06-13 11:19:00,Web,Error
14926,U0617,2026-06-13 21:31:00,iOS,Exitoso
11423,U0700,2026-06-08 14:01:00,Android,Exitoso
8260,U0888,2026-06-15 05:33:00,Web,Exitoso
7753,U0917,2026-06-13 11:27:00,iOS,Exitoso
4863,,2026-06-04 23:07:00,Web,Error
13387,U0474,2026-06-23 18:39:00,iOS,Exitoso
5286,U0957,2026-06-12 20:43:00,Web,Exitoso
10416,U0577,2026-06-15 12:09:00,iOS,Exitoso
4797,U0322,2026-06-20 01:19:00,Android,Error
6499,U0498,2026-06-11 00:41:00,Web,Exitoso
10873,U0666,2026-06-17 02:03:00,iOS,Exitoso
8070,U0647,2026-06-11 01:50:00,Web,Exitoso
1875,,2026-06-09 18:21:00,Web,Error
6579,U0597,2026-06-10 08:48:00,Android,Exitoso
2289,U0678,2026-06-20 06:03:00,Web,Error
6093,U0760,2026-06-26 09:13:00,Web,Exitoso
15756,,2026-06-26 10:26:34,Web,Error
5047,U0759,2026-06-12 19:45:00,iOS,Exitoso
16273,U0702,2026-06-26 10:28:26,Web,Error
10222,U0899,2026-06-26 13:09:00,Android,Exitoso
8069,U0612,2026-06-16 02:40:00,Web,Exitoso
3871,U0604,2026-06-01 10:00:00,Web,Error
16499,U0990,2026-06-26 10:28:53,Web,Error
15556,,2026-06-26 10:19:11,Web,Error
14929,U0924,2026-06-23 00:27:00,Android,Exitoso
15558,,2026-06-26 10:21:43,Web,Error
4135,U0007,2026-06-02 05:41:00,iOS,Error
3486,,2026-06-09 23:00:00,iOS,Error
13025,U0879,2026-06-20 21:08:00,Web,Exitoso
7494,U0923,2026-06-23 02:10:00,Android,Exitoso
1835,U0286,2026-06-03 05:44:00,iOS,Error
8820,U0909,2026-06-14 10:29:00,iOS,Exitoso
11897,U0928,2026-06-17 21:59:00,Web,Exitoso
1705,U0542,2026-06-25 05:53:00,Web,Error
11440,U0984,2026-06-06 02:14:00,iOS,Exitoso
14852,U0729,2026-06-16 02:53:00,Android,Exitoso
8449,U0918,2026-06-26 15:28:00,iOS,Exitoso
12234,U0509,2026-06-18 04:52:00,Android,Exitoso
1703,U0260,2026-06-28 15:54:00,iOS,Error
12527,U0492,2026-06-12 03:36:00,Web,Exitoso
9188,U0986,2026-06-27 03:03:00,Web,Exitoso
6484,U0562,2026-06-08 03:40:00,Android,Exitoso
8132,U0619,2026-06-18 10:55:00,iOS,Exitoso
573,U0594,2026-06-13 22:37:00,Web,Error
3522,,2026-06-10 23:00:00,Web,Error
13245,U0959,2026-06-18 11:38:00,Web,Exitoso
10680,U0870,2026-06-08 17:25:00,Web,Exitoso
14339,U0857,2026-06-09 22:03:00,Android,Exitoso
9450,U0957,2026-06-09 14:07:00,Web,Exitoso
7235,U0712,2026-06-05 18:38:00,Web,Exitoso
4273,U0312,2026-06-15 21:40:00,iOS,Error
12917,U0872,2026-06-11 21:52:00,Android,Exitoso
12877,U0804,2026-06-26 09:55:00,iOS,Exitoso
7775,U0839,2026-06-05 13:01:00,iOS,Exitoso
3736,U0246,2026-06-15 04:28:00,iOS,Error
7597,U0990,2026-06-14 20:02:00,Android,Exitoso
12744,U0943,2026-06-12 08:41:00,Android,Exitoso
7331,U0664,2026-06-12 15:14:00,Android,Exitoso
14691,U0821,2026-06-09 20:22:00,iOS,Exitoso
1290,U0060,2026-06-22 12:32:00,Android,Error
466,U0450,2026-06-09 10:40:00,Android,Error
15681,,2026-06-26 10:17:11,Web,Error
13681,U0555,2026-06-02 13:12:00,iOS,Exitoso
9615,U0658,2026-06-21 16:01:00,Android,Exitoso
8459,U0998,2026-06-08 15:34:00,Web,Exitoso
3607,U0163,2026-06-07 04:52:00,iOS,Error
11592,U0627,2026-06-25 11:06:00,iOS,Exitoso
2065,,2026-06-24 19:16:00,Web,Error
11732,U0626,2026-06-02 21:47:00,Web,Exitoso
2274,U0211,2026-06-25 21:48:00,iOS,Error
3908,,2026-06-20 08:05:00,Web,Error
10009,U0925,2026-06-12 05:28:00,Android,Exitoso
15219,,2026-06-26 10:08:56,Web,Error
13664,U0658,2026-06-23 22:04:00,Android,Exitoso
6750,U0652,2026-06-20 03:17:00,Web,Exitoso
1831,U0624,2026-06-07 22:41:00,Web,Error
11121,U0457,2026-06-09 10:02:00,Web,Exitoso
12449,U0929,2026-06-12 02:51:00,iOS,Exitoso
7156,U0999,2026-06-18 13:59:00,Android,Exitoso
2611,U0241,2026-06-05 03:14:00,Web,Error
4618,U0326,2026-06-26 01:37:00,Android,Error
164,,2026-06-02 14:38:00,Web,Error
13167,U0896,2026-06-03 12:49:00,Android,Exitoso
11407,U0982,2026-06-15 11:23:00,Android,Exitoso
16283,U0642,2026-06-26 10:08:21,Web,Error
63,U0114,2026-06-10 16:15:00,Web,Error
5133,U0530,2026-06-08 13:22:00,Web,Exitoso
10867,U0806,2026-06-27 09:40:00,Web,Exitoso
15729,,2026-06-26 10:01:58,Web,Error
42,U0352,2026-06-10 10:11:00,Android,Error
12798,U0522,2026-06-13 06:41:00,iOS,Exitoso
13398,U0682,2026-06-18 05:51:00,Web,Exitoso
802,U0155,2026-06-16 19:14:00,Android,Error
4419,U0197,2026-06-27 08:07:00,Android,Error
12554,U0898,2026-06-02 09:44:00,Web,Exitoso
4765,,2026-06-28 03:27:00,Web,Error
6046,U0934,2026-06-01 11:25:00,Web,Exitoso
857,U0015,2026-06-11 08:51:00,Web,Error
4888,U0430,2026-06-12 02:09:00,Android,Error
12560,U0733,2026-06-09 23:13:00,Web,Exitoso
3199,U0269,2026-06-07 08:27:00,iOS,Error
2242,,2026-06-05 17:07:00,Web,Error
3198,U0087,2026-06-12 03:39:00,Web,Error
9211,U0467,2026-06-09 09:01:00,Web,Exitoso
1573,U0353,2026-06-17 07:01:00,Web,Error
5369,U0484,2026-06-17 19:32:00,Android,Exitoso
12463,U0485,2026-06-28 18:40:00,iOS,Exitoso
3777,U0042,2026-06-25 00:57:00,Web,Error
7261,U0971,2026-06-08 17:06:00,iOS,Exitoso
409,U0457,2026-06-19 08:10:00,Android,Error
11036,U0511,2026-06-18 13:27:00,Web,Exitoso
15671,,2026-06-26 10:20:51,Web,Error
6771,U0841,2026-06-09 17:21:00,Web,Exitoso
5804,U0714,2026-06-01 06:48:00,iOS,Exitoso
11354,U0793,2026-06-08 15:01:00,iOS,Exitoso
10830,U0715,2026-06-05 17:45:00,Web,Exitoso
6852,U0586,2026-06-08 10:11:00,Web,Exitoso
11509,U0596,2026-06-26 03:52:00,iOS,Exitoso
15720,,2026-06-26 10:02:12,Web,Error
4663,U0012,2026-06-17 20:53:00,iOS,Error
6784,U0476,2026-06-02 19:05:00,Web,Exitoso
4702,U0336,2026-06-14 03:28:00,Android,Error
15539,,2026-06-26 10:06:04,Web,Error
1678,U0671,2026-06-11 11:05:00,Web,Error
15796,,2026-06-26 10:13:59,Web,Error
3941,U0813,2026-06-06 02:12:00,Web,Error
5403,U0593,2026-06-15 09:40:00,Android,Exitoso
2693,U0827,2026-06-18 07:21:00,Web,Error
8767,U0794,2026-06-04 04:58:00,Web,Exitoso
6650,U0581,2026-06-21 02:54:00,iOS,Exitoso
10010,U0653,2026-06-06 11:52:00,Web,Exitoso
14917,U0686,2026-06-10 12:46:00,Web,Exitoso
8970,U0660,2026-06-21 18:41:00,Android,Exitoso
5627,U0976,2026-06-15 14:05:00,Web,Exitoso
5540,U0829,2026-06-19 01:19:00,iOS,Exitoso
4760,U0089,2026-06-23 03:38:00,Web,Error
6330,U0880,2026-06-20 12:30:00,iOS,Exitoso
11672,U0542,2026-06-09 08:56:00,Web,Exitoso
16126,,2026-06-26 10:21:56,Web,Error
5790,U0736,2026-06-24 09:24:00,Web,Exitoso
10406,U0535,2026-06-10 23:29:00,Web,Exitoso
12227,U0630,2026-06-02 16:29:00,Android,Exitoso
15743,,2026-06-26 10:08:18,Web,Error
525,U0400,2026-06-18 13:45:00,Web,Error
1550,U0438,2026-06-03 23:35:00,Android,Error
11763,U0522,2026-06-07 12:32:00,Web,Exitoso
6328,U0883,2026-06-15 23:28:00,iOS,Exitoso
8798,U0760,2026-06-17 12:38:00,Android,Exitoso
12198,U0562,2026-06-25 02:31:00,iOS,Exitoso
872,U0401,2026-06-17 17:25:00,iOS,Error
15745,,2026-06-26 10:03:03,Web,Error
4237,U0084,2026-06-22 23:45:00,Web,Error
8848,U0678,2026-06-21 19:56:00,iOS,Exitoso
5324,U0705,2026-06-24 05:09:00,Web,Exitoso
10762,U0809,2026-06-02 10:10:00,Android,Exitoso
9901,U0619,2026-06-06 16:48:00,Web,Exitoso
14897,U0621,2026-06-02 03:37:00,iOS,Exitoso
16201,,2026-06-26 10:15:45,Web,Error
632,U0018,2026-06-26 22:09:00,Android,Error
11265,U0567,2026-06-05 14:42:00,iOS,Exitoso
16163,,2026-06-26 10:06:31,Web,Error
6087,U0849,2026-06-22 18:11:00,iOS,Exitoso
8082,U0605,2026-06-20 22:57:00,iOS,Exitoso
4986,,2026-06-11 02:09:00,Web,Error
14384,U0473,2026-06-05 12:12:00,Android,Exitoso
5079,U0932,2026-06-26 13:07:00,Android,Exitoso
1696,U0117,2026-06-09 15:45:00,Web,Error
12510,U0506,2026-06-16 21:59:00,Web,Exitoso
14164,U0995,2026-06-20 09:39:00,iOS,Exitoso
15083,,2026-06-26 10:00:41,Web,Error
7429,U0988,2026-06-10 11:17:00,Android,Exitoso
3574,U0165,2026-06-20 15:46:00,Android,Error
1247,U0028,2026-06-09 08:39:00,Android,Error
11677,U0965,2026-06-24 20:25:00,iOS,Exitoso
8765,U0812,2026-06-12 03:36:00,iOS,Exitoso
2131,,2026-06-15 02:52:00,Web,Error
15422,,2026-06-26 10:24:33,Web,Error
7702,U0656,2026-06-12 02:19:00,Web,Exitoso
7676,U0610,2026-06-21 22:09:00,iOS,Exitoso
7562,U0757,2026-06-28 00:26:00,Android,Exitoso
4656,U0379,2026-06-27 04:02:00,Android,Error
14100,U0725,2026-06-19 22:33:00,Web,Exitoso
12496,U0511,2026-06-06 05:02:00,Web,Exitoso
16317,U0675,2026-06-26 10:16:31,Web,Error
2757,U0967,2026-06-07 11:24:00,Web,Error
15043,,2026-06-26 10:27:54,Web,Error
12986,U1000,2026-06-15 01:39:00,iOS,Exitoso
2807,U0296,2026-06-10 17:38:00,Web,Error
12016,U0539,2026-06-17 22:49:00,iOS,Exitoso
12303,U0650,2026-06-21 23:39:00,Web,Exitoso
1625,,2026-06-06 17:19:00,Web,Error
11188,U0518,2026-06-26 17:52:00,Android,Exitoso
7087,U0513,2026-06-07 19:34:00,iOS,Exitoso
6222,U0666,2026-06-01 14:37:00,Android,Exitoso
13164,U0572,2026-06-23 19:13:00,Android,Exitoso
5396,U0788,2026-06-26 21:57:00,iOS,Exitoso
14190,U0550,2026-06-18 08:35:00,Web,Exitoso
12256,U0682,2026-06-08 17:49:00,iOS,Exitoso
14236,U0544,2026-06-24 00:40:00,iOS,Exitoso
13470,U0972,2026-06-19 14:57:00,Web,Exitoso
3772,U0553,2026-06-01 22:01:00,Android,Error
9656,U0590,2026-06-23 07:46:00,Web,Exitoso
6813,U0924,2026-06-04 19:16:00,Web,Exitoso
10395,U0993,2026-06-07 08:28:00,Web,Exitoso
993,U0377,2026-06-05 00:21:00,iOS,Error
11349,U0550,2026-06-01 09:50:00,Android,Exitoso
2364,U0606,2026-06-13 17:14:00,Web,Error
4412,,2026-06-28 18:15:00,Web,Error
274,U0996,2026-06-26 02:36:00,Android,Error
10281,U0517,2026-06-22 20:44:00,Web,Exitoso
6556,U0981,2026-06-14 23:07:00,Android,Exitoso
9172,U0611,2026-06-08 12:23:00,Web,Exitoso
13302,U0468,2026-06-13 16:54:00,Android,Exitoso
700,U0238,2026-06-09 15:18:00,Web,Error
11823,U0789,2026-06-22 05:54:00,iOS,Exitoso
3507,,2026-06-08 15:02:00,Web,Error
14900,U0624,2026-06-05 07:35:00,Web,Exitoso
1248,U0877,2026-06-21 23:48:00,iOS,Error
12439,U0914,2026-06-01 06:11:00,Web,Exitoso
11323,U0841,2026-06-18 09:06:00,Web,Exitoso
6537,U0547,2026-06-08 06:47:00,iOS,Exitoso
1307,,2026-06-22 10:12:00,iOS,Error
2435,U0445,2026-06-17 00:37:00,iOS,Error
9688,U0500,2026-06-11 01:11:00,Web,Exitoso
2620,,2026-06-19 23:24:00,Web,Error
10130,U0846,2026-06-09 09:56:00,Web,Exitoso
3791,,2026-06-11 03:42:00,Web,Error
16255,U0748,2026-06-26 10:07:47,Web,Error
9168,U0956,2026-06-06 07:45:00,Web,Exitoso
11702,U0488,2026-06-27 11:28:00,Android,Exitoso
1339,U0069,2026-06-26 14:02:00,Android,Error
5527,U0768,2026-06-05 06:30:00,Web,Exitoso
10346,U0701,2026-06-03 06:31:00,iOS,Exitoso
11401,U0608,2026-06-27 16:19:00,Android,Exitoso
16025,,2026-06-26 10:17:21,Web,Error
1954,U0910,2026-06-21 08:26:00,Android,Error
7102,U0831,2026-06-26 14:49:00,Web,Exitoso
3382,U0650,2026-06-09 16:27:00,Web,Error
4834,U0202,2026-06-14 07:58:00,Android,Error
13947,U0927,2026-06-01 23:09:00,Web,Exitoso
11982,U0741,2026-06-07 08:43:00,iOS,Exitoso
1275,U0406,2026-06-02 13:58:00,Android,Error
12489,U0583,2026-06-06 11:52:00,iOS,Exitoso
2579,U0860,2026-06-17 06:36:00,Web,Error
6020,U0869,2026-06-07 09:54:00,iOS,Exitoso
13873,U0564,2026-06-05 17:43:00,Web,Exitoso
12095,U0686,2026-06-07 05:42:00,iOS,Exitoso
9639,U0768,2026-06-04 12:54:00,Web,Exitoso
3700,U0753,2026-06-04 02:08:00,iOS,Error
14558,U0627,2026-06-20 01:54:00,Web,Exitoso
1851,,2026-06-25 09:56:00,Android,Error
800,U0050,2026-06-26 15:52:00,Web,Error
11172,U0760,2026-06-02 15:38:00,Web,Exitoso
6985,U0473,2026-06-27 16:40:00,iOS,Exitoso
13203,U0818,2026-06-18 19:49:00,Android,Exitoso
9219,U0964,2026-06-16 02:34:00,Web,Exitoso
1388,U0447,2026-06-20 18:27:00,iOS,Error
237,U0317,2026-06-18 18:46:00,Android,Error
11847,U0816,2026-06-15 00:55:00,iOS,Exitoso
14782,U0829,2026-06-15 15:08:00,iOS,Exitoso
10974,U0605,2026-06-04 19:41:00,Web,Exitoso
1313,U0032,2026-06-15 02:08:00,iOS,Error
12743,U0577,2026-06-06 10:30:00,Android,Exitoso
4737,U0326,2026-06-18 19:33:00,iOS,Error
8143,U0838,2026-06-16 05:48:00,iOS,Exitoso
14934,U0745,2026-06-06 20:37:00,iOS,Exitoso
8087,U0549,2026-06-27 20:56:00,Android,Exitoso
5979,U0617,2026-06-07 06:08:00,Web,Exitoso
7690,U0792,2026-06-21 09:29:00,Web,Exitoso
8416,U0528,2026-06-01 18:53:00,iOS,Exitoso
15329,,2026-06-26 10:05:46,Web,Error
4406,U0436,2026-06-03 13:46:00,Android,Error
13169,U0614,2026-06-21 22:29:00,Web,Exitoso
14448,U0844,2026-06-23 23:06:00,iOS,Exitoso
15141,,2026-06-26 10:08:15,Web,Error
4429,U0345,2026-06-19 20:21:00,Web,Error
10954,U0480,2026-06-07 07:45:00,Android,Exitoso
14294,U0657,2026-06-17 04:49:00,iOS,Exitoso
9838,U0625,2026-06-17 15:42:00,iOS,Exitoso
4262,U0372,2026-06-09 10:49:00,Android,Error
7423,U0684,2026-06-18 21:11:00,Web,Exitoso
8406,U0694,2026-06-19 17:54:00,Web,Exitoso
13241,U0472,2026-06-24 05:07:00,Android,Exitoso
823,U0362,2026-06-13 02:15:00,iOS,Error
1651,U0393,2026-06-13 03:01:00,Android,Error
1027,U0197,2026-06-02 10:06:00,Web,Error
2383,,2026-06-09 07:01:00,Web,Error
3404,U0806,2026-06-06 19:45:00,iOS,Error
14641,U0943,2026-06-27 02:49:00,iOS,Exitoso
5206,U0614,2026-06-05 22:06:00,iOS,Exitoso
3293,U0051,2026-06-08 21:18:00,iOS,Error
3142,U0168,2026-06-02 03:43:00,Web,Error
8037,U0664,2026-06-11 15:38:00,iOS,Exitoso
4327,,2026-06-01 05:40:00,Web,Error
14969,U0930,2026-06-24 08:35:00,Android,Exitoso
14994,U0912,2026-06-17 22:34:00,iOS,Exitoso
15014,,2026-06-26 10:24:21,Web,Error
6378,U0871,2026-06-17 04:31:00,Android,Exitoso
3918,U0338,2026-06-09 20:43:00,Android,Error
7803,U0587,2026-06-26 10:40:00,Android,Exitoso
14380,U0975,2026-06-05 11:24:00,Web,Exitoso
13844,U0734,2026-06-19 02:41:00,iOS,Exitoso
16010,,2026-06-26 10:05:26,Web,Error
5831,U0945,2026-06-12 06:10:00,Web,Exitoso
6314,U0588,2026-06-15 00:43:00,Web,Exitoso
2990,U0625,2026-06-07 15:43:00,iOS,Error
6418,U0921,2026-06-22 15:50:00,Web,Exitoso
14789,U0656,2026-06-17 04:17:00,Web,Exitoso
4290,U0459,2026-06-06 03:14:00,Web,Error
695,U0255,2026-06-09 16:49:00,iOS,Error
13370,U0716,2026-06-15 12:03:00,Web,Exitoso
6167,U0997,2026-06-26 03:17:00,Web,Exitoso
3030,U0131,2026-06-27 06:37:00,iOS,Error
14582,U0814,2026-06-10 14:28:00,Web,Exitoso
5796,U0806,2026-06-24 06:37:00,Web,Exitoso
2106,U0071,2026-06-06 19:32:00,Web,Error
15217,,2026-06-26 10:29:56,Web,Error
5658,U0974,2026-06-23 07:35:00,Web,Exitoso
2303,U0953,2026-06-11 02:25:00,Web,Error
10606,U0487,2026-06-01 00:59:00,Android,Exitoso
4343,U0310,2026-06-13 18:08:00,Web,Error
12225,U0835,2026-06-19 17:18:00,Android,Exitoso
14171,U0641,2026-06-23 17:09:00,Web,Exitoso
1749,U0095,2026-06-14 03:11:00,Web,Error
10315,U0828,2026-06-15 20:30:00,iOS,Exitoso
13926,U0651,2026-06-23 18:37:00,Web,Exitoso
2604,U0103,2026-06-16 14:37:00,iOS,Error
5232,U0943,2026-06-05 23:45:00,Web,Exitoso
8818,U0469,2026-06-04 00:41:00,iOS,Exitoso
5312,U0893,2026-06-04 07:19:00,Web,Exitoso
5556,U0598,2026-06-27 17:50:00,Web,Exitoso
12745,U0526,2026-06-04 20:14:00,Android,Exitoso
14699,U0673,2026-06-10 09:55:00,iOS,Exitoso
2298,U0400,2026-06-15 03:21:00,Web,Error
350,U0831,2026-06-16 21:29:00,Web,Error
4058,,2026-06-20 00:47:00,Web,Error
1757,U0963,2026-06-25 22:56:00,Web,Error
7563,U0590,2026-06-20 05:34:00,Web,Exitoso
3248,U0393,2026-06-18 08:58:00,Web,Error
10808,U0498,2026-06-15 09:48:00,iOS,Exitoso
10926,U0719,2026-06-04 22:27:00,Web,Exitoso
574,U0164,2026-06-08 23:00:00,Android,Error
13599,U0515,2026-06-12 19:30:00,Web,Exitoso
12849,U0554,2026-06-17 07:06:00,Web,Exitoso
8536,U0483,2026-06-05 20:37:00,iOS,Exitoso
13021,U0458,2026-06-14 00:04:00,iOS,Exitoso
3405,U0982,2026-06-28 14:14:00,Web,Error
11322,U0708,2026-06-10 06:38:00,iOS,Exitoso
16037,,2026-06-26 10:19:41,Web,Error
252,,2026-06-27 06:12:00,iOS,Error
13841,U0757,2026-06-19 13:11:00,Web,Exitoso
13823,U0535,2026-06-07 15:20:00,iOS,Exitoso
12696,U0879,2026-06-07 09:44:00,Android,Exitoso
13674,U0983,2026-06-16 08:04:00,Web,Exitoso
11561,U0477,2026-06-16 00:02:00,Android,Exitoso
1667,U0243,2026-06-04 01:57:00,iOS,Error
6669,U0542,2026-06-02 10:32:00,Android,Exitoso
2961,U0439,2026-06-06 15:08:00,Android,Error
13097,U0642,2026-06-22 16:12:00,Web,Exitoso
2472,,2026-06-23 22:30:00,Android,Error
3495,,2026-06-03 17:16:00,Web,Error
15816,,2026-06-26 10:11:30,Web,Error
40,,2026-06-21 03:39:00,Web,Error
1997,,2026-06-19 09:41:00,iOS,Error
15985,,2026-06-26 10:07:37,Web,Error
12454,U0480,2026-06-26 16:24:00,iOS,Exitoso
468,U0712,2026-06-13 03:52:00,Android,Error
10776,U0693,2026-06-12 14:52:00,Web,Exitoso
6949,U0663,2026-06-17 19:06:00,Android,Exitoso
3967,U0427,2026-06-02 16:13:00,Web,Error
2609,,2026-06-24 02:12:00,Web,Error
9009,U0754,2026-06-06 06:04:00,iOS,Exitoso
6869,U0834,2026-06-03 02:26:00,Android,Exitoso
14195,U0745,2026-06-27 05:44:00,iOS,Exitoso
12785,U0701,2026-06-10 15:08:00,Web,Exitoso
16027,,2026-06-26 10:19:33,Web,Error
3232,U0024,2026-06-14 03:00:00,Web,Error
16430,U0582,2026-06-26 10:25:12,Web,Error
16199,,2026-06-26 10:05:05,Web,Error
7622,U0881,2026-06-16 10:57:00,iOS,Exitoso
11521,U0942,2026-06-28 12:55:00,iOS,Exitoso
7691,U0637,2026-06-13 16:18:00,Web,Exitoso
4687,U0403,2026-06-08 05:48:00,Web,Error
15225,,2026-06-26 10:19:18,Web,Error
5862,U0530,2026-06-05 11:16:00,Android,Exitoso
9413,U0899,2026-06-20 05:30:00,Web,Exitoso
1659,U0393,2026-06-09 07:50:00,Web,Error
5395,U0652,2026-06-12 19:39:00,Android,Exitoso
2805,U0189,2026-06-17 14:33:00,Android,Error
11901,U0974,2026-06-02 22:09:00,Web,Exitoso
10386,U0859,2026-06-10 01:30:00,iOS,Exitoso
14037,U0651,2026-06-03 04:41:00,iOS,Exitoso
1868,U0782,2026-06-17 11:56:00,iOS,Error
13070,U0922,2026-06-26 19:33:00,Android,Exitoso
13637,U0714,2026-06-04 15:36:00,Web,Exitoso
11918,U0762,2026-06-17 02:31:00,Android,Exitoso
1560,,2026-06-02 08:59:00,Web,Error
10164,U0946,2026-06-27 19:28:00,Android,Exitoso
1791,U0364,2026-06-26 12:43:00,iOS,Error
6580,U0805,2026-06-20 14:41:00,Web,Exitoso
4773,U0330,2026-06-23 10:12:00,iOS,Error
8414,U0980,2026-06-06 23:01:00,Web,Exitoso
4202,U0291,2026-06-17 20:04:00,iOS,Error
11043,U0608,2026-06-05 01:24:00,Web,Exitoso
201,U0496,2026-06-17 16:04:00,Web,Error
4081,,2026-06-18 04:52:00,Web,Error
3392,U0018,2026-06-23 10:37:00,iOS,Error
5470,U0605,2026-06-03 13:23:00,Web,Exitoso
14625,U0996,2026-06-23 16:39:00,Android,Exitoso
5104,U0914,2026-06-16 12:29:00,Web,Exitoso
7309,U0777,2026-06-01 08:32:00,iOS,Exitoso
6760,U0491,2026-06-04 15:03:00,Web,Exitoso
7075,U0774,2026-06-27 05:55:00,Web,Exitoso
15565,,2026-06-26 10:05:38,Web,Error
7114,U0587,2026-06-12 00:34:00,Web,Exitoso
14628,U0937,2026-06-21 14:21:00,Web,Exitoso
4846,U0198,2026-06-07 03:25:00,iOS,Error
10187,U0479,2026-06-28 16:50:00,Android,Exitoso
12053,U0885,2026-06-13 14:46:00,Android,Exitoso
8687,U0793,2026-06-09 21:17:00,Android,Exitoso
8246,U0809,2026-06-12 12:27:00,Web,Exitoso
14471,U0711,2026-06-15 10:09:00,Web,Exitoso
4506,U0416,2026-06-05 22:32:00,Web,Error
8669,U0763,2026-06-08 05:59:00,Web,Exitoso
10575,U0807,2026-06-17 03:31:00,iOS,Exitoso
2842,U0308,2026-06-28 14:29:00,iOS,Error
10003,U0954,2026-06-16 12:17:00,Android,Exitoso
11378,U0609,2026-06-03 22:58:00,Web,Exitoso
8546,U0850,2026-06-25 19:45:00,iOS,Exitoso
7794,U0567,2026-06-14 20:18:00,Android,Exitoso
13534,U0651,2026-06-22 04:48:00,Web,Exitoso
9959,U0698,2026-06-12 21:31:00,iOS,Exitoso
13224,U0559,2026-06-06 19:47:00,Web,Exitoso
12258,U0921,2026-06-07 22:49:00,Android,Exitoso
7658,U0932,2026-06-18 11:19:00,Web,Exitoso
6990,U0795,2026-06-26 00:46:00,iOS,Exitoso
14591,U0553,2026-06-23 13:17:00,iOS,Exitoso
14441,U0840,2026-06-12 11:52:00,iOS,Exitoso
8841,U0645,2026-06-09 08:07:00,iOS,Exitoso
2373,,2026-06-28 06:55:00,Web,Error
5747,U0985,2026-06-03 21:56:00,Android,Exitoso
4232,,2026-06-10 12:37:00,Web,Error
15612,,2026-06-26 10:11:57,Web,Error
10210,U0543,2026-06-08 18:17:00,Web,Exitoso
3814,U0394,2026-06-16 12:40:00,iOS,Error
14420,U0892,2026-06-01 06:24:00,Web,Exitoso
10584,U0960,2026-06-26 14:47:00,iOS,Exitoso
6283,U0821,2026-06-05 23:49:00,iOS,Exitoso
8179,U0879,2026-06-05 10:37:00,Android,Exitoso
11629,U0664,2026-06-09 03:00:00,iOS,Exitoso
16314,U0722,2026-06-26 10:07:24,Web,Error
11548,U0535,2026-06-19 12:23:00,Android,Exitoso
15672,,2026-06-26 10:15:46,Web,Error
15240,,2026-06-26 10:20:18,Web,Error
15530,,2026-06-26 10:15:10,Web,Error
9934,U0943,2026-06-04 00:34:00,Web,Exitoso
4472,U0122,2026-06-18 08:03:00,Android,Error
7860,U1000,2026-06-22 14:31:00,Android,Exitoso
5850,U0803,2026-06-09 03:38:00,Web,Exitoso
7743,U0467,2026-06-16 21:33:00,Android,Exitoso
9237,U0662,2026-06-22 06:13:00,iOS,Exitoso
15167,,2026-06-26 10:02:53,Web,Error
3287,U0324,2026-06-20 01:17:00,Android,Error
2586,U0344,2026-06-21 11:48:00,Android,Error
12351,U0802,2026-06-24 08:13:00,iOS,Exitoso
12869,U0969,2026-06-14 17:22:00,Android,Exitoso
24,U0010,2026-06-22 15:31:00,Android,Error
8467,U0493,2026-06-10 22:09:00,iOS,Exitoso
14340,U0751,2026-06-12 08:04:00,Android,Exitoso
4600,U0803,2026-06-03 22:18:00,Web,Error
5415,U0741,2026-06-09 23:35:00,Web,Exitoso
15499,,2026-06-26 10:14:00,Web,Error
7160,U0465,2026-06-24 00:03:00,Android,Exitoso
70,U0025,2026-06-02 13:48:00,iOS,Error
1120,,2026-06-18 07:32:00,Android,Error
12630,U0981,2026-06-28 18:00:00,iOS,Exitoso
4649,U0383,2026-06-28 17:17:00,Web,Error
12015,U0830,2026-06-17 02:24:00,iOS,Exitoso
6781,U0567,2026-06-21 13:51:00,iOS,Exitoso
4001,U0066,2026-06-16 04:33:00,iOS,Error
12075,U0533,2026-06-01 17:43:00,iOS,Exitoso
7303,U0901,2026-06-27 14:43:00,Web,Exitoso
6526,U0776,2026-06-10 02:24:00,Android,Exitoso
11312,U0519,2026-06-12 02:44:00,Android,Exitoso
2889,U0094,2026-06-22 12:05:00,Android,Error
13625,U0994,2026-06-19 23:10:00,Web,Exitoso
9372,U0816,2026-06-03 19:22:00,iOS,Exitoso
1041,U0610,2026-06-15 23:26:00,Web,Error
11446,U0799,2026-06-10 12:51:00,Web,Exitoso
6270,U0625,2026-06-02 01:06:00,Android,Exitoso
1472,,2026-06-27 04:34:00,Web,Error
13580,U0880,2026-06-08 10:40:00,Web,Exitoso
11860,U0562,2026-06-21 06:54:00,iOS,Exitoso
7023,U0920,2026-06-24 07:21:00,Android,Exitoso
3005,,2026-06-06 18:32:00,iOS,Error
11168,U0779,2026-06-16 18:14:00,Android,Exitoso
14572,U0809,2026-06-01 02:59:00,iOS,Exitoso
5148,U0490,2026-06-07 21:04:00,Android,Exitoso
10624,U0646,2026-06-04 18:40:00,Web,Exitoso
2069,U0803,2026-06-12 20:26:00,iOS,Error
14017,U0576,2026-06-26 17:39:00,Web,Exitoso
16052,,2026-06-26 10:17:35,Web,Error
16380,U0783,2026-06-26 10:01:32,Web,Error
8651,U0795,2026-06-13 15:41:00,Web,Exitoso
753,U0364,2026-06-02 10:27:00,iOS,Error
6528,U0698,2026-06-01 14:34:00,Android,Exitoso
14750,U0460,2026-06-08 01:56:00,iOS,Exitoso
13475,U0764,2026-06-06 09:15:00,Android,Exitoso
15768,,2026-06-26 10:09:51,Web,Error
13110,U0623,2026-06-13 16:39:00,iOS,Exitoso
7151,U0985,2026-06-25 14:46:00,Web,Exitoso
1105,,2026-06-15 15:29:00,Web,Error
13604,U0932,2026-06-09 16:12:00,Android,Exitoso
11261,U0868,2026-06-26 19:28:00,Web,Exitoso
16138,,2026-06-26 10:11:17,Web,Error
14137,U0673,2026-06-04 18:54:00,iOS,Exitoso
3506,U0222,2026-06-19 15:54:00,Web,Error
8480,U0665,2026-06-20 08:30:00,Web,Exitoso
8853,U0873,2026-06-01 22:15:00,Android,Exitoso
16475,U0693,2026-06-26 10:11:58,Web,Error
4804,,2026-06-06 09:08:00,Web,Error
8854,U0731,2026-06-27 06:24:00,Android,Exitoso
7762,U0941,2026-06-01 07:23:00,Android,Exitoso
39,U0056,2026-06-07 09:58:00,iOS,Error
4774,U0208,2026-06-14 05:41:00,Web,Error
3122,,2026-06-04 09:02:00,iOS,Error
13101,U0647,2026-06-08 12:00:00,iOS,Exitoso
1930,,2026-06-02 13:58:00,Android,Error
2059,,2026-06-12 06:05:00,Web,Error
3116,U0028,2026-06-07 23:50:00,Android,Error
8259,U0560,2026-06-16 01:40:00,iOS,Exitoso
7991,U0964,2026-06-07 05:42:00,iOS,Exitoso
9667,U0840,2026-06-14 09:35:00,Android,Exitoso
7009,U0908,2026-06-11 07:31:00,iOS,Exitoso
5053,U0930,2026-06-12 12:31:00,iOS,Exitoso
14497,U0711,2026-06-14 23:45:00,Web,Exitoso
871,U0179,2026-06-07 22:26:00,Web,Error
2466,U0217,2026-06-23 03:51:00,iOS,Error
6391,U0474,2026-06-14 06:11:00,Android,Exitoso
7905,U0462,2026-06-24 03:43:00,iOS,Exitoso
3707,,2026-06-04 17:48:00,Web,Error
13155,U0828,2026-06-23 19:06:00,Web,Exitoso
5164,U0639,2026-06-06 11:27:00,iOS,Exitoso
1577,,2026-06-27 09:35:00,Android,Error
523,,2026-06-03 00:25:00,Web,Error
6667,U0577,2026-06-24 20:59:00,Web,Exitoso
11298,U0721,2026-06-01 13:37:00,Web,Exitoso
4395,,2026-06-01 12:18:00,Web,Error
6034,U0916,2026-06-25 09:06:00,Android,Exitoso
1305,U0146,2026-06-27 23:15:00,Android,Error
14887,U0817,2026-06-11 13:03:00,Android,Exitoso
8481,U0678,2026-06-24 00:56:00,Web,Exitoso
7929,U0994,2026-06-22 04:08:00,Web,Exitoso
12513,U0778,2026-06-27 21:01:00,Web,Exitoso
10683,U0824,2026-06-02 04:03:00,Web,Exitoso
8626,U0509,2026-06-22 01:42:00,Android,Exitoso
6070,U0882,2026-06-05 09:29:00,Web,Exitoso
1502,U0125,2026-06-28 05:11:00,iOS,Error
1487,U0769,2026-06-07 12:52:00,Android,Error
13438,U0570,2026-06-15 14:24:00,Web,Exitoso
2193,U0990,2026-06-01 02:59:00,Web,Error
10303,U0501,2026-06-17 20:11:00,Android,Exitoso
3706,,2026-06-05 17:27:00,Web,Error
14098,U0530,2026-06-09 17:32:00,iOS,Exitoso
10915,U0856,2026-06-15 14:23:00,iOS,Exitoso
12910,U0486,2026-06-26 22:41:00,Android,Exitoso
3294,,2026-06-16 05:09:00,Web,Error
13790,U0528,2026-06-06 14:04:00,Android,Exitoso
4615,U0441,2026-06-04 12:31:00,Web,Error
13077,U0740,2026-06-15 22:30:00,iOS,Exitoso
13216,U0590,2026-06-27 02:54:00,Android,Exitoso
12061,U0587,2026-06-23 20:27:00,Web,Exitoso
9552,U0669,2026-06-28 09:13:00,Web,Exitoso
13018,U0975,2026-06-18 11:59:00,Web,Exitoso
12971,U0509,2026-06-01 01:09:00,Web,Exitoso
8643,U0876,2026-06-25 15:02:00,iOS,Exitoso
16265,U0848,2026-06-26 10:22:56,Web,Error
14999,U0780,2026-06-07 16:03:00,iOS,Exitoso
14192,U0763,2026-06-28 03:39:00,Android,Exitoso
11635,U0852,2026-06-09 17:07:00,Android,Exitoso
10811,U0875,2026-06-28 13:14:00,iOS,Exitoso
11070,U0897,2026-06-12 09:31:00,Web,Exitoso
1541,U0490,2026-06-01 14:49:00,Web,Error
11,U0004,2026-06-14 07:40:00,iOS,Error
14958,U0514,2026-06-05 11:38:00,iOS,Exitoso
7665,U0463,2026-06-03 15:18:00,Web,Exitoso
530,U0246,2026-06-02 08:52:00,Android,Error
2086,U0058,2026-06-03 10:15:00,iOS,Error
2049,U0154,2026-06-07 05:43:00,Android,Error
5785,U0985,2026-06-01 03:37:00,Android,Exitoso
9829,U0876,2026-06-28 15:18:00,Web,Exitoso
15412,,2026-06-26 10:26:17,Web,Error
1225,U0432,2026-06-07 02:18:00,Android,Error
1061,U0238,2026-06-15 00:53:00,Android,Error
10968,U0933,2026-06-14 13:27:00,Android,Exitoso
12194,U0636,2026-06-19 14:24:00,Android,Exitoso
7492,U0795,2026-06-19 03:30:00,Web,Exitoso
2911,U0104,2026-06-17 20:25:00,Web,Error
10714,U0452,2026-06-19 10:16:00,Android,Exitoso
12189,U0612,2026-06-25 10:39:00,iOS,Exitoso
8420,U0915,2026-06-14 23:13:00,Android,Exitoso
14908,U0647,2026-06-14 11:27:00,iOS,Exitoso
5042,U0838,2026-06-20 09:23:00,Android,Exitoso
14656,U0476,2026-06-16 05:58:00,Android,Exitoso
15782,,2026-06-26 10:18:05,Web,Error
11993,U0948,2026-06-19 10:48:00,iOS,Exitoso
5705,U0674,2026-06-11 22:31:00,iOS,Exitoso
1113,,2026-06-02 06:23:00,iOS,Error
4860,U0059,2026-06-01 04:41:00,Android,Error
8431,U0733,2026-06-02 08:23:00,Web,Exitoso
558,U0338,2026-06-03 11:56:00,Android,Error
3975,U0524,2026-06-04 18:18:00,Web,Error
12713,U0984,2026-06-13 05:58:00,Android,Exitoso
3022,U0057,2026-06-26 08:59:00,Android,Error
14099,U1000,2026-06-17 13:11:00,Web,Exitoso
8318,U0817,2026-06-25 00:33:00,Web,Exitoso
3587,U0400,2026-06-26 09:56:00,iOS,Error
8061,U0955,2026-06-22 17:07:00,Web,Exitoso
8036,U0606,2026-06-08 03:47:00,Android,Exitoso
2338,,2026-06-21 03:58:00,Web,Error
9449,U0722,2026-06-10 14:23:00,Web,Exitoso
3801,,2026-06-26 20:58:00,Web,Error
267,,2026-06-14 05:27:00,Web,Error
910,U0119,2026-06-26 09:49:00,iOS,Error
15564,,2026-06-26 10:15:46,Web,Error
1805,U0186,2026-06-13 22:24:00,iOS,Error
926,U0008,2026-06-11 05:56:00,Web,Error
2668,,2026-06-17 03:27:00,Android,Error
8022,U0555,2026-06-09 11:19:00,Web,Exitoso
11367,U0917,2026-06-27 00:16:00,iOS,Exitoso
7933,U0475,2026-06-05 16:07:00,Web,Exitoso
5005,U0632,2026-06-28 15:29:00,Android,Exitoso
10098,U0884,2026-06-15 07:52:00,Android,Exitoso
584,,2026-06-01 07:21:00,Web,Error
7593,U0823,2026-06-05 08:33:00,iOS,Exitoso
2591,U0214,2026-06-07 07:20:00,Web,Error
11228,U0623,2026-06-20 07:06:00,Web,Exitoso
3269,U0794,2026-06-23 17:42:00,Web,Error
2772,U0387,2026-06-14 06:55:00,Web,Error
3112,U0521,2026-06-17 04:39:00,iOS,Error
11203,U0718,2026-06-15 07:09:00,Android,Exitoso
12424,U0717,2026-06-25 03:46:00,iOS,Exitoso
2022,,2026-06-27 11:38:00,Web,Error
9751,U0679,2026-06-02 17:26:00,Android,Exitoso
11571,U0894,2026-06-10 20:37:00,iOS,Exitoso
7056,U0901,2026-06-22 10:27:00,iOS,Exitoso
7432,U0752,2026-06-10 14:03:00,Web,Exitoso
13778,U0933,2026-06-19 21:10:00,iOS,Exitoso
9662,U0990,2026-06-02 07:50:00,Web,Exitoso
2348,,2026-06-19 04:11:00,Web,Error
8005,U0657,2026-06-17 08:34:00,Android,Exitoso
2922,,2026-06-06 13:54:00,iOS,Error
1094,U0998,2026-06-15 14:47:00,Web,Error
10686,U0669,2026-06-11 08:18:00,Web,Exitoso
1497,U0955,2026-06-25 19:07:00,Web,Error
8370,U0681,2026-06-14 02:38:00,Web,Exitoso
10033,U0453,2026-06-24 01:38:00,iOS,Exitoso
16242,U0527,2026-06-26 10:18:35,Web,Error
10703,U0473,2026-06-14 05:48:00,Web,Exitoso
5377,U0910,2026-06-09 14:23:00,Web,Exitoso
2248,U0122,2026-06-26 20:04:00,Android,Error
6666,U0455,2026-06-02 04:27:00,Web,Exitoso
11091,U0750,2026-06-26 02:29:00,iOS,Exitoso
16055,,2026-06-26 10:00:47,Web,Error
3340,U0416,2026-06-19 23:09:00,Web,Error
7452,U0516,2026-06-26 05:07:00,Web,Exitoso
15269,,2026-06-26 10:06:22,Web,Error
13064,U0946,2026-06-18 14:18:00,iOS,Exitoso
10719,U0778,2026-06-03 11:30:00,Web,Exitoso
14461,U0984,2026-06-05 08:07:00,iOS,Exitoso
6625,U0935,2026-06-06 09:06:00,Web,Exitoso
3751,U0254,2026-06-06 06:25:00,Android,Error
4743,U0339,2026-06-14 01:17:00,Web,Error
519,,2026-06-05 07:34:00,Web,Error
5219,U0999,2026-06-06 20:45:00,Android,Exitoso
11151,U0707,2026-06-22 00:06:00,Web,Exitoso
6243,U0540,2026-06-12 01:02:00,Android,Exitoso
13663,U0698,2026-06-12 06:30:00,Web,Exitoso
3190,U0390,2026-06-24 21:09:00,Web,Error
7881,U0716,2026-06-02 22:37:00,iOS,Exitoso
10494,U0479,2026-06-26 19:51:00,Web,Exitoso
8330,U0966,2026-06-05 07:34:00,iOS,Exitoso
1188,U0324,2026-06-02 14:52:00,iOS,Error
11955,U0936,2026-06-04 13:12:00,Android,Exitoso
6785,U0882,2026-06-08 09:28:00,Web,Exitoso
10396,U0538,2026-06-27 11:43:00,iOS,Exitoso
6217,U0683,2026-06-27 13:45:00,iOS,Exitoso
388,U0167,2026-06-23 08:58:00,iOS,Error
9733,U0537,2026-06-24 22:57:00,iOS,Exitoso
7887,U0631,2026-06-06 01:24:00,Android,Exitoso
12123,U0675,2026-06-17 17:11:00,Android,Exitoso
12551,U0783,2026-06-12 11:42:00,iOS,Exitoso
1587,U0689,2026-06-18 05:54:00,Web,Error
13028,U0886,2026-06-12 07:49:00,Android,Exitoso
2602,,2026-06-20 15:20:00,Web,Error
6724,U0589,2026-06-18 10:06:00,Android,Exitoso
11308,U0876,2026-06-12 10:42:00,iOS,Exitoso
10962,U0685,2026-06-16 15:04:00,Web,Exitoso
11329,U0492,2026-06-23 08:39:00,iOS,Exitoso
13750,U0795,2026-06-28 16:59:00,Web,Exitoso
9264,U0942,2026-06-23 17:44:00,iOS,Exitoso
8630,U0774,2026-06-24 19:09:00,Android,Exitoso
14988,U0638,2026-06-08 19:35:00,Web,Exitoso
14635,U0956,2026-06-17 20:42:00,iOS,Exitoso
11234,U0873,2026-06-23 00:17:00,iOS,Exitoso
11201,U0795,2026-06-12 09:01:00,Android,Exitoso
1671,U0730,2026-06-03 11:28:00,iOS,Error
15188,,2026-06-26 10:28:35,Web,Error
3648,U0257,2026-06-22 03:45:00,iOS,Error
7300,U0744,2026-06-15 08:55:00,Android,Exitoso
5337,U0807,2026-06-27 08:11:00,iOS,Exitoso
10729,U0756,2026-06-27 07:46:00,Android,Exitoso
3323,,2026-06-21 15:31:00,Web,Error
16222,U0718,2026-06-26 10:16:33,Web,Error
4661,U0224,2026-06-22 20:52:00,Android,Error
12353,U0952,2026-06-28 12:50:00,iOS,Exitoso
10366,U0806,2026-06-12 23:14:00,iOS,Exitoso
8702,U0525,2026-06-09 11:19:00,Web,Exitoso
12925,U0558,2026-06-16 13:01:00,Android,Exitoso
11626,U0596,2026-06-09 18:20:00,Web,Exitoso
5384,U0771,2026-06-26 20:24:00,Web,Exitoso
8501,U0475,2026-06-03 14:16:00,Web,Exitoso
1153,U0415,2026-06-05 04:25:00,iOS,Error
247,U0292,2026-06-13 15:35:00,iOS,Error
2724,U0050,2026-06-22 21:24:00,iOS,Error
12571,U0525,2026-06-24 00:38:00,Android,Exitoso
408,U0220,2026-06-03 14:38:00,iOS,Error
6047,U0665,2026-06-04 21:10:00,Web,Exitoso
13829,U0614,2026-06-06 16:39:00,Android,Exitoso
14824,U0819,2026-06-25 20:43:00,iOS,Exitoso
5421,U0984,2026-06-19 02:55:00,Android,Exitoso
10660,U0621,2026-06-22 00:58:00,iOS,Exitoso
13039,U0825,2026-06-25 07:52:00,Android,Exitoso
16385,U0666,2026-06-26 10:05:14,Web,Error
12183,U0469,2026-06-10 19:45:00,Web,Exitoso
9705,U0832,2026-06-23 05:38:00,Android,Exitoso
5783,U0620,2026-06-18 00:01:00,Android,Exitoso
12747,U0712,2026-06-15 04:52:00,iOS,Exitoso
14385,U0563,2026-06-05 14:18:00,Web,Exitoso
8849,U0560,2026-06-27 13:03:00,Web,Exitoso
12600,U0754,2026-06-16 15:01:00,Android,Exitoso
12070,U0627,2026-06-08 06:01:00,Web,Exitoso
1289,U0740,2026-06-26 09:42:00,Web,Error
2789,,2026-06-21 09:46:00,Web,Error
14120,U0927,2026-06-12 01:50:00,Web,Exitoso
6772,U0615,2026-06-12 04:20:00,iOS,Exitoso
10157,U0522,2026-06-11 05:58:00,Web,Exitoso
2078,,2026-06-27 01:47:00,Web,Error
8650,U0986,2026-06-05 23:27:00,Android,Exitoso
9965,U0656,2026-06-23 14:31:00,Android,Exitoso
2292,,2026-06-25 10:01:00,Web,Error
2688,U0108,2026-06-09 00:25:00,iOS,Error
6531,U0603,2026-06-17 12:43:00,iOS,Exitoso
7165,U0881,2026-06-20 09:15:00,Android,Exitoso
13649,U0531,2026-06-26 18:53:00,Web,Exitoso
12895,U0666,2026-06-18 02:45:00,iOS,Exitoso
1697,U0410,2026-06-20 07:01:00,Android,Error
14018,U0902,2026-06-20 04:14:00,Android,Exitoso
7035,U0616,2026-06-25 22:10:00,iOS,Exitoso
12037,U0548,2026-06-27 14:09:00,Android,Exitoso
8598,U0563,2026-06-01 05:26:00,Android,Exitoso
12019,U0787,2026-06-25 10:27:00,Web,Exitoso
13012,U0774,2026-06-14 20:04:00,iOS,Exitoso
2099,U0057,2026-06-24 05:02:00,iOS,Error
8586,U0519,2026-06-26 14:06:00,Android,Exitoso
7626,U0549,2026-06-23 10:48:00,Android,Exitoso
6712,U0786,2026-06-02 14:33:00,Web,Exitoso
6982,U0612,2026-06-06 04:56:00,Android,Exitoso
3159,U0682,2026-06-04 08:39:00,iOS,Error
10409,U0628,2026-06-09 18:57:00,Android,Exitoso
8198,U0694,2026-06-19 04:50:00,Web,Exitoso
10276,U0990,2026-06-21 01:27:00,Android,Exitoso
8823,U0502,2026-06-25 10:34:00,Web,Exitoso
8350,U0467,2026-06-26 15:33:00,Android,Exitoso
6574,U0600,2026-06-17 12:25:00,Android,Exitoso
961,,2026-06-21 13:03:00,Web,Error
8711,U0475,2026-06-12 04:16:00,iOS,Exitoso
13690,U0854,2026-06-06 12:02:00,Web,Exitoso
172,,2026-06-04 06:20:00,Web,Error
4056,U0295,2026-06-14 09:19:00,iOS,Error
14406,U0500,2026-06-25 09:50:00,Android,Exitoso
10498,U0899,2026-06-08 08:19:00,Android,Exitoso
1748,U0188,2026-06-20 09:03:00,Web,Error
8600,U0706,2026-06-06 13:22:00,Web,Exitoso
11431,U0910,2026-06-26 21:19:00,iOS,Exitoso
10546,U0654,2026-06-08 11:47:00,iOS,Exitoso
13033,U0625,2026-06-05 20:57:00,Android,Exitoso
6670,U0819,2026-06-15 14:39:00,Android,Exitoso
8059,U0689,2026-06-13 05:56:00,Web,Exitoso
15574,,2026-06-26 10:08:59,Web,Error
14238,U0786,2026-06-20 19:39:00,Web,Exitoso
5323,U0506,2026-06-09 01:08:00,iOS,Exitoso
12973,U0578,2026-06-18 01:49:00,Web,Exitoso
3636,U0790,2026-06-15 01:15:00,iOS,Error
16371,U0561,2026-06-26 10:00:21,Web,Error
10153,U0548,2026-06-15 08:36:00,Web,Exitoso
487,,2026-06-05 04:22:00,Web,Error
4178,U0379,2026-06-23 20:48:00,Web,Error
14707,U0842,2026-06-24 14:29:00,Android,Exitoso
6039,U0591,2026-06-15 03:18:00,Android,Exitoso
13465,U0791,2026-06-14 01:21:00,Web,Exitoso
15328,,2026-06-26 10:26:47,Web,Error
16389,U0839,2026-06-26 10:24:27,Web,Error
9421,U0624,2026-06-12 04:35:00,Web,Exitoso
13762,U0701,2026-06-02 22:42:00,Android,Exitoso
3586,,2026-06-14 00:56:00,Web,Error
13573,U0543,2026-06-25 18:28:00,Android,Exitoso
4334,,2026-06-24 21:09:00,Web,Error
442,U0217,2026-06-21 02:19:00,Android,Error
9409,U0955,2026-06-04 16:08:00,Android,Exitoso
4566,U0361,2026-06-12 13:01:00,iOS,Error
9729,U0569,2026-06-25 07:33:00,iOS,Exitoso
7510,U0614,2026-06-13 18:27:00,iOS,Exitoso
2735,U0791,2026-06-22 02:30:00,Android,Error
3286,U0978,2026-06-24 14:55:00,Android,Error
7003,U0777,2026-06-16 00:27:00,Web,Exitoso
15189,,2026-06-26 10:03:11,Web,Error
1621,,2026-06-08 04:24:00,Web,Error
9381,U0893,2026-06-18 10:17:00,Web,Exitoso
9690,U0735,2026-06-11 16:34:00,Android,Exitoso
4850,,2026-06-26 03:15:00,Web,Error
11766,U0721,2026-06-25 06:55:00,Android,Exitoso
14143,U0570,2026-06-15 05:34:00,Android,Exitoso
14073,U0662,2026-06-15 04:47:00,Web,Exitoso
699,U0088,2026-06-16 18:01:00,iOS,Error
14554,U0661,2026-06-12 10:05:00,Android,Exitoso
4935,U0460,2026-06-01 19:23:00,Web,Error
11665,U0514,2026-06-26 06:19:00,Android,Exitoso
6917,U0562,2026-06-10 13:38:00,Android,Exitoso
11974,U0811,2026-06-19 22:20:00,iOS,Exitoso
10408,U0727,2026-06-14 23:42:00,Android,Exitoso
15374,,2026-06-26 10:03:03,Web,Error
14843,U0728,2026-06-27 19:08:00,iOS,Exitoso
2039,U0887,2026-06-10 08:37:00,Android,Error
14573,U0557,2026-06-01 08:33:00,iOS,Exitoso
15126,,2026-06-26 10:16:43,Web,Error
14118,U0610,2026-06-14 03:35:00,iOS,Exitoso
11809,U0749,2026-06-04 04:47:00,iOS,Exitoso
10272,U0583,2026-06-14 06:24:00,iOS,Exitoso
5288,U0673,2026-06-11 02:43:00,iOS,Exitoso
6118,U0471,2026-06-17 13:00:00,Web,Exitoso
315,U0430,2026-06-22 22:41:00,iOS,Error
8436,U0732,2026-06-26 01:22:00,Web,Exitoso
13713,U0459,2026-06-28 15:07:00,Android,Exitoso
3653,U0093,2026-06-04 15:55:00,Web,Error
11622,U0996,2026-06-05 14:12:00,iOS,Exitoso
10240,U0953,2026-06-19 19:59:00,Web,Exitoso
2966,U0137,2026-06-09 04:33:00,Web,Error
12134,U0987,2026-06-24 23:55:00,Android,Exitoso
161,,2026-06-08 09:13:00,Web,Error
7956,U0617,2026-06-09 09:56:00,Android,Exitoso
16130,,2026-06-26 10:01:07,Web,Error
8790,U0629,2026-06-17 14:02:00,Web,Exitoso
815,U0561,2026-06-22 13:01:00,iOS,Error
2894,U0993,2026-06-19 15:17:00,iOS,Error
4214,U0886,2026-06-03 16:26:00,Web,Error
14376,U0568,2026-06-07 03:51:00,iOS,Exitoso
9004,U0946,2026-06-18 00:32:00,Web,Exitoso
9015,U1000,2026-06-17 20:22:00,Web,Exitoso
10320,U0942,2026-06-14 06:35:00,iOS,Exitoso
11784,U0871,2026-06-22 11:08:00,iOS,Exitoso
9732,U0522,2026-06-08 15:31:00,iOS,Exitoso
13116,U0726,2026-06-09 16:59:00,Android,Exitoso
15236,,2026-06-26 10:08:28,Web,Error
9096,U0629,2026-06-03 00:40:00,Web,Exitoso
10121,U0940,2026-06-07 11:34:00,Web,Exitoso
15932,,2026-06-26 10:22:09,Web,Error
3338,U0174,2026-06-23 23:43:00,Web,Error
9153,U0651,2026-06-01 02:06:00,Web,Exitoso
3902,U0352,2026-06-07 06:04:00,Android,Error
9288,U0750,2026-06-06 11:17:00,iOS,Exitoso
5653,U0866,2026-06-23 06:16:00,iOS,Exitoso
7560,U0847,2026-06-19 07:15:00,Android,Exitoso
12420,U0480,2026-06-15 14:00:00,iOS,Exitoso
7152,U0630,2026-06-11 00:48:00,iOS,Exitoso
1507,U0253,2026-06-20 08:07:00,Android,Error
16484,U0540,2026-06-26 10:29:47,Web,Error
11421,U0968,2026-06-27 14:35:00,Web,Exitoso
9630,U0714,2026-06-02 01:13:00,Web,Exitoso
11012,U0930,2026-06-27 20:12:00,iOS,Exitoso
4751,U0275,2026-06-28 12:15:00,Android,Error
1220,U0057,2026-06-28 16:21:00,Web,Error
9920,U0710,2026-06-04 02:38:00,Web,Exitoso
2616,U0227,2026-06-15 13:49:00,iOS,Error
5670,U0528,2026-06-28 02:33:00,Android,Exitoso
6841,U0652,2026-06-25 09:11:00,iOS,Exitoso
15787,,2026-06-26 10:03:22,Web,Error
5641,U0833,2026-06-26 22:20:00,Web,Exitoso
12936,U0983,2026-06-26 20:07:00,Web,Exitoso
1484,U0163,2026-06-15 21:11:00,iOS,Error
14950,U0984,2026-06-18 22:19:00,iOS,Exitoso
1088,U0967,2026-06-15 17:04:00,Web,Error
16438,U0629,2026-06-26 10:20:38,Web,Error
5616,U0688,2026-06-15 04:19:00,Web,Exitoso
13744,U0603,2026-06-05 21:55:00,Web,Exitoso
2628,,2026-06-09 06:20:00,Web,Error
2703,U0190,2026-06-27 07:10:00,Android,Error
1683,,2026-06-11 06:55:00,Web,Error
10557,U0520,2026-06-28 17:53:00,Web,Exitoso
12997,U0556,2026-06-23 07:13:00,Web,Exitoso
11490,U0558,2026-06-25 05:42:00,iOS,Exitoso
9754,U0590,2026-06-13 16:44:00,iOS,Exitoso
1981,U0622,2026-06-21 13:39:00,Web,Error
8942,U0876,2026-06-07 17:22:00,Web,Exitoso
12657,U0865,2026-06-08 13:44:00,Web,Exitoso
2201,,2026-06-21 00:15:00,Android,Error
9252,U0637,2026-06-01 01:41:00,Web,Exitoso
15216,,2026-06-26 10:27:16,Web,Error
12208,U0467,2026-06-22 00:59:00,Android,Exitoso
14854,U0982,2026-06-05 00:51:00,Android,Exitoso
7540,U0512,2026-06-19 23:41:00,Web,Exitoso
11848,U0884,2026-06-01 08:20:00,Web,Exitoso
5567,U0592,2026-06-16 06:46:00,iOS,Exitoso
8290,U0906,2026-06-12 21:14:00,iOS,Exitoso
5144,U0811,2026-06-25 18:43:00,iOS,Exitoso
11024,U0704,2026-06-18 15:11:00,Android,Exitoso
15632,,2026-06-26 10:23:30,Web,Error
9833,U0855,2026-06-26 03:46:00,Android,Exitoso
722,U0745,2026-06-11 05:14:00,Web,Error
1890,U0201,2026-06-08 14:29:00,Android,Error
8526,U0786,2026-06-28 03:17:00,Web,Exitoso
4551,U0053,2026-06-19 12:47:00,Web,Error
9014,U0656,2026-06-13 17:01:00,iOS,Exitoso
14816,U0757,2026-06-01 13:57:00,Android,Exitoso
14967,U0555,2026-06-09 05:00:00,iOS,Exitoso
8516,U0804,2026-06-02 11:22:00,iOS,Exitoso
9756,U0787,2026-06-27 22:45:00,Web,Exitoso
3717,U0430,2026-06-03 22:31:00,Android,Error
4750,U0430,2026-06-11 18:26:00,iOS,Error
14403,U0820,2026-06-16 11:55:00,Web,Exitoso
16386,U0576,2026-06-26 10:05:13,Web,Error
9987,U0576,2026-06-18 10:18:00,Android,Exitoso
3697,U0092,2026-06-07 18:23:00,Web,Error
260,U0628,2026-06-08 15:10:00,Web,Error
5975,U0770,2026-06-01 22:57:00,iOS,Exitoso
7745,U0788,2026-06-02 03:51:00,Android,Exitoso
12875,U0750,2026-06-23 23:17:00,Web,Exitoso
4152,U0794,2026-06-16 05:44:00,Web,Error
12795,U0807,2026-06-21 05:55:00,iOS,Exitoso
980,,2026-06-28 05:32:00,Android,Error
8354,U0960,2026-06-24 11:00:00,Android,Exitoso
12838,U0554,2026-06-18 05:38:00,Android,Exitoso
2496,,2026-06-02 16:26:00,Web,Error
49,U0168,2026-06-11 08:25:00,Web,Error
14796,U0594,2026-06-27 08:27:00,iOS,Exitoso
5132,U0563,2026-06-07 23:53:00,iOS,Exitoso
4837,,2026-06-26 19:59:00,Web,Error
1881,,2026-06-18 08:44:00,Web,Error
8115,U0575,2026-06-07 12:17:00,Web,Exitoso
10444,U0716,2026-06-27 09:31:00,Android,Exitoso
9504,U0650,2026-06-20 20:47:00,Web,Exitoso
4635,U0585,2026-06-04 19:27:00,Web,Error
13193,U0972,2026-06-26 06:28:00,Web,Exitoso
7614,U0474,2026-06-28 09:28:00,Android,Exitoso
5649,U0802,2026-06-04 23:21:00,Web,Exitoso
13918,U0667,2026-06-20 04:16:00,iOS,Exitoso
14588,U0881,2026-06-17 09:55:00,Web,Exitoso
5625,U0681,2026-06-20 13:33:00,iOS,Exitoso
7001,U0930,2026-06-03 12:16:00,Android,Exitoso
6212,U0841,2026-06-01 09:35:00,Android,Exitoso
6738,U0483,2026-06-17 14:26:00,Android,Exitoso
14850,U0845,2026-06-24 05:30:00,Android,Exitoso
2550,U0377,2026-06-24 09:31:00,Android,Error
547,,2026-06-02 02:23:00,Android,Error
6402,U0543,2026-06-28 13:30:00,Android,Exitoso
3797,U0068,2026-06-11 22:57:00,Web,Error
1783,,2026-06-16 14:15:00,iOS,Error
5071,U0960,2026-06-15 20:48:00,iOS,Exitoso
1326,U0326,2026-06-12 07:52:00,Web,Error
13442,U0576,2026-06-23 22:09:00,iOS,Exitoso
3684,,2026-06-12 06:05:00,Web,Error
13390,U0974,2026-06-15 06:29:00,Android,Exitoso
4734,U0106,2026-06-15 21:41:00,Web,Error
15643,,2026-06-26 10:15:28,Web,Error
12068,U0486,2026-06-04 20:07:00,Android,Exitoso
9792,U0783,2026-06-21 15:44:00,iOS,Exitoso
12112,U0655,2026-06-08 08:22:00,Android,Exitoso
15737,,2026-06-26 10:17:17,Web,Error
13347,U0752,2026-06-02 16:59:00,Web,Exitoso
14244,U0603,2026-06-19 08:07:00,Android,Exitoso
10470,U0980,2026-06-01 16:57:00,iOS,Exitoso
2708,,2026-06-22 10:30:00,Web,Error
2151,,2026-06-19 10:01:00,Web,Error
9715,U0867,2026-06-07 23:43:00,Web,Exitoso
15703,,2026-06-26 10:26:38,Web,Error
3622,U0221,2026-06-11 01:15:00,Web,Error
5566,U0811,2026-06-11 07:14:00,Web,Exitoso
6923,U0851,2026-06-26 11:34:00,iOS,Exitoso
11255,U0752,2026-06-22 16:50:00,Android,Exitoso
6835,U0801,2026-06-16 21:26:00,Web,Exitoso
6246,U0995,2026-06-13 00:02:00,iOS,Exitoso
1196,,2026-06-02 13:56:00,Web,Error
10620,U0523,2026-06-03 23:12:00,Web,Exitoso
12362,U0554,2026-06-13 11:43:00,Android,Exitoso
10758,U0712,2026-06-24 10:04:00,Android,Exitoso
6620,U0775,2026-06-21 10:07:00,iOS,Exitoso
3440,U0873,2026-06-14 14:02:00,Web,Error
2569,U0808,2026-06-19 16:57:00,iOS,Error
7788,U0735,2026-06-08 18:22:00,iOS,Exitoso
3326,U0263,2026-06-19 20:17:00,Android,Error
13210,U0786,2026-06-27 06:10:00,Android,Exitoso
15428,,2026-06-26 10:25:04,Web,Error
16060,,2026-06-26 10:28:20,Web,Error
4977,U0033,2026-06-07 11:17:00,Web,Error
10832,U0724,2026-06-27 13:48:00,Web,Exitoso
10561,U0568,2026-06-28 10:07:00,Android,Exitoso
7751,U0497,2026-06-11 14:52:00,iOS,Exitoso
4113,,2026-06-19 06:16:00,Web,Error
12315,U0744,2026-06-11 14:12:00,Web,Exitoso
11066,U0631,2026-06-15 03:58:00,iOS,Exitoso
15110,,2026-06-26 10:28:44,Web,Error
13141,U0627,2026-06-18 18:26:00,iOS,Exitoso
6159,U0974,2026-06-15 22:19:00,Web,Exitoso
11489,U0592,2026-06-07 17:05:00,Web,Exitoso
1714,U0398,2026-06-25 17:52:00,Android,Error
8391,U0902,2026-06-16 17:13:00,Android,Exitoso
12635,U0562,2026-06-18 04:05:00,Web,Exitoso
7223,U0701,2026-06-28 09:09:00,Android,Exitoso
4504,U0069,2026-06-17 06:58:00,Android,Error
7388,U0478,2026-06-28 03:07:00,Android,Exitoso
4479,U0332,2026-06-25 05:41:00,iOS,Error
12099,U0882,2026-06-14 06:23:00,Android,Exitoso
13397,U0964,2026-06-04 20:08:00,iOS,Exitoso
707,U0241,2026-06-09 22:23:00,Android,Error
10742,U0586,2026-06-04 21:29:00,Android,Exitoso
13838,U0856,2026-06-02 12:17:00,iOS,Exitoso
15206,,2026-06-26 10:26:26,Web,Error
14047,U0474,2026-06-09 20:33:00,iOS,Exitoso
13329,U0499,2026-06-03 19:36:00,Web,Exitoso
13303,U0726,2026-06-09 14:33:00,iOS,Exitoso
13221,U0917,2026-06-27 06:28:00,Web,Exitoso
4929,U0160,2026-06-23 03:53:00,iOS,Error
8706,U0917,2026-06-27 15:57:00,Web,Exitoso
14570,U0627,2026-06-12 00:33:00,Android,Exitoso
13208,U0483,2026-06-20 10:12:00,Web,Exitoso
12380,U0970,2026-06-03 19:38:00,iOS,Exitoso
8062,U0561,2026-06-06 19:39:00,Android,Exitoso
6357,U0520,2026-06-26 13:23:00,Android,Exitoso
12763,U0877,2026-06-19 18:51:00,Web,Exitoso
11326,U0812,2026-06-05 01:19:00,Android,Exitoso
7859,U0804,2026-06-25 22:40:00,iOS,Exitoso
6274,U0549,2026-06-23 11:52:00,iOS,Exitoso
5851,U0556,2026-06-24 21:28:00,iOS,Exitoso
8960,U0585,2026-06-05 21:34:00,Web,Exitoso
12348,U0753,2026-06-07 02:49:00,iOS,Exitoso
14179,U0523,2026-06-12 03:23:00,Web,Exitoso
75,,2026-06-17 15:04:00,Android,Error
6434,U0854,2026-06-13 03:12:00,Android,Exitoso
5948,U0969,2026-06-19 14:47:00,Web,Exitoso
9365,U0617,2026-06-01 23:04:00,Web,Exitoso
5099,U0811,2026-06-07 01:09:00,Android,Exitoso
14400,U0868,2026-06-26 14:16:00,iOS,Exitoso
4907,U0746,2026-06-26 02:51:00,Web,Error
8716,U0766,2026-06-15 14:54:00,Android,Exitoso
2796,U0318,2026-06-20 16:59:00,iOS,Error
7243,U0991,2026-06-15 18:22:00,Web,Exitoso
8859,U0518,2026-06-24 06:14:00,iOS,Exitoso
10088,U0665,2026-06-01 08:24:00,iOS,Exitoso
13040,U0914,2026-06-03 17:30:00,Web,Exitoso
9160,U0662,2026-06-12 05:10:00,iOS,Exitoso
14371,U0935,2026-06-24 07:05:00,iOS,Exitoso
14328,U0475,2026-06-23 16:49:00,iOS,Exitoso
6183,U0977,2026-06-11 11:24:00,iOS,Exitoso
15990,,2026-06-26 10:06:19,Web,Error
4617,U0770,2026-06-15 15:01:00,Web,Error
9665,U0603,2026-06-19 12:25:00,Android,Exitoso
13120,U0653,2026-06-09 15:21:00,iOS,Exitoso
3669,U0016,2026-06-18 06:44:00,iOS,Error
9,U0559,2026-06-17 20:41:00,Web,Error
7959,U0490,2026-06-18 07:13:00,Web,Exitoso
5602,U0556,2026-06-10 19:15:00,Web,Exitoso
15798,,2026-06-26 10:15:31,Web,Error
16141,,2026-06-26 10:15:41,Web,Error
9284,U0664,2026-06-26 09:18:00,iOS,Exitoso
9312,U0623,2026-06-12 01:36:00,Android,Exitoso
11035,U0956,2026-06-01 02:57:00,iOS,Exitoso
577,,2026-06-14 05:38:00,Web,Error
12308,U0785,2026-06-16 16:46:00,iOS,Exitoso
9398,U0929,2026-06-24 17:45:00,Web,Exitoso
5764,U0661,2026-06-10 18:37:00,iOS,Exitoso
9271,U0933,2026-06-14 16:23:00,Android,Exitoso
9044,U0876,2026-06-16 00:11:00,iOS,Exitoso
11392,U0827,2026-06-14 17:24:00,iOS,Exitoso
9520,U0690,2026-06-26 09:03:00,Web,Exitoso
12787,U0750,2026-06-11 07:53:00,Web,Exitoso
4802,U0417,2026-06-09 17:02:00,Android,Error
12158,U0823,2026-06-05 06:08:00,Android,Exitoso
6385,U0722,2026-06-14 20:59:00,Web,Exitoso
12662,U0489,2026-06-22 00:29:00,Web,Exitoso
1523,U0991,2026-06-14 15:06:00,Android,Error
13031,U0984,2026-06-26 01:33:00,Android,Exitoso
14436,U0882,2026-06-16 15:26:00,Web,Exitoso
6922,U0680,2026-06-26 22:05:00,Android,Exitoso
13263,U0568,2026-06-10 01:18:00,Android,Exitoso
11653,U0752,2026-06-07 09:05:00,iOS,Exitoso
6387,U0490,2026-06-24 17:55:00,iOS,Exitoso
1429,U0187,2026-06-03 14:45:00,Android,Error
10749,U0605,2026-06-28 06:30:00,Android,Exitoso
9178,U0793,2026-06-10 14:35:00,Android,Exitoso
7073,U0792,2026-06-12 23:42:00,Android,Exitoso
9977,U0983,2026-06-01 17:14:00,Web,Exitoso
3889,U0421,2026-06-17 09:32:00,Web,Error
7674,U0690,2026-06-27 00:34:00,iOS,Exitoso
12655,U0544,2026-06-05 12:24:00,Android,Exitoso
295,U0457,2026-06-19 11:00:00,Android,Error
13657,U0864,2026-06-19 16:51:00,Android,Exitoso
12204,U0862,2026-06-14 22:33:00,Android,Exitoso
15061,,2026-06-26 10:16:32,Web,Error
15744,,2026-06-26 10:13:18,Web,Error
9823,U0711,2026-06-13 18:31:00,iOS,Exitoso
569,U0311,2026-06-04 04:18:00,Android,Error
12844,U0536,2026-06-10 20:07:00,iOS,Exitoso
14596,U0692,2026-06-28 14:56:00,Web,Exitoso
3681,,2026-06-07 01:12:00,Web,Error
3417,U0751,2026-06-20 07:05:00,Web,Error
12934,U0686,2026-06-07 16:40:00,iOS,Exitoso
7163,U0794,2026-06-27 06:49:00,Android,Exitoso
14433,U0797,2026-06-16 07:24:00,Android,Exitoso
10843,U0875,2026-06-17 06:32:00,iOS,Exitoso
4753,,2026-06-16 18:19:00,Web,Error
7552,U0581,2026-06-13 07:36:00,iOS,Exitoso
1395,U0804,2026-06-17 04:06:00,Web,Error
9714,U0724,2026-06-16 01:31:00,Android,Exitoso
8877,U0501,2026-06-22 03:49:00,Web,Exitoso
6847,U0493,2026-06-25 14:14:00,Android,Exitoso
3758,U0146,2026-06-20 01:41:00,Android,Error
6468,U0757,2026-06-23 14:24:00,Web,Exitoso
15961,,2026-06-26 10:10:46,Web,Error
8493,U0718,2026-06-09 22:23:00,Web,Exitoso
8483,U0522,2026-06-19 16:54:00,iOS,Exitoso
6551,U0933,2026-06-26 07:11:00,Android,Exitoso
15793,,2026-06-26 10:22:11,Web,Error
15025,,2026-06-26 10:00:46,Web,Error
12350,U0672,2026-06-22 12:07:00,Android,Exitoso
9902,U0784,2026-06-16 13:41:00,Android,Exitoso
6598,U0609,2026-06-08 02:17:00,Android,Exitoso
16474,U0646,2026-06-26 10:01:49,Web,Error
7216,U0622,2026-06-01 07:18:00,Web,Exitoso
969,U0346,2026-06-15 17:45:00,iOS,Error
4316,U0128,2026-06-15 23:41:00,Android,Error
2674,U0281,2026-06-08 18:36:00,Android,Error
12213,U0474,2026-06-05 14:24:00,iOS,Exitoso
12675,U0702,2026-06-01 04:15:00,Android,Exitoso
874,U0445,2026-06-14 05:55:00,iOS,Error
919,,2026-06-07 17:16:00,iOS,Error
14848,U0496,2026-06-12 23:12:00,iOS,Exitoso
11259,U0551,2026-06-24 17:06:00,Android,Exitoso
2371,U0283,2026-06-06 22:36:00,iOS,Error
14569,U0668,2026-06-21 22:14:00,Android,Exitoso
9864,U0908,2026-06-19 22:10:00,Android,Exitoso
14356,U0970,2026-06-12 03:16:00,Android,Exitoso
13270,U0951,2026-06-17 14:13:00,Web,Exitoso
12196,U0769,2026-06-25 19:08:00,iOS,Exitoso
2671,,2026-06-05 04:39:00,Web,Error
5919,U0768,2026-06-09 15:07:00,Web,Exitoso
13703,U0806,2026-06-05 10:53:00,Web,Exitoso
9316,U0763,2026-06-02 22:15:00,Web,Exitoso
7978,U0911,2026-06-22 23:02:00,Web,Exitoso
10738,U0620,2026-06-04 02:51:00,Web,Exitoso
8512,U0873,2026-06-21 16:09:00,Web,Exitoso
10884,U0691,2026-06-26 11:12:00,Web,Exitoso
7317,U0496,2026-06-13 22:15:00,Android,Exitoso
5455,U0871,2026-06-19 14:41:00,iOS,Exitoso
7529,U0641,2026-06-27 10:46:00,Android,Exitoso
14067,U0830,2026-06-09 11:30:00,Android,Exitoso
2154,U0080,2026-06-13 19:14:00,iOS,Error
7708,U0775,2026-06-16 22:10:00,Web,Exitoso
1162,U0247,2026-06-18 06:05:00,Web,Error
15715,,2026-06-26 10:13:19,Web,Error
8557,U0880,2026-06-03 18:39:00,Web,Exitoso
12140,U0483,2026-06-27 14:02:00,Android,Exitoso
2114,U0355,2026-06-24 02:33:00,Web,Error
7854,U0645,2026-06-14 05:48:00,iOS,Exitoso
9908,U0591,2026-06-18 05:07:00,Android,Exitoso
5638,U0677,2026-06-14 23:17:00,Web,Exitoso
2508,U0334,2026-06-23 04:24:00,Web,Error
13528,U0787,2026-06-26 02:58:00,iOS,Exitoso
7363,U0644,2026-06-21 10:51:00,Android,Exitoso
4698,U0093,2026-06-16 23:08:00,Android,Error
7134,U0715,2026-06-23 22:16:00,Android,Exitoso
11911,U0475,2026-06-18 04:53:00,Web,Exitoso
13905,U0466,2026-06-04 04:13:00,Web,Exitoso
11788,U0956,2026-06-27 16:45:00,Android,Exitoso
12944,U0725,2026-06-26 21:54:00,iOS,Exitoso
568,U0958,2026-06-13 17:47:00,Android,Error
5480,U0875,2026-06-06 14:26:00,iOS,Exitoso
17,U0757,2026-06-03 16:14:00,Android,Error
15630,,2026-06-26 10:16:37,Web,Error
4517,,2026-06-01 03:36:00,Web,Error
8727,U0662,2026-06-01 02:28:00,Web,Exitoso
5660,U0713,2026-06-18 21:06:00,Android,Exitoso
3620,,2026-06-27 05:05:00,Web,Error
10842,U0868,2026-06-06 18:48:00,Web,Exitoso
4033,U0029,2026-06-04 04:16:00,Web,Error
11832,U0726,2026-06-22 14:26:00,iOS,Exitoso
15616,,2026-06-26 10:02:53,Web,Error
4424,U0175,2026-06-08 12:18:00,Android,Error
4790,U0359,2026-06-10 19:07:00,Android,Error
6926,U0796,2026-06-16 02:31:00,Android,Exitoso
8959,U0570,2026-06-02 06:19:00,Web,Exitoso
8035,U0491,2026-06-26 16:13:00,Android,Exitoso
9363,U1000,2026-06-18 11:05:00,Android,Exitoso
12880,U0878,2026-06-06 21:42:00,Web,Exitoso
1143,U0324,2026-06-06 23:31:00,iOS,Error
3237,,2026-06-19 11:42:00,Web,Error
16083,,2026-06-26 10:24:23,Web,Error
16341,U0652,2026-06-26 10:10:12,Web,Error
508,,2026-06-19 22:32:00,iOS,Error
15439,,2026-06-26 10:12:17,Web,Error
11751,U0604,2026-06-21 02:50:00,iOS,Exitoso
6247,U0632,2026-06-19 09:47:00,Android,Exitoso
13963,U0496,2026-06-03 00:43:00,Web,Exitoso
5339,U0851,2026-06-25 11:17:00,iOS,Exitoso
3296,U0064,2026-06-02 07:45:00,iOS,Error
11252,U0752,2026-06-28 03:05:00,iOS,Exitoso
9886,U0822,2026-06-25 04:45:00,Android,Exitoso
12390,U0650,2026-06-08 05:55:00,iOS,Exitoso
14360,U0871,2026-06-16 18:31:00,Web,Exitoso
6185,U0594,2026-06-11 02:23:00,Web,Exitoso
294,,2026-06-12 00:14:00,iOS,Error
6867,U0911,2026-06-15 18:00:00,Android,Exitoso
8698,U0798,2026-06-17 14:36:00,Android,Exitoso
9184,U0621,2026-06-24 06:51:00,iOS,Exitoso
13338,U0485,2026-06-20 11:12:00,Android,Exitoso
9577,U0725,2026-06-24 21:13:00,iOS,Exitoso
12455,U0746,2026-06-10 16:03:00,iOS,Exitoso
1751,U0687,2026-06-20 10:32:00,Web,Error
10039,U0558,2026-06-09 01:50:00,Web,Exitoso
14200,U0999,2026-06-25 12:29:00,Android,Exitoso
4553,U0410,2026-06-19 20:14:00,iOS,Error
10410,U0805,2026-06-27 03:36:00,iOS,Exitoso
9457,U0544,2026-06-08 14:17:00,iOS,Exitoso
1261,U0912,2026-06-11 16:42:00,Web,Error
7834,U0767,2026-06-09 17:44:00,Android,Exitoso
16230,U0688,2026-06-26 10:25:26,Web,Error
1636,U0315,2026-06-18 10:08:00,Web,Error
10419,U0916,2026-06-16 03:42:00,Android,Exitoso
7262,U0498,2026-06-20 06:12:00,Android,Exitoso
14496,U0463,2026-06-07 11:37:00,Web,Exitoso
2648,U0971,2026-06-24 17:57:00,Web,Error
5018,U0636,2026-06-19 16:16:00,Android,Exitoso
14052,U0903,2026-06-02 22:15:00,Android,Exitoso
8924,U0964,2026-06-07 07:10:00,Android,Exitoso
15348,,2026-06-26 10:13:29,Web,Error
3243,,2026-06-21 06:20:00,iOS,Error
2717,U0912,2026-06-26 00:33:00,Android,Error
9459,U0493,2026-06-27 23:36:00,Android,Exitoso
3154,,2026-06-27 17:50:00,Web,Error
15382,,2026-06-26 10:05:03,Web,Error
1131,U0027,2026-06-04 07:48:00,iOS,Error
10359,U0774,2026-06-19 17:28:00,Android,Exitoso
5629,U0631,2026-06-15 02:03:00,Web,Exitoso
4275,,2026-06-08 19:28:00,Web,Error
14755,U0703,2026-06-25 08:28:00,iOS,Exitoso
9470,U0858,2026-06-26 02:28:00,Web,Exitoso
3134,U0786,2026-06-01 07:32:00,Web,Error
6377,U0953,2026-06-05 09:42:00,Android,Exitoso
7040,U0818,2026-06-24 16:31:00,Web,Exitoso
14778,U0948,2026-06-06 05:45:00,Android,Exitoso
7699,U0866,2026-06-08 02:32:00,iOS,Exitoso
9498,U0566,2026-06-20 00:40:00,Web,Exitoso
7164,U0930,2026-06-05 21:29:00,iOS,Exitoso
7123,U0475,2026-06-08 20:18:00,Android,Exitoso
2073,,2026-06-05 09:51:00,Web,Error
8656,U0932,2026-06-10 07:57:00,Web,Exitoso
14245,U0910,2026-06-15 05:16:00,Web,Exitoso
6355,U0953,2026-06-11 05:56:00,Web,Exitoso
14260,U0496,2026-06-02 10:04:00,Android,Exitoso
1169,U0012,2026-06-14 04:05:00,iOS,Error
9853,U0458,2026-06-16 12:51:00,Android,Exitoso
10146,U0578,2026-06-23 15:24:00,Web,Exitoso
8323,U0599,2026-06-10 20:14:00,Web,Exitoso
9354,U0484,2026-06-20 19:44:00,Android,Exitoso
12762,U0856,2026-06-13 06:47:00,Web,Exitoso
705,U0231,2026-06-02 23:50:00,Web,Error
8660,U0663,2026-06-26 00:58:00,Web,Exitoso
10339,U0505,2026-06-13 01:04:00,Android,Exitoso
12188,U0482,2026-06-17 05:20:00,iOS,Exitoso
13233,U0768,2026-06-18 07:47:00,Web,Exitoso
15352,,2026-06-26 10:13:35,Web,Error
10142,U0624,2026-06-08 15:05:00,Android,Exitoso
6208,U0961,2026-06-20 05:29:00,iOS,Exitoso
8982,U0629,2026-06-02 20:01:00,Android,Exitoso
2561,U0359,2026-06-06 04:47:00,Web,Error
4556,U0084,2026-06-05 00:33:00,Android,Error
14150,U0973,2026-06-25 20:00:00,iOS,Exitoso
14806,U0832,2026-06-18 13:20:00,Android,Exitoso
1770,U0386,2026-06-24 06:06:00,iOS,Error
11288,U0657,2026-06-18 08:07:00,Web,Exitoso
3799,,2026-06-11 16:47:00,Web,Error
12459,U0970,2026-06-22 13:28:00,iOS,Exitoso
12355,U0610,2026-06-22 14:48:00,Android,Exitoso
254,U0686,2026-06-16 06:12:00,iOS,Error
383,U0974,2026-06-22 14:44:00,Web,Error
9539,U0888,2026-06-07 06:20:00,Android,Exitoso
2361,,2026-06-15 17:59:00,iOS,Error
4949,U0469,2026-06-27 03:24:00,Web,Error
12060,U0565,2026-06-18 21:54:00,iOS,Exitoso
12335,U0803,2026-06-07 20:22:00,Web,Exitoso
8276,U0599,2026-06-08 15:20:00,Android,Exitoso
5266,U0506,2026-06-10 07:49:00,Web,Exitoso
15659,,2026-06-26 10:18:02,Web,Error
10880,U0585,2026-06-25 19:04:00,iOS,Exitoso
9038,U0742,2026-06-09 17:39:00,Android,Exitoso
12594,U0540,2026-06-09 18:49:00,iOS,Exitoso
9180,U0779,2026-06-02 20:49:00,Web,Exitoso
13406,U0572,2026-06-15 02:37:00,iOS,Exitoso
1777,U0918,2026-06-12 23:57:00,iOS,Error
1618,U0581,2026-06-06 01:00:00,Android,Error
14415,U0655,2026-06-02 11:27:00,Android,Exitoso
7524,U0514,2026-06-01 11:37:00,iOS,Exitoso
14875,U0592,2026-06-23 18:37:00,Web,Exitoso
1880,,2026-06-01 11:32:00,Android,Error
4146,U0134,2026-06-03 02:59:00,iOS,Error
3341,U0231,2026-06-20 09:48:00,Android,Error
11608,U0744,2026-06-09 10:32:00,iOS,Exitoso
7399,U0804,2026-06-06 07:45:00,iOS,Exitoso
9035,U0786,2026-06-24 23:54:00,iOS,Exitoso
12118,U0859,2026-06-26 08:18:00,Android,Exitoso
14090,U0669,2026-06-03 15:08:00,Web,Exitoso
3901,U0344,2026-06-22 02:29:00,Web,Error
602,U0397,2026-06-12 11:54:00,Android,Error
6605,U0570,2026-06-24 02:53:00,Web,Exitoso
11364,U0927,2026-06-24 17:13:00,iOS,Exitoso
8102,U0492,2026-06-16 13:07:00,Android,Exitoso
8387,U0997,2026-06-15 22:11:00,Web,Exitoso
1512,U0297,2026-06-03 19:40:00,Android,Error
13275,U0954,2026-06-04 23:35:00,Android,Exitoso
15037,,2026-06-26 10:13:48,Web,Error
9887,U0493,2026-06-24 16:00:00,Web,Exitoso
10647,U0468,2026-06-06 08:48:00,Web,Exitoso
2883,U0036,2026-06-18 10:56:00,iOS,Error
6955,U0717,2026-06-16 09:11:00,Web,Exitoso
10263,U0551,2026-06-19 03:09:00,iOS,Exitoso
5542,U0941,2026-06-20 15:21:00,iOS,Exitoso
8027,U0921,2026-06-24 19:37:00,Web,Exitoso
10687,U0554,2026-06-13 02:58:00,Web,Exitoso
10769,U0614,2026-06-06 22:57:00,Android,Exitoso
3733,,2026-06-12 07:40:00,Web,Error
1122,,2026-06-16 04:38:00,Web,Error
7395,U0524,2026-06-24 07:58:00,iOS,Exitoso
6549,U0509,2026-06-18 00:08:00,Web,Exitoso
11885,U0917,2026-06-16 23:18:00,iOS,Exitoso
12399,U0777,2026-06-27 01:36:00,Web,Exitoso
15015,,2026-06-26 10:25:11,Web,Error
10367,U0973,2026-06-28 00:09:00,Web,Exitoso
3137,,2026-06-02 09:19:00,iOS,Error
13034,U0824,2026-06-15 04:37:00,Android,Exitoso
13701,U0710,2026-06-27 09:34:00,Web,Exitoso
195,U0389,2026-06-14 01:14:00,Web,Error
2291,U0758,2026-06-08 18:15:00,Web,Error
5171,U0978,2026-06-16 19:22:00,iOS,Exitoso
14074,U0789,2026-06-28 08:15:00,iOS,Exitoso
476,,2026-06-05 16:49:00,Web,Error
5294,U0782,2026-06-12 02:42:00,Android,Exitoso
11838,U0790,2026-06-18 08:18:00,Web,Exitoso
13491,U0844,2026-06-15 18:56:00,Android,Exitoso
6482,U0629,2026-06-04 15:49:00,Web,Exitoso
5604,U0996,2026-06-14 22:51:00,Web,Exitoso
1231,U0314,2026-06-20 00:54:00,iOS,Error
3474,U0026,2026-06-23 03:57:00,iOS,Error
5307,U0752,2026-06-25 23:59:00,Web,Exitoso
1567,,2026-06-24 18:38:00,Web,Error
10572,U0552,2026-06-18 01:09:00,Web,Exitoso
10080,U0900,2026-06-15 02:08:00,Android,Exitoso
13524,U0586,2026-06-20 10:08:00,Android,Exitoso
14878,U0858,2026-06-13 13:44:00,iOS,Exitoso
15625,,2026-06-26 10:05:50,Web,Error
1204,U0193,2026-06-07 13:05:00,iOS,Error
12132,U0796,2026-06-15 13:11:00,Android,Exitoso
6096,U0455,2026-06-06 03:12:00,iOS,Exitoso
16285,U0544,2026-06-26 10:19:56,Web,Error
5690,U0632,2026-06-10 07:25:00,iOS,Exitoso
9258,U0873,2026-06-13 18:15:00,Web,Exitoso
9809,U0659,2026-06-17 01:47:00,Android,Exitoso
11829,U0489,2026-06-16 00:39:00,iOS,Exitoso
4356,,2026-06-17 13:04:00,Web,Error
15531,,2026-06-26 10:09:20,Web,Error
12017,U0957,2026-06-26 15:38:00,Web,Exitoso
9518,U0517,2026-06-18 18:40:00,iOS,Exitoso
6776,U0823,2026-06-25 11:09:00,Web,Exitoso
11089,U0545,2026-06-14 16:35:00,Android,Exitoso
2731,U0093,2026-06-26 03:54:00,Web,Error
10639,U0504,2026-06-23 14:44:00,Android,Exitoso
420,U0350,2026-06-13 07:11:00,Web,Error
8758,U0782,2026-06-01 21:08:00,iOS,Exitoso
10702,U0993,2026-06-19 12:48:00,Web,Exitoso
16209,,2026-06-26 10:21:35,Web,Error
12893,U0680,2026-06-23 18:53:00,iOS,Exitoso
6545,U0865,2026-06-20 18:11:00,iOS,Exitoso
7402,U0657,2026-06-17 09:05:00,Android,Exitoso
5823,U0563,2026-06-12 19:04:00,Android,Exitoso
2739,,2026-06-28 13:17:00,Android,Error
14312,U0783,2026-06-24 07:31:00,iOS,Exitoso
1079,U0077,2026-06-15 23:24:00,Web,Error
317,,2026-06-25 14:43:00,Web,Error
9828,U0451,2026-06-14 22:22:00,iOS,Exitoso
15820,,2026-06-26 10:16:13,Web,Error
1045,U0243,2026-06-19 06:59:00,Web,Error
11934,U0983,2026-06-13 05:51:00,Android,Exitoso
14326,U0957,2026-06-10 11:04:00,iOS,Exitoso
15883,,2026-06-26 10:09:43,Web,Error
8056,U0687,2026-06-27 17:34:00,Web,Exitoso
3014,,2026-06-25 10:34:00,Web,Error
2811,U0570,2026-06-09 12:21:00,Web,Error
4630,U0415,2026-06-01 12:10:00,Android,Error
7464,U0798,2026-06-19 21:34:00,iOS,Exitoso
1315,U0095,2026-06-12 08:33:00,Web,Error
9263,U0675,2026-06-13 20:47:00,iOS,Exitoso
3534,,2026-06-13 03:55:00,Web,Error
12338,U0576,2026-06-23 11:18:00,iOS,Exitoso
1509,,2026-06-28 02:30:00,iOS,Error
8454,U0745,2026-06-16 22:12:00,Android,Exitoso
11097,U0559,2026-06-26 23:08:00,Android,Exitoso
6938,U0779,2026-06-18 13:26:00,Web,Exitoso
4423,U0241,2026-06-07 00:36:00,Android,Error
10792,U0484,2026-06-19 09:56:00,iOS,Exitoso
9143,U0725,2026-06-28 06:37:00,iOS,Exitoso
6673,U0748,2026-06-15 04:07:00,Web,Exitoso
7726,U0548,2026-06-28 09:07:00,iOS,Exitoso
16360,U0902,2026-06-26 10:25:31,Web,Error
13561,U0506,2026-06-27 13:07:00,Android,Exitoso
4082,U0392,2026-06-22 05:38:00,Web,Error
14259,U0892,2026-06-07 12:07:00,Android,Exitoso
7211,U0637,2026-06-20 12:55:00,Web,Exitoso
5812,U0905,2026-06-09 18:09:00,Web,Exitoso
10752,U0803,2026-06-22 11:16:00,iOS,Exitoso
12197,U0649,2026-06-08 06:45:00,Android,Exitoso
10573,U0887,2026-06-24 07:37:00,Android,Exitoso
4943,U0420,2026-06-04 09:44:00,Android,Error
64,,2026-06-11 19:03:00,Web,Error
10694,U0752,2026-06-23 06:00:00,Web,Exitoso
8794,U0552,2026-06-25 18:20:00,Web,Exitoso
15375,,2026-06-26 10:17:31,Web,Error
13995,U0686,2026-06-27 05:21:00,Android,Exitoso
12972,U0833,2026-06-26 02:14:00,Android,Exitoso
4295,,2026-06-08 05:52:00,Web,Error
4015,U0033,2026-06-17 21:16:00,Android,Error
11938,U0643,2026-06-19 01:40:00,iOS,Exitoso
3694,U0338,2026-06-26 14:11:00,iOS,Error
2149,U0665,2026-06-24 02:28:00,Web,Error
13987,U0472,2026-06-22 10:52:00,iOS,Exitoso
10096,U0587,2026-06-23 23:56:00,Android,Exitoso
13887,U0840,2026-06-26 23:50:00,Web,Exitoso
16068,,2026-06-26 10:05:53,Web,Error
639,,2026-06-01 14:35:00,Android,Error
3434,U0256,2026-06-14 13:09:00,Web,Error
1953,U0088,2026-06-22 10:51:00,Android,Error
12929,U0518,2026-06-08 18:33:00,Web,Exitoso
7999,U0539,2026-06-27 13:34:00,Web,Exitoso
533,U0997,2026-06-08 09:22:00,Web,Error
5774,U0672,2026-06-03 10:59:00,iOS,Exitoso
310,U0154,2026-06-27 06:24:00,Web,Error
2379,,2026-06-19 08:18:00,iOS,Error
894,U0309,2026-06-19 22:29:00,Android,Error
12229,U0504,2026-06-20 12:39:00,Android,Exitoso
10454,U0483,2026-06-20 14:10:00,Android,Exitoso
15834,,2026-06-26 10:24:44,Web,Error
11899,U0790,2026-06-08 22:10:00,Web,Exitoso
2977,U0634,2026-06-23 16:29:00,Web,Error
4991,U0350,2026-06-16 00:34:00,Web,Error
2953,U0259,2026-06-18 10:58:00,Web,Error
7361,U0963,2026-06-22 16:03:00,Android,Exitoso
11800,U0533,2026-06-03 10:05:00,iOS,Exitoso
12457,U0754,2026-06-26 19:53:00,iOS,Exitoso
15794,,2026-06-26 10:05:16,Web,Error
13694,U0842,2026-06-26 21:56:00,Web,Exitoso
11556,U0996,2026-06-04 18:17:00,Android,Exitoso
913,U0324,2026-06-25 01:15:00,Web,Error
2247,U0448,2026-06-07 02:11:00,Web,Error
9339,U0507,2026-06-05 21:18:00,iOS,Exitoso
8284,U0980,2026-06-07 01:32:00,iOS,Exitoso
10723,U0956,2026-06-15 07:20:00,Android,Exitoso
4832,U0348,2026-06-05 14:29:00,Web,Error
3105,U0188,2026-06-03 05:16:00,Web,Error
15824,,2026-06-26 10:26:15,Web,Error
8479,U0578,2026-06-11 15:08:00,Android,Exitoso
11837,U0460,2026-06-02 06:50:00,Android,Exitoso
5431,U0893,2026-06-13 20:56:00,Web,Exitoso
5787,U0551,2026-06-23 17:25:00,Android,Exitoso
1046,U0193,2026-06-28 14:43:00,Web,Error
2372,U0011,2026-06-13 12:57:00,Android,Error
16387,U0644,2026-06-26 10:20:08,Web,Error
9872,U0851,2026-06-19 12:23:00,Web,Exitoso
6689,U0610,2026-06-18 13:34:00,iOS,Exitoso
4478,U0440,2026-06-07 20:41:00,Android,Error
11810,U0680,2026-06-23 10:19:00,Web,Exitoso
2412,U0392,2026-06-27 05:42:00,Web,Error
2096,U0261,2026-06-05 01:22:00,iOS,Error
5663,U0846,2026-06-07 06:28:00,Android,Exitoso
15053,,2026-06-26 10:26:23,Web,Error
7118,U0855,2026-06-22 17:10:00,iOS,Exitoso
8520,U0587,2026-06-13 14:49:00,Web,Exitoso
8575,U0885,2026-06-27 15:09:00,iOS,Exitoso
7598,U0817,2026-06-04 18:38:00,Android,Exitoso
8587,U0924,2026-06-05 17:36:00,Android,Exitoso
4925,U0314,2026-06-01 00:23:00,iOS,Error
1562,U0116,2026-06-27 10:06:00,Android,Error
3513,U0374,2026-06-17 08:52:00,iOS,Error
10790,U0903,2026-06-26 12:57:00,Web,Exitoso
7600,U0636,2026-06-26 02:05:00,Web,Exitoso
11474,U0500,2026-06-23 18:42:00,Android,Exitoso
11917,U0743,2026-06-22 06:23:00,Android,Exitoso
15139,,2026-06-26 10:11:44,Web,Error
9708,U0535,2026-06-25 03:46:00,Web,Exitoso
2102,,2026-06-04 18:10:00,Web,Error
7687,U0530,2026-06-14 21:52:00,Web,Exitoso
16280,U0812,2026-06-26 10:08:34,Web,Error
13449,U0540,2026-06-24 13:20:00,Android,Exitoso
5646,U0933,2026-06-07 16:20:00,Android,Exitoso
9995,U0842,2026-06-12 01:56:00,iOS,Exitoso
8025,U0729,2026-06-24 23:11:00,Web,Exitoso
3307,U0449,2026-06-21 21:39:00,Web,Error
10812,U0727,2026-06-28 15:39:00,Web,Exitoso
5511,U0485,2026-06-14 22:02:00,iOS,Exitoso
222,,2026-06-19 19:50:00,Web,Error
7810,U0495,2026-06-01 02:44:00,iOS,Exitoso
15821,,2026-06-26 10:01:42,Web,Error
14660,U0926,2026-06-20 18:57:00,Web,Exitoso
3780,,2026-06-07 20:50:00,Web,Error
5490,U0776,2026-06-15 10:34:00,Web,Exitoso
12040,U0867,2026-06-28 10:59:00,Android,Exitoso
11807,U0949,2026-06-09 02:58:00,Web,Exitoso
5060,U0628,2026-06-09 03:09:00,iOS,Exitoso
15016,,2026-06-26 10:13:25,Web,Error
3371,,2026-06-17 07:00:00,Web,Error
11690,U0467,2026-06-08 11:46:00,Web,Exitoso
9799,U0934,2026-06-21 23:55:00,Web,Exitoso
4212,,2026-06-01 20:09:00,Web,Error
8168,U0779,2026-06-09 11:06:00,Web,Exitoso
1536,,2026-06-12 17:39:00,Web,Error
3492,U0415,2026-06-01 17:41:00,iOS,Error
10,U0371,2026-06-23 22:24:00,iOS,Error
10786,U0591,2026-06-04 21:27:00,Android,Exitoso
2158,,2026-06-23 09:49:00,iOS,Error
15356,,2026-06-26 10:00:21,Web,Error
14902,U0827,2026-06-26 06:46:00,Web,Exitoso
5925,U0714,2026-06-03 06:20:00,iOS,Exitoso
12077,U0925,2026-06-27 09:34:00,iOS,Exitoso
10521,U0617,2026-06-19 01:29:00,Web,Exitoso
7173,U0740,2026-06-09 11:56:00,Android,Exitoso
6964,U0851,2026-06-23 00:36:00,Android,Exitoso
15433,,2026-06-26 10:03:14,Web,Error
7850,U0808,2026-06-25 18:06:00,Android,Exitoso
11214,U0628,2026-06-06 14:09:00,iOS,Exitoso
11895,U0855,2026-06-20 20:50:00,Web,Exitoso
497,,2026-06-26 08:18:00,Web,Error
3541,,2026-06-17 11:02:00,Web,Error
15646,,2026-06-26 10:13:29,Web,Error
7940,U0496,2026-06-27 13:34:00,Web,Exitoso
14585,U0731,2026-06-14 16:58:00,Android,Exitoso
3626,U0160,2026-06-26 07:51:00,iOS,Error
12669,U0841,2026-06-14 01:36:00,Android,Exitoso
5321,U0821,2026-06-28 09:11:00,iOS,Exitoso
14780,U0783,2026-06-15 16:03:00,iOS,Exitoso
2062,U0363,2026-06-09 00:29:00,Web,Error
5530,U0921,2026-06-24 23:22:00,iOS,Exitoso
3208,U0880,2026-06-02 07:29:00,Web,Error
5821,U0724,2026-06-13 21:02:00,Web,Exitoso
1769,U0142,2026-06-16 19:30:00,iOS,Error
14034,U0572,2026-06-07 15:29:00,Web,Exitoso
5315,U0788,2026-06-04 03:54:00,iOS,Exitoso
6074,U0771,2026-06-28 04:44:00,Web,Exitoso
14851,U0626,2026-06-06 20:17:00,iOS,Exitoso
10933,U0809,2026-06-04 07:13:00,iOS,Exitoso
15708,,2026-06-26 10:27:49,Web,Error
3662,,2026-06-14 14:18:00,Web,Error
13144,U0760,2026-06-16 23:36:00,iOS,Exitoso
15888,,2026-06-26 10:10:53,Web,Error
15296,,2026-06-26 10:15:35,Web,Error
11176,U0833,2026-06-16 08:52:00,Android,Exitoso
9675,U0998,2026-06-14 14:05:00,Android,Exitoso
15992,,2026-06-26 10:11:01,Web,Error
8282,U0969,2026-06-11 10:31:00,Android,Exitoso
372,,2026-06-12 06:55:00,Web,Error
3487,U0883,2026-06-02 12:05:00,iOS,Error
13688,U0962,2026-06-05 22:42:00,Android,Exitoso
5296,U0794,2026-06-17 16:54:00,Web,Exitoso
4361,U0195,2026-06-01 23:25:00,Android,Error
2146,U0677,2026-06-15 17:56:00,Android,Error
14697,U0601,2026-06-24 21:38:00,Android,Exitoso
12784,U0453,2026-06-02 17:01:00,iOS,Exitoso
2605,,2026-06-16 13:49:00,Web,Error
15293,,2026-06-26 10:27:36,Web,Error
8684,U0827,2026-06-26 16:41:00,Android,Exitoso
8896,U0730,2026-06-26 17:31:00,Android,Exitoso
12549,U0642,2026-06-05 15:19:00,Android,Exitoso
3950,U0443,2026-06-09 11:28:00,Android,Error
5662,U0736,2026-06-07 03:29:00,Android,Exitoso
10678,U0859,2026-06-28 12:18:00,Android,Exitoso
1654,U0959,2026-06-01 13:24:00,Web,Error
12295,U0719,2026-06-24 04:21:00,Android,Exitoso
15843,,2026-06-26 10:13:01,Web,Error
1048,U0279,2026-06-10 06:58:00,iOS,Error
7835,U0636,2026-06-20 09:09:00,Web,Exitoso
6986,U0590,2026-06-06 04:36:00,Web,Exitoso
10782,U0635,2026-06-03 11:21:00,Web,Exitoso
7355,U0805,2026-06-12 09:11:00,Web,Exitoso
5583,U0646,2026-06-02 17:20:00,iOS,Exitoso
14649,U0460,2026-06-18 01:07:00,iOS,Exitoso
12858,U0461,2026-06-10 16:38:00,Android,Exitoso
2326,U0173,2026-06-08 20:36:00,iOS,Error
3523,U0232,2026-06-26 12:16:00,Web,Error
14751,U0650,2026-06-12 15:17:00,Android,Exitoso
13488,U0608,2026-06-02 13:43:00,iOS,Exitoso
4771,U0045,2026-06-16 13:49:00,Web,Error
4874,,2026-06-16 04:31:00,Web,Error
14624,U0743,2026-06-05 20:28:00,Android,Exitoso
9322,U0861,2026-06-04 13:49:00,Web,Exitoso
8191,U0657,2026-06-09 21:37:00,Web,Exitoso
7190,U0606,2026-06-19 10:36:00,iOS,Exitoso
7149,U0806,2026-06-14 20:15:00,Web,Exitoso
7312,U0920,2026-06-25 04:41:00,Android,Exitoso
1760,U0146,2026-06-26 11:37:00,Web,Error
7127,U0715,2026-06-13 03:21:00,Android,Exitoso
2904,U0075,2026-06-13 08:21:00,iOS,Error
8718,U0558,2026-06-01 21:05:00,Android,Exitoso
3510,,2026-06-22 07:31:00,Web,Error
10372,U0733,2026-06-24 23:04:00,Android,Exitoso
6228,U0508,2026-06-21 13:57:00,Android,Exitoso
13118,U0937,2026-06-01 16:38:00,iOS,Exitoso
11005,U0731,2026-06-06 17:13:00,iOS,Exitoso
12066,U0764,2026-06-23 17:39:00,iOS,Exitoso
2272,,2026-06-02 06:24:00,Web,Error
14257,U0878,2026-06-02 20:01:00,iOS,Exitoso
13976,U0841,2026-06-24 23:56:00,Web,Exitoso
5636,U0479,2026-06-26 03:21:00,Android,Exitoso
6558,U0686,2026-06-17 20:47:00,Android,Exitoso
14102,U0757,2026-06-25 07:57:00,Android,Exitoso
13520,U0745,2026-06-16 07:45:00,iOS,Exitoso
7620,U0846,2026-06-07 15:06:00,Android,Exitoso
12504,U0832,2026-06-25 16:45:00,iOS,Exitoso
13117,U0531,2026-06-20 17:51:00,Web,Exitoso
15705,,2026-06-26 10:12:36,Web,Error
15244,,2026-06-26 10:09:52,Web,Error
11345,U0585,2026-06-19 10:40:00,iOS,Exitoso
2476,,2026-06-10 00:09:00,Web,Error
10741,U0621,2026-06-01 01:32:00,iOS,Exitoso
15006,,2026-06-26 10:28:22,Web,Error
2624,U0564,2026-06-03 00:13:00,Android,Error
2108,,2026-06-04 16:24:00,iOS,Error
14463,U0954,2026-06-19 00:41:00,Web,Exitoso
6934,U0878,2026-06-14 07:54:00,iOS,Exitoso
5814,U0870,2026-06-13 22:34:00,Android,Exitoso
5753,U0713,2026-06-12 06:47:00,Web,Exitoso
3015,U0205,2026-06-16 08:38:00,Android,Error
2627,,2026-06-01 01:49:00,Web,Error
9944,U0742,2026-06-04 00:53:00,iOS,Exitoso
12900,U0876,2026-06-28 15:08:00,Web,Exitoso
11433,U0671,2026-06-12 09:00:00,iOS,Exitoso
10382,U0989,2026-06-16 08:07:00,iOS,Exitoso
6432,U0578,2026-06-22 09:54:00,iOS,Exitoso
13630,U0948,2026-06-27 19:01:00,Android,Exitoso
4043,,2026-06-12 06:43:00,Web,Error
14061,U0957,2026-06-10 09:25:00,iOS,Exitoso
9375,U0508,2026-06-26 15:18:00,Web,Exitoso
6229,U0828,2026-06-27 06:08:00,iOS,Exitoso
14654,U0896,2026-06-22 14:25:00,Android,Exitoso
460,U0249,2026-06-08 19:25:00,Android,Error
9956,U0498,2026-06-16 10:22:00,iOS,Exitoso
853,U0335,2026-06-15 16:26:00,Android,Error
249,U0212,2026-06-02 23:34:00,iOS,Error
671,U0676,2026-06-27 04:57:00,Android,Error
1978,U0149,2026-06-03 03:42:00,Web,Error
4793,U0905,2026-06-03 06:07:00,Web,Error
9586,U0939,2026-06-28 00:17:00,Android,Exitoso
9416,U0634,2026-06-16 15:33:00,iOS,Exitoso
14502,U0743,2026-06-25 00:42:00,iOS,Exitoso
1941,U0377,2026-06-22 07:25:00,Android,Error
12294,U0707,2026-06-07 13:33:00,Web,Exitoso
4487,U0458,2026-06-01 14:29:00,Web,Error
9651,U0685,2026-06-08 17:40:00,Web,Exitoso
8829,U0679,2026-06-03 01:09:00,Web,Exitoso
11973,U0518,2026-06-26 19:43:00,Android,Exitoso
15319,,2026-06-26 10:05:13,Web,Error
15518,,2026-06-26 10:29:20,Web,Error
1504,U0746,2026-06-05 18:50:00,iOS,Error
11148,U0881,2026-06-14 08:54:00,iOS,Exitoso
9957,U0569,2026-06-25 09:00:00,Web,Exitoso
11220,U0913,2026-06-09 13:58:00,Web,Exitoso
8897,U0701,2026-06-20 20:14:00,Web,Exitoso
58,U0046,2026-06-19 00:25:00,Web,Error
7337,U0848,2026-06-05 04:46:00,Web,Exitoso
15557,,2026-06-26 10:14:34,Web,Error
11730,U0687,2026-06-13 05:09:00,iOS,Exitoso
159,U0471,2026-06-17 05:20:00,Web,Error
4142,U0207,2026-06-27 10:25:00,iOS,Error
8224,U0471,2026-06-28 11:11:00,Android,Exitoso
8307,U0891,2026-06-05 22:07:00,iOS,Exitoso
3251,,2026-06-28 05:30:00,Web,Error
12946,U0942,2026-06-02 15:45:00,Android,Exitoso
2180,U0953,2026-06-13 05:14:00,Web,Error
14711,U0684,2026-06-24 09:59:00,Android,Exitoso
339,U0821,2026-06-08 22:38:00,Web,Error
14368,U0652,2026-06-18 12:30:00,Android,Exitoso
12127,U0726,2026-06-27 13:51:00,Web,Exitoso
11699,U0757,2026-06-04 15:23:00,iOS,Exitoso
318,U0371,2026-06-05 06:04:00,Android,Error
15453,,2026-06-26 10:14:09,Web,Error
9949,U0648,2026-06-11 07:39:00,Android,Exitoso
721,,2026-06-25 21:57:00,Android,Error
2679,U0399,2026-06-22 09:49:00,Web,Error
2719,U0243,2026-06-12 16:25:00,Android,Error
16349,U0948,2026-06-26 10:01:11,Web,Error
4309,,2026-06-11 04:59:00,Web,Error
3715,U0353,2026-06-12 16:00:00,Web,Error
11520,U0462,2026-06-25 12:46:00,iOS,Exitoso
15753,,2026-06-26 10:24:22,Web,Error
2441,U0778,2026-06-17 03:02:00,Web,Error
16473,U0623,2026-06-26 10:24:30,Web,Error
4486,,2026-06-15 12:42:00,Web,Error
15792,,2026-06-26 10:09:11,Web,Error
2931,,2026-06-22 03:58:00,Web,Error
8355,U0736,2026-06-13 01:48:00,Web,Exitoso
2135,U0820,2026-06-23 12:35:00,Web,Error
461,U0380,2026-06-28 14:46:00,Web,Error
15908,,2026-06-26 10:27:33,Web,Error
9914,U0631,2026-06-20 16:11:00,iOS,Exitoso
9270,U0562,2026-06-05 17:32:00,Android,Exitoso
2642,,2026-06-24 09:01:00,Android,Error
12920,U0779,2026-06-27 12:09:00,iOS,Exitoso
4502,U0067,2026-06-25 18:09:00,Web,Error
3488,U0919,2026-06-01 02:33:00,Web,Error
10779,U0622,2026-06-14 07:10:00,iOS,Exitoso
9502,U0519,2026-06-20 09:29:00,Android,Exitoso
7986,U0996,2026-06-23 05:12:00,Android,Exitoso
630,U0650,2026-06-18 00:45:00,Web,Error
4034,,2026-06-10 12:15:00,Web,Error
15515,,2026-06-26 10:00:43,Web,Error
4890,U0105,2026-06-08 06:47:00,Android,Error
4305,U0351,2026-06-09 19:38:00,Web,Error
8799,U0580,2026-06-07 20:48:00,Web,Exitoso
80,U0480,2026-06-28 05:02:00,Web,Error
1430,U0548,2026-06-10 20:58:00,Web,Error
10885,U0616,2026-06-27 22:17:00,iOS,Exitoso
13808,U0586,2026-06-23 12:02:00,Android,Exitoso
10373,U0703,2026-06-07 22:04:00,iOS,Exitoso
14521,U0970,2026-06-19 19:50:00,iOS,Exitoso
6422,U0818,2026-06-19 09:52:00,Android,Exitoso
13171,U0475,2026-06-04 10:21:00,iOS,Exitoso
13429,U0709,2026-06-19 02:46:00,Web,Exitoso
14351,U0867,2026-06-18 04:20:00,iOS,Exitoso
13957,U0865,2026-06-21 05:37:00,iOS,Exitoso
13011,U0979,2026-06-12 09:46:00,Android,Exitoso
13737,U0505,2026-06-22 16:11:00,Web,Exitoso
11631,U0859,2026-06-23 05:20:00,Android,Exitoso
6920,U0802,2026-06-20 19:46:00,iOS,Exitoso
3825,U0268,2026-06-05 20:24:00,Web,Error
621,,2026-06-27 19:20:00,Web,Error
12160,U0527,2026-06-16 13:59:00,iOS,Exitoso
5931,U0558,2026-06-21 06:34:00,Web,Exitoso
812,U0919,2026-06-26 15:14:00,iOS,Error
5915,U0500,2026-06-19 23:55:00,Android,Exitoso
13364,U0771,2026-06-13 20:59:00,iOS,Exitoso
13954,U0874,2026-06-02 17:14:00,iOS,Exitoso
12589,U0900,2026-06-28 09:05:00,iOS,Exitoso
534,U0322,2026-06-17 01:32:00,Web,Error
13632,U0706,2026-06-17 04:07:00,iOS,Exitoso
1906,U0308,2026-06-10 21:36:00,Web,Error
2070,U0328,2026-06-18 09:38:00,Web,Error
5955,U0600,2026-06-27 18:48:00,Web,Exitoso
13407,U0480,2026-06-01 02:19:00,Web,Exitoso
8513,U0757,2026-06-10 06:34:00,iOS,Exitoso
4251,,2026-06-06 14:11:00,Web,Error
1639,,2026-06-21 02:58:00,Web,Error
16313,U0712,2026-06-26 10:22:23,Web,Error
1721,U0155,2026-06-01 22:33:00,Web,Error
1157,,2026-06-10 09:23:00,Web,Error
10706,U0739,2026-06-28 04:59:00,Web,Exitoso
12366,U0728,2026-06-03 08:31:00,Web,Exitoso
10233,U0703,2026-06-28 08:05:00,Android,Exitoso
2473,U0002,2026-06-16 22:25:00,Web,Error
11197,U0558,2026-06-18 10:47:00,iOS,Exitoso
15415,,2026-06-26 10:04:27,Web,Error
537,U0240,2026-06-13 21:15:00,Android,Error
14347,U0692,2026-06-23 18:08:00,Web,Exitoso
13036,U0912,2026-06-04 09:16:00,Android,Exitoso
11525,U0730,2026-06-20 04:27:00,iOS,Exitoso
11287,U0477,2026-06-25 16:50:00,Web,Exitoso
14642,U0579,2026-06-22 01:36:00,Android,Exitoso
10585,U0762,2026-06-07 20:26:00,iOS,Exitoso
14334,U0610,2026-06-18 22:04:00,Web,Exitoso
9707,U0853,2026-06-03 12:07:00,iOS,Exitoso
933,U0700,2026-06-06 11:52:00,Web,Error
16261,U0728,2026-06-26 10:06:46,Web,Error
7772,U0638,2026-06-06 03:08:00,Web,Exitoso
3445,,2026-06-14 15:00:00,Web,Error
7289,U0752,2026-06-06 07:11:00,Web,Exitoso
13834,U0800,2026-06-09 06:57:00,Android,Exitoso
12139,U0938,2026-06-11 00:12:00,Web,Exitoso
15617,,2026-06-26 10:24:43,Web,Error
4670,U0371,2026-06-20 06:46:00,iOS,Error
1977,U0077,2026-06-02 10:25:00,iOS,Error
8265,U0814,2026-06-07 14:20:00,Web,Exitoso
1776,U0255,2026-06-04 16:54:00,Android,Error
4029,U0701,2026-06-02 01:49:00,Web,Error
12278,U0748,2026-06-11 10:33:00,Android,Exitoso
9337,U0762,2026-06-15 08:08:00,Web,Exitoso
1909,U0928,2026-06-13 08:51:00,Web,Error
7459,U0608,2026-06-03 21:24:00,Android,Exitoso
167,U0430,2026-06-13 06:43:00,Web,Error
8570,U0937,2026-06-27 06:21:00,iOS,Exitoso
5028,U0923,2026-06-18 23:59:00,iOS,Exitoso
3177,,2026-06-06 23:18:00,Web,Error
11679,U0858,2026-06-27 21:55:00,Web,Exitoso
13869,U0868,2026-06-04 14:17:00,Web,Exitoso
11198,U0597,2026-06-13 04:26:00,Web,Exitoso
1515,,2026-06-17 16:18:00,Web,Error
13448,U0641,2026-06-28 15:54:00,iOS,Exitoso
6218,U0521,2026-06-15 03:34:00,Android,Exitoso
12559,U0621,2026-06-24 18:48:00,iOS,Exitoso
7899,U0539,2026-06-21 09:05:00,Web,Exitoso
11394,U0976,2026-06-16 15:50:00,Android,Exitoso
12030,U0750,2026-06-28 06:11:00,iOS,Exitoso
12508,U0586,2026-06-26 01:04:00,Web,Exitoso
8208,U0709,2026-06-13 21:55:00,iOS,Exitoso
14213,U0536,2026-06-28 08:04:00,Android,Exitoso
690,U0901,2026-06-08 20:15:00,Web,Error
4521,U0007,2026-06-22 09:59:00,Android,Error
8830,U0572,2026-06-15 00:47:00,iOS,Exitoso
10654,U0748,2026-06-10 23:26:00,iOS,Exitoso
13937,U0784,2026-06-10 18:50:00,Web,Exitoso
5537,U0817,2026-06-15 05:13:00,Android,Exitoso
12664,U0477,2026-06-17 03:53:00,Android,Exitoso
8317,U0597,2026-06-03 10:13:00,iOS,Exitoso
6396,U0670,2026-06-21 11:31:00,Web,Exitoso
16014,,2026-06-26 10:26:59,Web,Error
1426,U0159,2026-06-07 22:15:00,Web,Error
8981,U0927,2026-06-10 17:15:00,Android,Exitoso
12668,U0927,2026-06-26 06:27:00,iOS,Exitoso
6921,U0872,2026-06-15 13:46:00,Web,Exitoso
7422,U0539,2026-06-18 22:20:00,Web,Exitoso
8047,U0474,2026-06-21 22:51:00,iOS,Exitoso
9294,U0590,2026-06-23 06:20:00,iOS,Exitoso
5103,U0718,2026-06-18 13:39:00,Web,Exitoso
14253,U0540,2026-06-21 11:35:00,Android,Exitoso
12820,U0981,2026-06-18 20:50:00,Android,Exitoso
13906,U0934,2026-06-20 16:39:00,iOS,Exitoso
4353,U0344,2026-06-25 09:32:00,Android,Error
12192,U0667,2026-06-22 17:26:00,Android,Exitoso
14375,U0885,2026-06-13 15:51:00,Web,Exitoso
2047,U0363,2026-06-11 20:37:00,iOS,Error
3455,U0094,2026-06-12 21:13:00,Android,Error
567,U0177,2026-06-11 08:10:00,iOS,Error
8428,U0744,2026-06-27 11:58:00,Web,Exitoso
7879,U0781,2026-06-27 15:04:00,Android,Exitoso
1773,U0981,2026-06-07 13:55:00,iOS,Error
1043,,2026-06-12 09:18:00,Web,Error
13214,U0611,2026-06-12 11:22:00,Android,Exitoso
3149,U0107,2026-06-19 19:56:00,Android,Error
9107,U0758,2026-06-15 14:26:00,Android,Exitoso
16409,U0826,2026-06-26 10:15:41,Web,Error
7413,U0622,2026-06-12 18:11:00,Android,Exitoso
15431,,2026-06-26 10:25:29,Web,Error
2832,U0897,2026-06-20 08:32:00,Web,Error
10998,U0934,2026-06-22 14:49:00,Android,Exitoso
7785,U0553,2026-06-03 23:08:00,Web,Exitoso
13190,U0797,2026-06-13 12:41:00,Web,Exitoso
7718,U0901,2026-06-13 11:25:00,Android,Exitoso
8496,U0890,2026-06-15 07:44:00,Android,Exitoso
263,U0399,2026-06-09 09:07:00,Android,Error
8073,U0590,2026-06-23 13:07:00,iOS,Exitoso
15629,,2026-06-26 10:23:32,Web,Error
13566,U0703,2026-06-24 13:34:00,iOS,Exitoso
4088,,2026-06-17 14:58:00,Web,Error
14578,U0622,2026-06-16 14:17:00,Android,Exitoso
4016,U0385,2026-06-13 06:28:00,Android,Error
12556,U0454,2026-06-12 04:30:00,Web,Exitoso
6993,U0943,2026-06-05 11:12:00,Android,Exitoso
11435,U0775,2026-06-21 22:15:00,Android,Exitoso
10641,U0842,2026-06-24 08:10:00,iOS,Exitoso
13882,U0819,2026-06-02 20:19:00,iOS,Exitoso
9861,U0767,2026-06-17 09:03:00,iOS,Exitoso
1274,U0077,2026-06-24 22:47:00,Android,Error
2777,,2026-06-03 16:49:00,iOS,Error
4002,U0135,2026-06-06 06:43:00,Android,Error
4780,U0121,2026-06-18 21:21:00,iOS,Error
1944,,2026-06-19 22:23:00,Web,Error
10178,U0670,2026-06-19 14:52:00,iOS,Exitoso
10124,U0709,2026-06-18 08:53:00,Android,Exitoso
16,U0977,2026-06-26 05:46:00,Web,Error
10529,U0540,2026-06-21 19:56:00,Android,Exitoso
8472,U0655,2026-06-24 03:04:00,iOS,Exitoso
13090,U0707,2026-06-23 20:01:00,Android,Exitoso
9048,U0939,2026-06-15 04:33:00,Web,Exitoso
949,,2026-06-20 21:37:00,Web,Error
7093,U0894,2026-06-28 12:36:00,Android,Exitoso
12284,U0709,2026-06-18 01:53:00,Android,Exitoso
15437,,2026-06-26 10:15:58,Web,Error
9543,U0940,2026-06-02 21:00:00,iOS,Exitoso
1067,,2026-06-19 14:17:00,Web,Error
12552,U0833,2026-06-14 16:11:00,iOS,Exitoso
7147,U0507,2026-06-18 13:23:00,iOS,Exitoso
14918,U0963,2026-06-05 13:44:00,Android,Exitoso
1761,,2026-06-20 18:36:00,iOS,Error
8611,U0491,2026-06-21 21:23:00,iOS,Exitoso
10531,U0943,2026-06-15 21:00:00,Android,Exitoso
14739,U0880,2026-06-02 03:02:00,iOS,Exitoso
11673,U0862,2026-06-03 01:04:00,iOS,Exitoso
6513,U0893,2026-06-04 23:12:00,iOS,Exitoso
15124,,2026-06-26 10:28:48,Web,Error
5778,U0819,2026-06-26 12:33:00,iOS,Exitoso
3352,U0424,2026-06-20 23:04:00,iOS,Error
9428,U0556,2026-06-02 17:33:00,iOS,Exitoso
11450,U0637,2026-06-26 07:53:00,Android,Exitoso
5782,U0781,2026-06-11 13:49:00,Android,Exitoso
12477,U0809,2026-06-15 03:30:00,Android,Exitoso
3781,U0910,2026-06-18 15:29:00,Android,Error
10486,U0939,2026-06-07 22:41:00,Android,Exitoso
6630,U0512,2026-06-03 20:01:00,Web,Exitoso
11075,U0700,2026-06-10 01:31:00,iOS,Exitoso
9247,U0583,2026-06-12 07:58:00,Android,Exitoso
14891,U0686,2026-06-22 21:50:00,Web,Exitoso
14032,U0515,2026-06-14 07:38:00,Android,Exitoso
11564,U0802,2026-06-16 14:45:00,Android,Exitoso
5735,U0644,2026-06-18 02:32:00,iOS,Exitoso
9825,U0747,2026-06-18 12:33:00,iOS,Exitoso
14370,U0679,2026-06-04 06:37:00,Android,Exitoso
3231,U0270,2026-06-13 20:30:00,iOS,Error
9157,U0775,2026-06-15 00:56:00,iOS,Exitoso
3959,,2026-06-02 11:13:00,Web,Error
4265,U0013,2026-06-10 20:23:00,iOS,Error
12432,U0485,2026-06-20 23:19:00,iOS,Exitoso
3811,U0195,2026-06-16 07:47:00,iOS,Error
14088,U0713,2026-06-24 00:07:00,Web,Exitoso
8434,U0887,2026-06-14 15:33:00,Web,Exitoso
10265,U1000,2026-06-04 23:24:00,Web,Exitoso
12636,U0979,2026-06-08 20:30:00,Android,Exitoso
2992,U0429,2026-06-17 20:48:00,Android,Error
2389,U0023,2026-06-01 12:22:00,Web,Error
14771,U0948,2026-06-09 23:05:00,iOS,Exitoso
11692,U0606,2026-06-05 22:55:00,iOS,Exitoso
15987,,2026-06-26 10:15:16,Web,Error
4168,U0253,2026-06-08 14:47:00,Web,Error
10270,U0759,2026-06-20 08:57:00,Android,Exitoso
12236,U0612,2026-06-15 01:57:00,Web,Exitoso
13195,U0982,2026-06-09 07:31:00,Android,Exitoso
9747,U0795,2026-06-25 07:40:00,iOS,Exitoso
7095,U0928,2026-06-25 11:52:00,Android,Exitoso
6856,U0737,2026-06-11 18:47:00,Android,Exitoso
12375,U0678,2026-06-08 22:18:00,Web,Exitoso
646,U0075,2026-06-07 15:55:00,iOS,Error
15108,,2026-06-26 10:20:55,Web,Error
11269,U0578,2026-06-04 10:25:00,Android,Exitoso
12709,U0555,2026-06-06 22:51:00,Web,Exitoso
9345,U0745,2026-06-25 23:20:00,Android,Exitoso
11023,U1000,2026-06-20 16:57:00,Web,Exitoso
12230,U0813,2026-06-20 17:05:00,Web,Exitoso
4934,,2026-06-08 20:07:00,Web,Error
2863,,2026-06-20 17:17:00,Web,Error
9433,U0504,2026-06-20 04:03:00,iOS,Exitoso
9243,U0674,2026-06-15 18:41:00,Web,Exitoso
900,U0022,2026-06-25 20:22:00,iOS,Error
7421,U0507,2026-06-12 12:34:00,Web,Exitoso
3932,U0319,2026-06-25 04:08:00,Android,Error
11722,U0795,2026-06-20 06:37:00,iOS,Exitoso
10148,U0524,2026-06-20 01:19:00,iOS,Exitoso
972,,2026-06-04 19:59:00,Android,Error
10852,U0518,2026-06-04 20:11:00,Web,Exitoso
2458,U0359,2026-06-09 10:45:00,Web,Error
15325,,2026-06-26 10:27:31,Web,Error
3206,U0528,2026-06-12 11:04:00,Web,Error
13617,U0544,2026-06-23 02:37:00,Android,Exitoso
5953,U0474,2026-06-20 16:58:00,iOS,Exitoso
1272,U0239,2026-06-24 17:36:00,Android,Error
11737,U0547,2026-06-10 10:27:00,Android,Exitoso
16328,U0916,2026-06-26 10:04:58,Web,Error
16315,U0924,2026-06-26 10:13:25,Web,Error
6301,U0539,2026-06-23 05:29:00,iOS,Exitoso
6045,U0669,2026-06-20 04:08:00,iOS,Exitoso
3344,U0307,2026-06-07 17:27:00,Web,Error
8039,U0882,2026-06-28 06:56:00,Android,Exitoso
14289,U0893,2026-06-03 20:26:00,iOS,Exitoso
7440,U0615,2026-06-20 01:43:00,iOS,Exitoso
1343,U0925,2026-06-12 04:30:00,Web,Error
7963,U0777,2026-06-10 04:07:00,iOS,Exitoso
9784,U0534,2026-06-08 20:56:00,Android,Exitoso
10997,U0816,2026-06-15 19:41:00,iOS,Exitoso
4000,U0002,2026-06-07 03:49:00,iOS,Error
984,U0066,2026-06-07 19:24:00,iOS,Error
11453,U0945,2026-06-03 17:13:00,Web,Exitoso
11140,U0833,2026-06-05 08:23:00,Web,Exitoso
8595,U0690,2026-06-07 17:13:00,Web,Exitoso
3787,U0640,2026-06-08 20:45:00,Web,Error
7632,U0860,2026-06-25 02:13:00,Android,Exitoso
6279,U0704,2026-06-23 11:52:00,Web,Exitoso
14634,U0645,2026-06-07 05:35:00,Android,Exitoso
15445,,2026-06-26 10:01:12,Web,Error
1796,U0142,2026-06-06 10:18:00,Web,Error
9986,U0770,2026-06-21 10:21:00,Web,Exitoso
8564,U0641,2026-06-11 10:23:00,Android,Exitoso
9906,U0918,2026-06-13 23:11:00,Web,Exitoso
13804,U0796,2026-06-09 10:20:00,Android,Exitoso
6205,U0540,2026-06-20 11:01:00,Web,Exitoso
8541,U0461,2026-06-10 02:52:00,Android,Exitoso
8065,U0552,2026-06-19 10:18:00,Android,Exitoso
10242,U0620,2026-06-28 00:01:00,Web,Exitoso
4242,,2026-06-19 05:50:00,Web,Error
16096,,2026-06-26 10:18:34,Web,Error
14661,U0967,2026-06-02 14:21:00,iOS,Exitoso
13888,U0940,2026-06-24 00:50:00,Web,Exitoso
8057,U0884,2026-06-23 18:51:00,Web,Exitoso
1817,U0005,2026-06-07 22:02:00,Web,Error
11416,U0802,2026-06-15 21:58:00,Android,Exitoso
6582,U0474,2026-06-07 10:07:00,Android,Exitoso
12298,U0867,2026-06-03 22:49:00,Web,Exitoso
8585,U0718,2026-06-06 22:14:00,Android,Exitoso
8764,U0808,2026-06-12 16:19:00,Android,Exitoso
3091,U0173,2026-06-17 19:02:00,Web,Error
11155,U0823,2026-06-06 13:48:00,Web,Exitoso
10477,U0486,2026-06-07 15:41:00,Web,Exitoso
7488,U0755,2026-06-12 06:27:00,Android,Exitoso
1614,U0290,2026-06-22 04:55:00,Web,Error
1961,U0203,2026-06-28 07:06:00,iOS,Error
16236,U0823,2026-06-26 10:06:23,Web,Error
14936,U0799,2026-06-11 00:53:00,Android,Exitoso
5868,U0997,2026-06-16 18:04:00,Android,Exitoso
6636,U0548,2026-06-26 20:52:00,iOS,Exitoso
1252,U0436,2026-06-16 18:17:00,iOS,Error
16022,,2026-06-26 10:00:44,Web,Error
6711,U0558,2026-06-17 19:30:00,Android,Exitoso
2727,U0087,2026-06-20 09:42:00,iOS,Error
5317,U0807,2026-06-01 17:16:00,Android,Exitoso
3037,U0443,2026-06-22 05:53:00,Web,Error
3447,U0679,2026-06-08 06:32:00,Web,Error
4969,,2026-06-17 13:12:00,Web,Error
13863,U0789,2026-06-27 00:42:00,iOS,Exitoso
1867,U0724,2026-06-19 11:42:00,iOS,Error
14899,U0715,2026-06-25 03:40:00,iOS,Exitoso
10914,U0526,2026-06-04 00:49:00,Web,Exitoso
9856,U0840,2026-06-08 00:06:00,Web,Exitoso
13507,U0541,2026-06-17 08:19:00,Android,Exitoso
7117,U0954,2026-06-06 19:42:00,Android,Exitoso
6618,U0895,2026-06-03 00:25:00,Web,Exitoso
2223,U0264,2026-06-27 17:20:00,iOS,Error
2237,U0350,2026-06-17 13:17:00,Android,Error
1481,,2026-06-12 11:53:00,Android,Error
4322,U0308,2026-06-01 11:02:00,Web,Error
816,U0665,2026-06-26 17:29:00,Web,Error
507,U0552,2026-06-11 09:38:00,Web,Error
9348,U0998,2026-06-06 03:58:00,Android,Exitoso
6192,U0603,2026-06-05 09:40:00,iOS,Exitoso
7855,U0689,2026-06-08 11:17:00,iOS,Exitoso
3469,U0302,2026-06-16 11:10:00,iOS,Error
10043,U0461,2026-06-13 20:57:00,Web,Exitoso
3162,U0008,2026-06-22 18:17:00,Web,Error
12852,U0486,2026-06-06 02:22:00,Android,Exitoso
16100,,2026-06-26 10:21:47,Web,Error
9858,U0968,2026-06-17 08:36:00,Web,Exitoso
14985,U0891,2026-06-20 00:19:00,Web,Exitoso
14103,U0466,2026-06-17 08:49:00,iOS,Exitoso
1552,,2026-06-27 15:59:00,Android,Error
10014,U0790,2026-06-27 10:54:00,Android,Exitoso
16056,,2026-06-26 10:29:19,Web,Error
11785,U0926,2026-06-07 01:44:00,Web,Exitoso
13251,U0753,2026-06-10 20:23:00,Web,Exitoso
8954,U0504,2026-06-03 23:29:00,Web,Exitoso
5576,U0484,2026-06-18 09:24:00,Android,Exitoso
15337,,2026-06-26 10:24:44,Web,Error
15901,,2026-06-26 10:07:48,Web,Error
2589,,2026-06-28 11:40:00,Android,Error
12824,U0714,2026-06-08 17:32:00,iOS,Exitoso
13584,U0730,2026-06-24 22:39:00,iOS,Exitoso
13026,U0883,2026-06-06 13:20:00,Web,Exitoso
11123,U0489,2026-06-20 18:56:00,Android,Exitoso
1456,,2026-06-05 15:51:00,Web,Error
6010,U0578,2026-06-11 10:12:00,Web,Exitoso
12086,U0484,2026-06-08 03:23:00,Web,Exitoso
615,U0046,2026-06-21 01:50:00,Android,Error
14365,U0869,2026-06-21 12:05:00,Web,Exitoso
10846,U0700,2026-06-10 14:04:00,iOS,Exitoso
13081,U0649,2026-06-26 00:53:00,Android,Exitoso
3924,U0439,2026-06-03 06:44:00,Android,Error
8468,U0663,2026-06-07 18:45:00,Android,Exitoso
5886,U0839,2026-06-21 08:44:00,Web,Exitoso
10746,U0508,2026-06-14 08:09:00,iOS,Exitoso
4110,U0816,2026-06-21 18:52:00,iOS,Error
351,U0123,2026-06-07 02:20:00,Web,Error
3449,,2026-06-24 12:28:00,Web,Error
7581,U0766,2026-06-22 03:25:00,Web,Exitoso
2924,,2026-06-01 01:27:00,Web,Error
15201,,2026-06-26 10:06:56,Web,Error
13650,U0888,2026-06-01 10:41:00,iOS,Exitoso
14431,U0747,2026-06-25 08:19:00,Android,Exitoso
3247,U0118,2026-06-06 09:00:00,Web,Error
6661,U0876,2026-06-17 08:05:00,Web,Exitoso
9026,U0983,2026-06-28 11:14:00,Web,Exitoso
15311,,2026-06-26 10:15:10,Web,Error
1037,U0327,2026-06-26 01:26:00,iOS,Error
8898,U0700,2026-06-05 06:34:00,Web,Exitoso
14978,U0530,2026-06-10 23:32:00,Android,Exitoso
9286,U0568,2026-06-26 05:30:00,Android,Exitoso
3454,U0133,2026-06-20 15:20:00,Web,Error
6340,U0513,2026-06-14 01:33:00,iOS,Exitoso
2014,U0390,2026-06-17 02:17:00,Android,Error
2686,U0108,2026-06-06 09:23:00,iOS,Error
8261,U0877,2026-06-07 21:47:00,Web,Exitoso
12930,U0824,2026-06-11 04:02:00,Web,Exitoso
11207,U0588,2026-06-11 03:01:00,iOS,Exitoso
13115,U0530,2026-06-06 04:59:00,Web,Exitoso
7047,U0476,2026-06-07 05:23:00,iOS,Exitoso
4351,U0424,2026-06-13 09:21:00,Web,Error
3972,,2026-06-04 06:53:00,Web,Error
16210,,2026-06-26 10:16:29,Web,Error
13877,U0757,2026-06-26 23:17:00,iOS,Exitoso
15060,,2026-06-26 10:29:23,Web,Error
3769,U0235,2026-06-20 07:46:00,Android,Error
14868,U0834,2026-06-02 08:49:00,Android,Exitoso
14065,U0456,2026-06-17 14:30:00,Android,Exitoso
6827,U0898,2026-06-01 09:27:00,Web,Exitoso
16098,,2026-06-26 10:28:02,Web,Error
9961,U0710,2026-06-14 20:30:00,iOS,Exitoso
5951,U0999,2026-06-05 16:14:00,Android,Exitoso
9289,U0460,2026-06-11 17:46:00,Android,Exitoso
8219,U0773,2026-06-12 17:14:00,Android,Exitoso
1320,U0429,2026-06-28 09:16:00,iOS,Error
10845,U0638,2026-06-03 19:12:00,Android,Exitoso
6116,U0578,2026-06-06 17:12:00,Web,Exitoso
15917,,2026-06-26 10:12:43,Web,Error
8287,U0854,2026-06-09 10:25:00,iOS,Exitoso
10078,U0896,2026-06-01 15:22:00,Web,Exitoso
14732,U0844,2026-06-25 08:13:00,Android,Exitoso
3665,U0039,2026-06-19 16:35:00,iOS,Error
11956,U0655,2026-06-15 09:53:00,Android,Exitoso
7628,U0589,2026-06-13 18:11:00,iOS,Exitoso
1262,,2026-06-06 11:17:00,iOS,Error
4106,U0174,2026-06-20 04:06:00,Web,Error
15174,,2026-06-26 10:10:07,Web,Error
4887,U0813,2026-06-24 20:15:00,Web,Error
3217,U0125,2026-06-02 00:13:00,Web,Error
10508,U0571,2026-06-27 14:24:00,Android,Exitoso
15383,,2026-06-26 10:11:47,Web,Error
5305,U0824,2026-06-07 06:51:00,Android,Exitoso
5571,U0728,2026-06-01 23:23:00,Android,Exitoso
5683,U0865,2026-06-20 19:12:00,Web,Exitoso
2277,U0049,2026-06-16 19:51:00,Android,Error
3042,U0450,2026-06-22 09:26:00,Web,Error
8902,U0600,2026-06-06 13:31:00,Web,Exitoso
7487,U0685,2026-06-04 22:19:00,Web,Exitoso
12252,U0931,2026-06-02 14:26:00,iOS,Exitoso
1022,U0767,2026-06-20 09:38:00,Web,Error
2090,,2026-06-06 23:38:00,Web,Error
1910,U0302,2026-06-16 19:56:00,Android,Error
7259,U0750,2026-06-26 22:41:00,Android,Exitoso
11358,U0538,2026-06-11 07:30:00,Android,Exitoso
425,U0379,2026-06-28 13:56:00,Android,Error
10305,U0906,2026-06-28 10:39:00,Web,Exitoso
6511,U0928,2026-06-21 11:45:00,Android,Exitoso
12772,U0861,2026-06-27 21:22:00,Android,Exitoso
7044,U0859,2026-06-14 01:04:00,Web,Exitoso
62,U0053,2026-06-17 07:31:00,Android,Error
2979,,2026-06-24 14:31:00,Web,Error
11370,U0691,2026-06-27 08:44:00,Android,Exitoso
1168,,2026-06-20 21:54:00,iOS,Error
8020,U0638,2026-06-28 08:49:00,Android,Exitoso
7988,U0775,2026-06-07 12:33:00,iOS,Exitoso
5285,U0792,2026-06-02 22:15:00,Web,Exitoso
3108,,2026-06-20 02:34:00,Web,Error
4530,,2026-06-19 22:57:00,Web,Error
10168,U0614,2026-06-26 16:52:00,Android,Exitoso
1135,U0849,2026-06-01 02:28:00,iOS,Error
6663,U0664,2026-06-08 12:22:00,Android,Exitoso
761,,2026-06-17 16:53:00,Web,Error
8851,U0625,2026-06-03 12:41:00,Android,Exitoso
5371,U0892,2026-06-01 01:46:00,Android,Exitoso
9671,U0901,2026-06-14 19:27:00,Web,Exitoso
610,U0392,2026-06-17 13:04:00,Android,Error
15301,,2026-06-26 10:28:17,Web,Error
1055,U0661,2026-06-02 02:39:00,Web,Error
11191,U0476,2026-06-19 10:12:00,iOS,Exitoso
14559,U0823,2026-06-05 18:11:00,Web,Exitoso
3922,U0162,2026-06-14 13:23:00,Web,Error
16157,,2026-06-26 10:27:37,Web,Error
6741,U0554,2026-06-25 06:13:00,Web,Exitoso
8444,U0903,2026-06-17 05:44:00,Web,Exitoso
12281,U0583,2026-06-01 10:12:00,Android,Exitoso
13385,U0623,2026-06-01 09:19:00,iOS,Exitoso
13061,U0993,2026-06-20 00:23:00,Web,Exitoso
7667,U0762,2026-06-04 03:47:00,Android,Exitoso
14014,U0734,2026-06-03 14:39:00,Web,Exitoso
5501,U0601,2026-06-16 16:55:00,Android,Exitoso
11580,U0472,2026-06-09 20:28:00,Web,Exitoso
8973,U0817,2026-06-15 08:23:00,iOS,Exitoso
9646,U0667,2026-06-02 07:39:00,iOS,Exitoso
11299,U0886,2026-06-26 21:34:00,Android,Exitoso
140,U0041,2026-06-13 02:09:00,iOS,Error
11019,U0898,2026-06-15 09:40:00,Web,Exitoso
16081,,2026-06-26 10:05:13,Web,Error
12002,U0454,2026-06-02 04:41:00,Android,Exitoso
3971,U0395,2026-06-26 12:28:00,Web,Error
5443,U0818,2026-06-27 07:44:00,Android,Exitoso
386,U0153,2026-06-22 05:57:00,Web,Error
10934,U0479,2026-06-07 00:07:00,iOS,Exitoso
672,U0123,2026-06-23 23:43:00,iOS,Error
5229,U0874,2026-06-01 10:38:00,Android,Exitoso
12974,U0685,2026-06-18 07:17:00,iOS,Exitoso
15931,,2026-06-26 10:16:06,Web,Error
3741,U0181,2026-06-01 14:06:00,Android,Error
2153,U0408,2026-06-02 13:59:00,Android,Error
15905,,2026-06-26 10:04:22,Web,Error
2517,,2026-06-20 10:12:00,Web,Error
2932,U0023,2026-06-09 01:35:00,iOS,Error
4660,U0246,2026-06-22 12:31:00,iOS,Error
1923,U0257,2026-06-25 12:47:00,Android,Error
8028,U0571,2026-06-03 22:10:00,iOS,Exitoso
12622,U0893,2026-06-27 15:37:00,Web,Exitoso
14770,U0672,2026-06-23 12:18:00,Web,Exitoso
5393,U0691,2026-06-22 23:12:00,Web,Exitoso
1362,,2026-06-11 08:33:00,Android,Error
11149,U0780,2026-06-10 01:01:00,Android,Exitoso
7973,U0777,2026-06-13 08:10:00,Android,Exitoso
4319,U0258,2026-06-26 05:52:00,iOS,Error
8174,U0527,2026-06-27 16:58:00,Web,Exitoso
5908,U0591,2026-06-26 13:22:00,Web,Exitoso
8024,U0505,2026-06-04 03:11:00,iOS,Exitoso
10538,U0895,2026-06-06 15:04:00,iOS,Exitoso
12681,U0589,2026-06-13 04:16:00,Android,Exitoso
6633,U0548,2026-06-09 16:31:00,Android,Exitoso
1664,U0788,2026-06-22 06:32:00,Web,Error
13678,U0840,2026-06-23 01:42:00,Web,Exitoso
7150,U0773,2026-06-06 10:26:00,iOS,Exitoso
1118,U0302,2026-06-13 04:32:00,iOS,Error
5372,U0574,2026-06-25 18:02:00,iOS,Exitoso
9815,U0706,2026-06-05 19:44:00,iOS,Exitoso
14005,U0948,2026-06-07 16:33:00,Android,Exitoso
13647,U0576,2026-06-26 20:59:00,Android,Exitoso
3328,U0632,2026-06-05 22:05:00,Android,Error
8634,U0939,2026-06-23 20:44:00,Web,Exitoso
9065,U0517,2026-06-17 02:57:00,Android,Exitoso
9553,U0761,2026-06-16 22:08:00,iOS,Exitoso
10596,U0891,2026-06-08 06:45:00,Android,Exitoso
13613,U0714,2026-06-10 17:32:00,Android,Exitoso
15099,,2026-06-26 10:16:02,Web,Error
6329,U0544,2026-06-23 05:54:00,Android,Exitoso
5069,U0674,2026-06-14 11:23:00,Web,Exitoso
10458,U0877,2026-06-12 17:19:00,Android,Exitoso
6786,U0582,2026-06-08 15:18:00,iOS,Exitoso
5502,U0537,2026-06-11 04:43:00,Android,Exitoso
12753,U0795,2026-06-22 05:22:00,iOS,Exitoso
1960,U0225,2026-06-02 07:41:00,iOS,Error
6327,U0835,2026-06-26 09:46:00,Android,Exitoso
3065,,2026-06-15 07:23:00,iOS,Error
3107,U0444,2026-06-13 22:32:00,Web,Error
5492,U0452,2026-06-26 15:10:00,iOS,Exitoso
14316,U0907,2026-06-28 05:14:00,Android,Exitoso
10679,U0874,2026-06-11 02:27:00,Web,Exitoso
6518,U0826,2026-06-28 03:34:00,Web,Exitoso
970,U0418,2026-06-16 14:20:00,Android,Error
4301,,2026-06-27 00:45:00,Web,Error
9285,U0850,2026-06-19 07:52:00,Android,Exitoso
5838,U0565,2026-06-02 20:41:00,Web,Exitoso
13911,U0870,2026-06-07 06:14:00,Android,Exitoso
1545,,2026-06-19 01:51:00,Web,Error
108,U0173,2026-06-15 04:52:00,Web,Error
3898,U0763,2026-06-07 12:27:00,iOS,Error
15199,,2026-06-26 10:23:14,Web,Error
15148,,2026-06-26 10:18:59,Web,Error
11658,U0959,2026-06-24 22:53:00,iOS,Exitoso
7904,U0602,2026-06-17 01:00:00,Web,Exitoso
9650,U0642,2026-06-02 05:55:00,Android,Exitoso
14874,U0788,2026-06-01 22:56:00,Android,Exitoso
13350,U0860,2026-06-26 19:29:00,Web,Exitoso
4236,U0330,2026-06-06 21:26:00,iOS,Error
16243,U0967,2026-06-26 10:11:58,Web,Error
8206,U0766,2026-06-22 03:45:00,iOS,Exitoso
2327,,2026-06-03 10:26:00,iOS,Error
11526,U0749,2026-06-07 02:32:00,Android,Exitoso
251,,2026-06-08 23:33:00,Android,Error
2187,U0129,2026-06-14 10:35:00,Web,Error
5815,U0633,2026-06-01 06:38:00,iOS,Exitoso
11985,U0597,2026-06-19 19:15:00,Android,Exitoso
15245,,2026-06-26 10:03:28,Web,Error
619,,2026-06-07 11:58:00,Web,Error
8996,U0926,2026-06-06 03:00:00,Web,Exitoso
14811,U0567,2026-06-03 08:20:00,iOS,Exitoso
2820,,2026-06-12 04:01:00,Android,Error
10316,U0675,2026-06-22 22:29:00,Android,Exitoso
4439,U0194,2026-06-24 13:42:00,iOS,Error
5693,U0923,2026-06-10 13:30:00,Web,Exitoso
7548,U0809,2026-06-08 05:03:00,Web,Exitoso
11494,U0705,2026-06-16 17:22:00,Android,Exitoso
11182,U0801,2026-06-12 16:55:00,iOS,Exitoso
10077,U0461,2026-06-21 22:46:00,Web,Exitoso
9128,U0473,2026-06-10 23:21:00,iOS,Exitoso
4129,U0221,2026-06-17 07:40:00,Web,Error
10865,U0607,2026-06-22 05:37:00,iOS,Exitoso
11226,U0850,2026-06-20 04:21:00,Android,Exitoso
4561,,2026-06-22 19:56:00,Web,Error
7545,U0463,2026-06-20 20:20:00,Web,Exitoso
8403,U0978,2026-06-07 09:14:00,Web,Exitoso
275,,2026-06-09 20:15:00,iOS,Error
4848,,2026-06-12 10:11:00,Web,Error
3012,U0338,2026-06-03 07:11:00,iOS,Error
11212,U0708,2026-06-10 05:00:00,Android,Exitoso
10166,U0999,2026-06-09 20:18:00,iOS,Exitoso
4626,,2026-06-18 16:39:00,Web,Error
6766,U0535,2026-06-23 12:00:00,iOS,Exitoso
14757,U0863,2026-06-24 22:18:00,Android,Exitoso
2841,U0239,2026-06-02 02:54:00,iOS,Error
9786,U0884,2026-06-04 12:32:00,iOS,Exitoso
8257,U0757,2026-06-24 06:35:00,Android,Exitoso
12605,U0590,2026-06-23 00:05:00,Web,Exitoso
4062,,2026-06-01 13:15:00,Web,Error
12378,U0929,2026-06-23 21:37:00,iOS,Exitoso
5552,U0966,2026-06-19 17:50:00,iOS,Exitoso
4200,,2026-06-10 15:01:00,Web,Error
9478,U0511,2026-06-21 12:41:00,Web,Exitoso
13712,U0684,2026-06-26 14:29:00,Android,Exitoso
804,,2026-06-26 09:07:00,Web,Error
10919,U0590,2026-06-06 04:57:00,Web,Exitoso
942,,2026-06-16 19:12:00,Web,Error
11511,U0865,2026-06-14 11:17:00,Android,Exitoso
8048,U0583,2026-06-16 08:18:00,Android,Exitoso
9233,U0945,2026-06-04 12:55:00,Web,Exitoso
9228,U0766,2026-06-08 10:40:00,Android,Exitoso
11341,U0497,2026-06-24 22:20:00,iOS,Exitoso
86,,2026-06-12 15:12:00,iOS,Error
3004,U0322,2026-06-03 16:57:00,Web,Error
6675,U0688,2026-06-28 09:33:00,Web,Exitoso
9844,U0777,2026-06-15 17:16:00,Android,Exitoso
15700,,2026-06-26 10:04:34,Web,Error
4835,U0406,2026-06-26 17:52:00,Android,Error
15114,,2026-06-26 10:12:42,Web,Error
8695,U0721,2026-06-28 12:06:00,iOS,Exitoso
1171,U0927,2026-06-03 17:39:00,Web,Error
8197,U0795,2026-06-11 20:51:00,Android,Exitoso
938,U0552,2026-06-01 04:45:00,Android,Error
3345,,2026-06-10 16:21:00,Web,Error
12411,U0477,2026-06-01 03:44:00,Android,Exitoso
16121,,2026-06-26 10:11:43,Web,Error
10875,U0462,2026-06-23 09:18:00,Web,Exitoso
12841,U0970,2026-06-24 02:03:00,iOS,Exitoso
5063,U0653,2026-06-03 20:27:00,iOS,Exitoso
13435,U0981,2026-06-10 13:56:00,Android,Exitoso
4583,,2026-06-24 17:55:00,Web,Error
6969,U0879,2026-06-07 16:25:00,Android,Exitoso
2808,U0351,2026-06-17 13:23:00,Web,Error
16431,U0982,2026-06-26 10:22:33,Web,Error
16509,U0794,2026-06-26 10:09:04,Web,Error
8869,U0661,2026-06-16 00:21:00,Web,Exitoso
4303,U0236,2026-06-18 06:33:00,Web,Error
15104,,2026-06-26 10:17:04,Web,Error
6319,U0608,2026-06-06 17:56:00,Android,Exitoso
14876,U0933,2026-06-10 19:57:00,iOS,Exitoso
6082,U0805,2026-06-19 03:38:00,Web,Exitoso
288,U0255,2026-06-28 06:48:00,Android,Error
3309,U0090,2026-06-02 11:15:00,Android,Error
416,U0448,2026-06-27 15:23:00,iOS,Error
4027,U0351,2026-06-20 02:00:00,Android,Error
12110,U0676,2026-06-22 16:18:00,Web,Exitoso
15725,,2026-06-26 10:03:22,Web,Error
10886,U0865,2026-06-24 22:13:00,Android,Exitoso
620,U0764,2026-06-07 16:37:00,Android,Error
2424,U0479,2026-06-12 18:39:00,Android,Error
9479,U0512,2026-06-17 17:03:00,iOS,Exitoso
8857,U0465,2026-06-03 22:34:00,Web,Exitoso
11691,U0607,2026-06-01 13:41:00,Android,Exitoso
14279,U0687,2026-06-10 23:33:00,Android,Exitoso
7139,U0472,2026-06-19 14:33:00,Android,Exitoso
13423,U0489,2026-06-08 07:02:00,Android,Exitoso
11978,U0793,2026-06-20 16:03:00,Android,Exitoso
1013,,2026-06-02 12:23:00,Web,Error
5162,U0841,2026-06-06 19:00:00,iOS,Exitoso
15181,,2026-06-26 10:08:22,Web,Error
14318,U0875,2026-06-03 09:18:00,Android,Exitoso
4599,U0819,2026-06-05 08:51:00,Web,Error
16159,,2026-06-26 10:16:29,Web,Error
8836,U0716,2026-06-06 00:21:00,iOS,Exitoso
9347,U0554,2026-06-19 16:57:00,Android,Exitoso
2352,U0200,2026-06-19 16:09:00,Web,Error
12094,U0809,2026-06-19 10:35:00,Web,Exitoso
12665,U0959,2026-06-06 22:41:00,Android,Exitoso
5449,U0744,2026-06-14 16:28:00,Web,Exitoso
5681,U0605,2026-06-06 10:27:00,Web,Exitoso
11861,U0694,2026-06-12 01:20:00,Web,Exitoso
3722,U0175,2026-06-11 19:38:00,Web,Error
9293,U0690,2026-06-13 06:14:00,Web,Exitoso
7460,U0754,2026-06-11 18:58:00,Android,Exitoso
15363,,2026-06-26 10:10:29,Web,Error
9621,U0810,2026-06-10 08:58:00,iOS,Exitoso
12659,U0988,2026-06-05 13:19:00,iOS,Exitoso
14893,U0601,2026-06-16 03:00:00,iOS,Exitoso
6602,U0896,2026-06-01 22:55:00,iOS,Exitoso
12354,U0753,2026-06-05 02:43:00,iOS,Exitoso
2505,U0410,2026-06-21 01:11:00,iOS,Error
4128,U0067,2026-06-12 01:25:00,Web,Error
10253,U0634,2026-06-24 12:30:00,iOS,Exitoso
571,,2026-06-14 21:38:00,Android,Error
5771,U0483,2026-06-19 06:42:00,iOS,Exitoso
12625,U0829,2026-06-11 03:11:00,Web,Exitoso
7417,U0942,2026-06-20 10:23:00,Android,Exitoso
5195,U0480,2026-06-06 02:04:00,iOS,Exitoso
877,U0789,2026-06-11 11:43:00,Web,Error
6945,U0800,2026-06-24 01:44:00,iOS,Exitoso
440,U0311,2026-06-16 15:38:00,Android,Error
14408,U0682,2026-06-10 11:20:00,Web,Exitoso
11501,U0945,2026-06-19 19:14:00,Web,Exitoso
12191,U0688,2026-06-17 16:25:00,Android,Exitoso
9537,U0531,2026-06-21 09:49:00,Web,Exitoso
11587,U0905,2026-06-09 14:26:00,Web,Exitoso
7319,U0886,2026-06-06 16:36:00,Web,Exitoso
3279,U0092,2026-06-21 07:18:00,iOS,Error
7634,U0524,2026-06-03 14:49:00,Web,Exitoso
9700,U0924,2026-06-26 10:55:00,Web,Exitoso
8964,U0956,2026-06-23 10:11:00,iOS,Exitoso
13544,U0571,2026-06-02 18:01:00,Android,Exitoso
934,U0379,2026-06-09 18:43:00,iOS,Error
4732,U0379,2026-06-15 04:59:00,Android,Error
15161,,2026-06-26 10:01:35,Web,Error
4783,U0421,2026-06-24 21:44:00,Web,Error
8380,U0883,2026-06-16 23:45:00,Android,Exitoso
4932,U0140,2026-06-07 10:10:00,iOS,Error
16329,U0654,2026-06-26 10:18:23,Web,Error
7603,U0982,2026-06-26 14:40:00,Android,Exitoso
13327,U0677,2026-06-03 02:57:00,Android,Exitoso
5474,U0977,2026-06-20 10:51:00,iOS,Exitoso
15702,,2026-06-26 10:07:24,Web,Error
7480,U0907,2026-06-21 23:37:00,Web,Exitoso
4427,,2026-06-23 01:58:00,Web,Error
5967,U0674,2026-06-14 12:36:00,iOS,Exitoso
15875,,2026-06-26 10:05:09,Web,Error
15304,,2026-06-26 10:06:54,Web,Error
4248,U0309,2026-06-13 17:48:00,Android,Error
10195,U0592,2026-06-15 04:49:00,Web,Exitoso
861,U0034,2026-06-09 04:30:00,Android,Error
7092,U0600,2026-06-12 12:59:00,Android,Exitoso
7671,U0916,2026-06-25 10:54:00,iOS,Exitoso
10499,U0594,2026-06-04 20:42:00,iOS,Exitoso
4378,,2026-06-22 17:18:00,Web,Error
4193,,2026-06-21 00:15:00,Web,Error
12385,U0943,2026-06-22 22:44:00,Web,Exitoso
3299,U0019,2026-06-28 05:20:00,Android,Error
7656,U0784,2026-06-03 11:55:00,Web,Exitoso
7458,U0470,2026-06-10 23:08:00,Android,Exitoso
1299,U0930,2026-06-19 17:38:00,Web,Error
15747,,2026-06-26 10:11:57,Web,Error
2751,U0284,2026-06-25 05:56:00,Web,Error
12597,U0620,2026-06-07 21:17:00,iOS,Exitoso
4526,,2026-06-25 10:12:00,Web,Error
3891,,2026-06-15 19:53:00,Web,Error
948,,2026-06-13 00:40:00,Web,Error
2384,,2026-06-22 01:26:00,Web,Error
5677,U0788,2026-06-27 07:26:00,Web,Exitoso
14924,U0951,2026-06-25 03:31:00,Android,Exitoso
860,U0398,2026-06-12 23:11:00,Android,Error
14797,U0783,2026-06-22 00:51:00,Android,Exitoso
15306,,2026-06-26 10:17:24,Web,Error
12500,U0849,2026-06-02 23:17:00,Web,Exitoso
15711,,2026-06-26 10:02:59,Web,Error
3961,U0275,2026-06-25 20:24:00,iOS,Error
1555,U0065,2026-06-25 23:45:00,iOS,Error
2762,U0082,2026-06-24 09:55:00,Web,Error
15655,,2026-06-26 10:01:35,Web,Error
10586,U0642,2026-06-24 11:51:00,iOS,Exitoso
5630,U0617,2026-06-02 16:24:00,Android,Exitoso
16288,U0967,2026-06-26 10:25:06,Web,Error
7467,U0678,2026-06-21 10:24:00,Android,Exitoso
10269,U0457,2026-06-24 23:46:00,Web,Exitoso
3258,U0424,2026-06-19 09:36:00,Android,Error
12435,U0538,2026-06-20 05:16:00,Web,Exitoso
32,U0992,2026-06-07 22:58:00,Android,Error
13260,U0993,2026-06-25 21:28:00,Android,Exitoso
11216,U0549,2026-06-01 02:54:00,Web,Exitoso
3009,U0012,2026-06-03 08:51:00,Web,Error
5213,U0638,2026-06-22 23:01:00,iOS,Exitoso
7058,U0864,2026-06-07 18:16:00,iOS,Exitoso
9131,U0554,2026-06-13 07:13:00,iOS,Exitoso
4244,U0074,2026-06-15 23:37:00,iOS,Error
6440,U0770,2026-06-01 16:03:00,iOS,Exitoso
331,U0312,2026-06-17 14:03:00,Web,Error
6697,U0850,2026-06-11 07:37:00,iOS,Exitoso
1278,U0364,2026-06-12 08:24:00,Android,Error
9246,U0861,2026-06-14 00:24:00,Android,Exitoso
5881,U0459,2026-06-10 07:38:00,Android,Exitoso
12674,U0665,2026-06-08 19:24:00,Android,Exitoso
9778,U0945,2026-06-17 11:36:00,Android,Exitoso
10215,U0812,2026-06-21 10:33:00,iOS,Exitoso
15377,,2026-06-26 10:12:01,Web,Error
864,U0123,2026-06-22 19:49:00,iOS,Error
14737,U0590,2026-06-12 02:56:00,iOS,Exitoso
10918,U0513,2026-06-13 04:24:00,Android,Exitoso
10771,U0700,2026-06-05 01:37:00,iOS,Exitoso
13053,U0538,2026-06-17 21:30:00,Web,Exitoso
2824,,2026-06-10 07:15:00,Web,Error
11946,U0862,2026-06-23 05:09:00,Web,Exitoso
8340,U0943,2026-06-24 15:21:00,Android,Exitoso
2722,,2026-06-11 13:34:00,Web,Error
4223,U0148,2026-06-19 02:12:00,iOS,Error
14307,U0599,2026-06-18 20:27:00,Web,Exitoso
7201,U0861,2026-06-22 10:52:00,iOS,Exitoso
16082,,2026-06-26 10:02:22,Web,Error
11610,U0458,2026-06-28 00:24:00,Android,Exitoso
4782,U0066,2026-06-08 11:56:00,iOS,Error
14815,U0875,2026-06-11 19:34:00,iOS,Exitoso
13605,U0862,2026-06-28 05:22:00,Web,Exitoso
10711,U0679,2026-06-24 13:11:00,Web,Exitoso
2839,,2026-06-22 11:24:00,iOS,Error
15497,,2026-06-26 10:06:50,Web,Error
1259,U0203,2026-06-06 19:53:00,Web,Error
14847,U0892,2026-06-12 16:00:00,Android,Exitoso
8928,U0491,2026-06-19 13:22:00,Web,Exitoso
12964,U0927,2026-06-12 21:22:00,Web,Exitoso
6354,U0986,2026-06-15 23:58:00,Android,Exitoso
3343,,2026-06-06 09:20:00,Web,Error
7033,U0772,2026-06-01 07:07:00,iOS,Exitoso
5329,U0509,2026-06-24 09:16:00,Android,Exitoso
5342,U0564,2026-06-03 08:35:00,Web,Exitoso
1461,,2026-06-20 03:37:00,Web,Error
15996,,2026-06-26 10:16:28,Web,Error
10046,U0536,2026-06-13 21:42:00,iOS,Exitoso
6488,U0842,2026-06-01 15:34:00,iOS,Exitoso
839,U0736,2026-06-23 05:23:00,Web,Error
11116,U0599,2026-06-24 05:00:00,iOS,Exitoso
661,U0239,2026-06-07 06:30:00,Web,Error
8092,U0864,2026-06-06 20:01:00,Web,Exitoso
9730,U0490,2026-06-18 10:55:00,Android,Exitoso
11013,U0478,2026-06-08 02:57:00,Android,Exitoso
7489,U0526,2026-06-14 10:42:00,Android,Exitoso
12932,U0553,2026-06-14 15:39:00,Web,Exitoso
3646,U0861,2026-06-10 12:31:00,Web,Error
14761,U0973,2026-06-07 22:40:00,Web,Exitoso
5559,U0928,2026-06-09 16:02:00,Android,Exitoso
2314,U0142,2026-06-04 02:44:00,iOS,Error
10060,U0614,2026-06-11 06:56:00,Web,Exitoso
5930,U0774,2026-06-13 05:12:00,Android,Exitoso
13773,U0671,2026-06-20 00:26:00,Web,Exitoso
8194,U0608,2026-06-16 12:37:00,iOS,Exitoso
10803,U0855,2026-06-24 21:20:00,iOS,Exitoso
1913,U0400,2026-06-03 22:01:00,Android,Error
12220,U0497,2026-06-05 17:33:00,Android,Exitoso
1329,U0313,2026-06-16 20:19:00,Web,Error
9922,U0550,2026-06-14 23:17:00,Android,Exitoso
12947,U0892,2026-06-26 12:58:00,iOS,Exitoso
11601,U0996,2026-06-17 06:46:00,Android,Exitoso
10634,U0773,2026-06-14 14:51:00,iOS,Exitoso
15895,,2026-06-26 10:08:24,Web,Error
14857,U0974,2026-06-23 14:45:00,Android,Exitoso
12803,U0789,2026-06-06 17:37:00,Web,Exitoso
12169,U0557,2026-06-11 15:20:00,Android,Exitoso
7526,U0529,2026-06-11 13:39:00,Web,Exitoso
7586,U0917,2026-06-09 14:28:00,iOS,Exitoso
278,U0215,2026-06-15 02:41:00,Web,Error
3376,U0793,2026-06-07 22:37:00,iOS,Error
4037,U0299,2026-06-11 08:15:00,Android,Error
4396,U0655,2026-06-26 15:49:00,Web,Error
6737,U0516,2026-06-12 04:53:00,Android,Exitoso
5927,U0823,2026-06-27 18:35:00,iOS,Exitoso
4328,U0192,2026-06-12 23:08:00,Android,Error
4896,,2026-06-08 19:52:00,Web,Error
451,,2026-06-05 15:12:00,Android,Error
12638,U0463,2026-06-17 21:29:00,Android,Exitoso
14410,U0565,2026-06-20 11:03:00,Android,Exitoso
12970,U0835,2026-06-24 09:29:00,Web,Exitoso
7720,U0744,2026-06-11 15:56:00,Android,Exitoso
15778,,2026-06-26 10:27:18,Web,Error
578,,2026-06-27 13:18:00,Android,Error
13826,U0739,2026-06-23 08:01:00,iOS,Exitoso
2682,,2026-06-04 11:28:00,Web,Error
16391,U0496,2026-06-26 10:24:09,Web,Error
9796,U0791,2026-06-04 07:15:00,Web,Exitoso
1448,,2026-06-02 09:09:00,Web,Error
15508,,2026-06-26 10:11:34,Web,Error
10370,U0463,2026-06-06 12:24:00,iOS,Exitoso
8812,U0936,2026-06-23 06:47:00,Android,Exitoso
14713,U0619,2026-06-24 22:49:00,iOS,Exitoso
13057,U0506,2026-06-21 03:43:00,Web,Exitoso
8335,U0935,2026-06-22 13:34:00,Android,Exitoso
9397,U0515,2026-06-23 16:36:00,Web,Exitoso
8855,U0485,2026-06-05 06:57:00,iOS,Exitoso
7585,U0609,2026-06-25 12:25:00,Web,Exitoso
14544,U0946,2026-06-19 15:20:00,Web,Exitoso
16336,U0531,2026-06-26 10:13:54,Web,Error
3032,U0052,2026-06-02 04:34:00,iOS,Error
6678,U0916,2026-06-23 23:30:00,Android,Exitoso
14001,U0794,2026-06-16 21:58:00,Web,Exitoso
15923,,2026-06-26 10:15:38,Web,Error
11583,U0670,2026-06-11 15:47:00,iOS,Exitoso
11042,U0804,2026-06-05 08:03:00,iOS,Exitoso
5223,U0815,2026-06-10 18:52:00,iOS,Exitoso
16405,U0559,2026-06-26 10:10:34,Web,Error
10379,U0743,2026-06-20 01:31:00,Web,Exitoso
13910,U0493,2026-06-10 14:09:00,Android,Exitoso
7404,U0632,2026-06-16 23:42:00,Android,Exitoso
6954,U0984,2026-06-16 18:20:00,iOS,Exitoso
9396,U0864,2026-06-14 15:10:00,Android,Exitoso
13555,U0514,2026-06-04 10:12:00,iOS,Exitoso
7804,U0697,2026-06-22 17:12:00,Web,Exitoso
869,U0366,2026-06-13 14:56:00,iOS,Error
13365,U0509,2026-06-18 09:56:00,iOS,Exitoso
16220,U0972,2026-06-26 10:07:24,Web,Error
2747,U0254,2026-06-04 15:09:00,Web,Error
5581,U0732,2026-06-07 16:30:00,iOS,Exitoso
9464,U0991,2026-06-02 01:33:00,Web,Exitoso
11764,U0887,2026-06-24 05:26:00,Web,Exitoso
3284,U0398,2026-06-13 09:22:00,Web,Error
13894,U0912,2026-06-05 13:45:00,Web,Exitoso
13917,U0750,2026-06-28 10:59:00,Android,Exitoso
9049,U0949,2026-06-22 15:31:00,Web,Exitoso
971,,2026-06-19 13:41:00,Web,Error
7523,U0861,2026-06-17 11:32:00,iOS,Exitoso
16133,,2026-06-26 10:13:23,Web,Error
6267,U0782,2026-06-06 18:39:00,Android,Exitoso
4819,U0632,2026-06-11 17:52:00,Web,Error
10817,U0785,2026-06-12 23:33:00,Android,Exitoso
12599,U0550,2026-06-26 14:53:00,Android,Exitoso
10476,U0900,2026-06-19 20:14:00,iOS,Exitoso
1836,U0050,2026-06-24 00:21:00,Web,Error
3614,,2026-06-09 10:25:00,Web,Error
14063,U0998,2026-06-09 11:44:00,iOS,Exitoso
7105,U0814,2026-06-15 02:11:00,Web,Exitoso
15033,,2026-06-26 10:14:23,Web,Error
6492,U0954,2026-06-25 21:14:00,Android,Exitoso
10651,U0540,2026-06-18 20:00:00,Web,Exitoso
7246,U0575,2026-06-26 20:55:00,Android,Exitoso
5521,U0534,2026-06-02 16:27:00,Android,Exitoso
13211,U0852,2026-06-12 13:42:00,Android,Exitoso
3276,U0282,2026-06-07 17:39:00,iOS,Error
16293,U0880,2026-06-26 10:11:04,Web,Error
14632,U0514,2026-06-02 04:03:00,iOS,Exitoso
16488,U0874,2026-06-26 10:15:07,Web,Error
1412,U0670,2026-06-17 01:01:00,Web,Error
983,U0268,2026-06-07 20:45:00,iOS,Error
10936,U0652,2026-06-09 16:36:00,Android,Exitoso
9603,U0826,2026-06-10 11:37:00,iOS,Exitoso
14754,U0807,2026-06-24 17:03:00,Web,Exitoso
10411,U0558,2026-06-21 02:31:00,Android,Exitoso
14411,U0953,2026-06-17 21:13:00,Web,Exitoso
3893,,2026-06-22 16:54:00,Web,Error
9545,U0566,2026-06-14 20:57:00,iOS,Exitoso
10297,U0748,2026-06-21 01:10:00,iOS,Exitoso
7567,U0822,2026-06-02 03:13:00,Android,Exitoso
7466,U0646,2026-06-28 07:12:00,Web,Exitoso
13051,U0956,2026-06-04 22:53:00,Web,Exitoso
12368,U0754,2026-06-13 01:53:00,Android,Exitoso
1991,U0013,2026-06-15 19:41:00,iOS,Error
11229,U0707,2026-06-18 14:39:00,Android,Exitoso
1508,U0312,2026-06-16 21:08:00,Web,Error
3038,U0100,2026-06-11 11:31:00,Android,Error
10318,U0888,2026-06-24 22:47:00,Android,Exitoso
1964,,2026-06-12 07:43:00,iOS,Error
5273,U0941,2026-06-04 21:34:00,Web,Exitoso
2817,,2026-06-10 05:31:00,Web,Error
8488,U0739,2026-06-28 07:44:00,Web,Exitoso
10710,U0510,2026-06-23 21:49:00,Web,Exitoso
8080,U0931,2026-06-01 15:01:00,iOS,Exitoso
11662,U0642,2026-06-28 03:48:00,iOS,Exitoso
3115,,2026-06-13 20:36:00,Web,Error
15441,,2026-06-26 10:26:17,Web,Error
7162,U0562,2026-06-12 05:29:00,Android,Exitoso
6546,U0754,2026-06-09 15:34:00,iOS,Exitoso
6676,U0587,2026-06-25 14:29:00,iOS,Exitoso
9194,U0888,2026-06-09 19:57:00,Web,Exitoso
12737,U0914,2026-06-23 10:06:00,Android,Exitoso
15314,,2026-06-26 10:26:38,Web,Error
4492,U0931,2026-06-20 10:18:00,Web,Error
154,U0008,2026-06-06 06:53:00,Android,Error
9235,U0628,2026-06-17 14:52:00,iOS,Exitoso
10482,U0462,2026-06-13 22:44:00,Android,Exitoso
3348,U0992,2026-06-12 03:18:00,Web,Error
7386,U0906,2026-06-05 14:26:00,Android,Exitoso
5346,U0583,2026-06-28 02:57:00,iOS,Exitoso
8884,U0586,2026-06-07 05:47:00,Web,Exitoso
3582,,2026-06-18 17:13:00,Web,Error
12868,U0684,2026-06-28 15:27:00,iOS,Exitoso
12452,U0453,2026-06-25 15:19:00,iOS,Exitoso
11025,U0605,2026-06-14 20:22:00,Web,Exitoso
841,U0267,2026-06-17 22:13:00,iOS,Error
5471,U0757,2026-06-27 18:15:00,iOS,Exitoso
4493,,2026-06-09 06:27:00,Web,Error
10822,U0927,2026-06-01 23:44:00,iOS,Exitoso
7723,U0781,2026-06-05 20:57:00,Web,Exitoso
5766,U0958,2026-06-25 23:32:00,iOS,Exitoso
7199,U0757,2026-06-02 19:20:00,Web,Exitoso
14858,U0833,2026-06-07 20:18:00,Android,Exitoso
14963,U0542,2026-06-14 16:07:00,Android,Exitoso
2844,U0212,2026-06-18 07:40:00,iOS,Error
6550,U0544,2026-06-03 20:36:00,Android,Exitoso
8966,U0964,2026-06-13 05:36:00,iOS,Exitoso
6463,U0530,2026-06-05 02:52:00,iOS,Exitoso
3446,,2026-06-16 19:27:00,Web,Error
7291,U0537,2026-06-07 20:08:00,Android,Exitoso
4227,U0683,2026-06-24 05:22:00,Web,Error
3462,,2026-06-02 05:23:00,Web,Error
12178,U0835,2026-06-02 14:25:00,Web,Exitoso
4822,U0280,2026-06-02 20:43:00,Web,Error
4582,,2026-06-04 08:51:00,Web,Error
8438,U0759,2026-06-27 21:04:00,iOS,Exitoso
14058,U0606,2026-06-09 11:21:00,iOS,Exitoso
892,,2026-06-20 18:01:00,Web,Error
6642,U0698,2026-06-26 22:41:00,Web,Exitoso
14744,U0744,2026-06-05 02:22:00,Web,Exitoso
11379,U0666,2026-06-19 11:12:00,iOS,Exitoso
13565,U0587,2026-06-04 12:20:00,Web,Exitoso
1847,U0141,2026-06-26 05:27:00,Web,Error
10849,U0606,2026-06-25 14:26:00,Web,Exitoso
6392,U0452,2026-06-03 16:55:00,iOS,Exitoso
13932,U0524,2026-06-10 00:17:00,Android,Exitoso
14565,U0968,2026-06-15 00:56:00,iOS,Exitoso
5632,U0974,2026-06-21 23:27:00,Web,Exitoso
11078,U0781,2026-06-28 09:36:00,Web,Exitoso
13710,U0665,2026-06-22 21:58:00,iOS,Exitoso
3874,U0053,2026-06-01 20:53:00,Web,Error
9122,U0451,2026-06-06 03:58:00,Android,Exitoso
13696,U0880,2026-06-15 09:13:00,Web,Exitoso
6478,U0571,2026-06-15 08:18:00,Web,Exitoso
10138,U0489,2026-06-21 01:39:00,Android,Exitoso
5509,U0871,2026-06-13 23:46:00,Web,Exitoso
613,U0512,2026-06-11 00:06:00,iOS,Error
4842,U0564,2026-06-27 17:17:00,Web,Error
2633,,2026-06-05 00:42:00,Web,Error
12842,U0524,2026-06-28 01:13:00,Web,Exitoso
12369,U0588,2026-06-01 19:36:00,iOS,Exitoso
7862,U0500,2026-06-16 18:31:00,Web,Exitoso
11282,U0866,2026-06-14 16:22:00,Android,Exitoso
2174,U0068,2026-06-26 08:08:00,iOS,Error
14181,U0526,2026-06-03 08:36:00,iOS,Exitoso
10872,U0478,2026-06-05 00:42:00,Android,Exitoso
12384,U0468,2026-06-11 20:49:00,iOS,Exitoso
9225,U0835,2026-06-14 16:16:00,Android,Exitoso
7836,U0759,2026-06-17 01:09:00,Web,Exitoso
5792,U0798,2026-06-07 15:07:00,Web,Exitoso
14169,U0630,2026-06-15 08:56:00,iOS,Exitoso
4690,U0615,2026-06-06 17:39:00,Web,Error
14300,U0942,2026-06-23 05:39:00,Android,Exitoso
15231,,2026-06-26 10:06:56,Web,Error
15791,,2026-06-26 10:12:35,Web,Error
5279,U0675,2026-06-26 03:35:00,Android,Exitoso
14003,U0462,2026-06-16 10:27:00,Web,Exitoso
12884,U0794,2026-06-17 05:02:00,iOS,Exitoso
15941,,2026-06-26 10:02:58,Web,Error
2192,U0434,2026-06-12 23:56:00,Android,Error
4676,,2026-06-13 22:45:00,Web,Error
7580,U0594,2026-06-25 02:59:00,Web,Exitoso
14218,U0726,2026-06-10 02:02:00,iOS,Exitoso
14562,U0930,2026-06-11 12:00:00,Web,Exitoso
14404,U0766,2026-06-20 18:01:00,iOS,Exitoso
4296,,2026-06-17 00:04:00,Web,Error
14652,U0757,2026-06-04 20:41:00,Android,Exitoso
563,U0829,2026-06-21 06:41:00,iOS,Error
11827,U0607,2026-06-18 05:34:00,Android,Exitoso
4683,U0865,2026-06-03 20:23:00,Web,Error
4366,,2026-06-02 19:01:00,Web,Error
16483,U0740,2026-06-26 10:00:42,Web,Error
5055,U0790,2026-06-16 17:05:00,iOS,Exitoso
14710,U0892,2026-06-17 21:40:00,iOS,Exitoso
6364,U0466,2026-06-02 00:17:00,Web,Exitoso
349,U0055,2026-06-12 07:50:00,iOS,Error
6054,U0737,2026-06-06 06:41:00,Web,Exitoso
15989,,2026-06-26 10:19:27,Web,Error
7975,U0618,2026-06-11 06:31:00,Web,Exitoso
16212,,2026-06-26 10:07:15,Web,Error
4150,U0205,2026-06-27 20:32:00,Android,Error
16160,,2026-06-26 10:07:50,Web,Error
4264,,2026-06-21 09:39:00,Web,Error
6475,U0813,2026-06-11 18:01:00,Web,Exitoso
4548,U0366,2026-06-21 00:51:00,Web,Error
3557,,2026-06-20 03:07:00,Web,Error
6979,U0473,2026-06-08 01:05:00,Web,Exitoso
3270,,2026-06-23 19:30:00,Web,Error
11648,U0804,2026-06-09 22:24:00,iOS,Exitoso
13003,U0945,2026-06-13 06:24:00,Android,Exitoso
2197,,2026-06-02 23:51:00,iOS,Error
15247,,2026-06-26 10:26:49,Web,Error
14616,U0778,2026-06-13 02:24:00,Web,Exitoso
13010,U0683,2026-06-23 06:51:00,Android,Exitoso
11006,U0646,2026-06-08 11:49:00,iOS,Exitoso
15355,,2026-06-26 10:13:47,Web,Error
15583,,2026-06-26 10:08:26,Web,Error
7890,U0823,2026-06-26 14:25:00,iOS,Exitoso
2125,U0527,2026-06-04 21:24:00,Android,Error
4121,U0006,2026-06-26 03:06:00,Web,Error
13626,U0760,2026-06-09 14:45:00,Web,Exitoso
14048,U0877,2026-06-07 19:44:00,iOS,Exitoso
12293,U0537,2026-06-19 04:02:00,Android,Exitoso
11245,U0662,2026-06-27 16:11:00,Android,Exitoso
9622,U0550,2026-06-10 02:10:00,Android,Exitoso
4880,,2026-06-21 17:59:00,Web,Error
5595,U0782,2026-06-19 02:38:00,Android,Exitoso
12174,U0804,2026-06-17 15:51:00,Android,Exitoso
15832,,2026-06-26 10:17:11,Web,Error
14225,U0488,2026-06-01 06:41:00,iOS,Exitoso
16059,,2026-06-26 10:15:47,Web,Error
8000,U0606,2026-06-20 12:08:00,Android,Exitoso
12873,U0696,2026-06-26 00:48:00,iOS,Exitoso
13299,U0704,2026-06-19 22:24:00,Web,Exitoso
13619,U0505,2026-06-12 22:14:00,Android,Exitoso
5933,U0696,2026-06-26 04:06:00,Web,Exitoso
3714,U0783,2026-06-22 11:22:00,Web,Error
4176,U0320,2026-06-18 22:13:00,Web,Error
12440,U0707,2026-06-14 03:38:00,iOS,Exitoso
16277,U0665,2026-06-26 10:25:52,Web,Error
5078,U0794,2026-06-09 12:46:00,Web,Exitoso
1394,U0010,2026-06-23 05:27:00,Android,Error
10662,U0916,2026-06-14 15:28:00,iOS,Exitoso
11159,U0703,2026-06-18 08:19:00,Android,Exitoso
12179,U0706,2026-06-28 07:58:00,Web,Exitoso
16123,,2026-06-26 10:10:36,Web,Error
5700,U0756,2026-06-22 14:25:00,Android,Exitoso
10985,U0629,2026-06-18 04:09:00,Web,Exitoso
2229,,2026-06-02 20:12:00,iOS,Error
5998,U0670,2026-06-10 04:26:00,Android,Exitoso
8871,U0673,2026-06-18 17:52:00,Web,Exitoso
7508,U0857,2026-06-05 10:33:00,iOS,Exitoso
7542,U0631,2026-06-22 09:05:00,Android,Exitoso
3599,,2026-06-22 02:14:00,Web,Error
14075,U0666,2026-06-16 19:37:00,Android,Exitoso
4682,,2026-06-08 02:35:00,Web,Error
5957,U0523,2026-06-12 05:17:00,Android,Exitoso
832,,2026-06-11 16:25:00,iOS,Error
2344,,2026-06-19 02:51:00,iOS,Error
6665,U0479,2026-06-07 16:32:00,Web,Exitoso
7401,U0906,2026-06-14 21:43:00,Web,Exitoso
190,,2026-06-06 21:46:00,Web,Error
4090,U0212,2026-06-20 15:10:00,Android,Error
12409,U0512,2026-06-23 07:59:00,iOS,Exitoso
10548,U0874,2026-06-26 01:25:00,iOS,Exitoso
13066,U0512,2026-06-08 12:53:00,iOS,Exitoso
14620,U0810,2026-06-01 13:21:00,Android,Exitoso
10957,U0586,2026-06-26 21:14:00,iOS,Exitoso
1608,U0954,2026-06-06 09:32:00,Web,Error
13921,U0535,2026-06-16 10:35:00,iOS,Exitoso
5402,U0703,2026-06-03 22:16:00,Web,Exitoso
15084,,2026-06-26 10:03:45,Web,Error
7497,U0753,2026-06-27 23:56:00,Web,Exitoso
6411,U0746,2026-06-12 18:57:00,Web,Exitoso
11077,U0515,2026-06-02 23:33:00,Android,Exitoso
11756,U0538,2026-06-18 14:22:00,Web,Exitoso
3263,,2026-06-05 03:04:00,Web,Error
7582,U0866,2026-06-07 06:15:00,Web,Exitoso
13480,U0607,2026-06-18 19:27:00,Web,Exitoso
104,U0916,2026-06-20 13:51:00,Web,Error
3365,U0675,2026-06-08 21:14:00,Web,Error
11923,U0871,2026-06-04 23:52:00,iOS,Exitoso
13002,U0501,2026-06-08 18:58:00,Web,Exitoso
1050,U0411,2026-06-03 14:06:00,Android,Error
16399,U0595,2026-06-26 10:13:50,Web,Error
1631,U0442,2026-06-09 08:15:00,iOS,Error
6659,U0729,2026-06-19 00:25:00,iOS,Exitoso
11050,U0512,2026-06-01 04:38:00,Web,Exitoso
9124,U0456,2026-06-05 05:51:00,iOS,Exitoso
7673,U0909,2026-06-12 10:41:00,iOS,Exitoso
15684,,2026-06-26 10:13:29,Web,Error
9238,U0765,2026-06-19 02:58:00,iOS,Exitoso
11388,U0906,2026-06-03 04:20:00,iOS,Exitoso
555,,2026-06-05 08:04:00,Web,Error
9126,U0682,2026-06-21 19:46:00,Web,Exitoso
8337,U0977,2026-06-14 04:13:00,Web,Exitoso
9193,U0480,2026-06-13 19:56:00,Web,Exitoso
5882,U0973,2026-06-15 07:23:00,iOS,Exitoso
5725,U0480,2026-06-07 09:36:00,Android,Exitoso
9489,U0666,2026-06-16 11:22:00,Web,Exitoso
12451,U0610,2026-06-07 20:04:00,Android,Exitoso
4518,U0306,2026-06-17 17:17:00,Android,Error
6726,U0626,2026-06-09 18:38:00,iOS,Exitoso
12223,U0924,2026-06-10 17:14:00,Web,Exitoso
10563,U0454,2026-06-22 11:57:00,Android,Exitoso
15912,,2026-06-26 10:16:54,Web,Error
3605,U0396,2026-06-18 12:08:00,iOS,Error
12268,U0601,2026-06-26 07:10:00,Android,Exitoso
1893,U0809,2026-06-23 10:30:00,iOS,Error
11591,U0937,2026-06-15 09:35:00,iOS,Exitoso
5231,U0669,2026-06-06 21:57:00,Web,Exitoso
773,,2026-06-01 23:32:00,Web,Error
15495,,2026-06-26 10:04:21,Web,Error
8470,U0843,2026-06-23 10:30:00,iOS,Exitoso
8440,U0729,2026-06-17 11:36:00,Web,Exitoso
4180,,2026-06-06 23:29:00,Web,Error
9519,U0853,2026-06-10 12:56:00,iOS,Exitoso
15333,,2026-06-26 10:10:54,Web,Error
5135,U0669,2026-06-23 06:32:00,iOS,Exitoso
642,,2026-06-07 08:15:00,Web,Error
15149,,2026-06-26 10:01:04,Web,Error
8785,U0493,2026-06-18 06:21:00,iOS,Exitoso
15964,,2026-06-26 10:17:20,Web,Error
6294,U0902,2026-06-02 10:36:00,Web,Exitoso
11926,U0754,2026-06-18 15:05:00,Android,Exitoso
3517,U0060,2026-06-18 12:11:00,Web,Error
14112,U0497,2026-06-07 02:43:00,Web,Exitoso
10882,U0766,2026-06-19 01:30:00,Android,Exitoso
15809,,2026-06-26 10:03:36,Web,Error
296,,2026-06-16 12:06:00,Web,Error
10149,U0812,2026-06-04 17:48:00,iOS,Exitoso
8011,U0638,2026-06-07 17:25:00,Android,Exitoso
10560,U0549,2026-06-27 15:54:00,Android,Exitoso
11567,U0532,2026-06-16 17:30:00,Android,Exitoso
13391,U0572,2026-06-12 14:25:00,Android,Exitoso
10963,U0527,2026-06-20 05:50:00,iOS,Exitoso
2172,U0035,2026-06-11 04:25:00,iOS,Error
12846,U0947,2026-06-05 14:54:00,Web,Exitoso
15308,,2026-06-26 10:00:13,Web,Error
8293,U0553,2026-06-07 11:47:00,iOS,Exitoso
2690,U0124,2026-06-16 01:12:00,Android,Error
11868,U0799,2026-06-07 00:01:00,iOS,Exitoso
2758,,2026-06-11 00:59:00,Web,Error
10456,U0762,2026-06-17 14:52:00,iOS,Exitoso
12683,U0631,2026-06-24 02:43:00,Android,Exitoso
13271,U0767,2026-06-13 01:58:00,iOS,Exitoso
8904,U0949,2026-06-21 15:48:00,iOS,Exitoso
10969,U0734,2026-06-09 09:10:00,Android,Exitoso
2057,U0128,2026-06-12 09:40:00,iOS,Error
458,,2026-06-22 00:23:00,Android,Error
13335,U0643,2026-06-09 00:27:00,iOS,Exitoso
3057,U0828,2026-06-19 00:01:00,Web,Error
11071,U0901,2026-06-15 06:15:00,Web,Exitoso
762,,2026-06-20 21:56:00,iOS,Error
5918,U0928,2026-06-09 11:02:00,Web,Exitoso
12755,U0519,2026-06-07 02:08:00,Web,Exitoso
14665,U0663,2026-06-20 02:49:00,Web,Exitoso
10797,U0777,2026-06-04 15:08:00,Web,Exitoso
5151,U0987,2026-06-05 05:17:00,Web,Exitoso
10857,U0840,2026-06-16 17:59:00,Web,Exitoso
6188,U0837,2026-06-24 00:37:00,iOS,Exitoso
4402,U0259,2026-06-20 07:04:00,iOS,Error
8739,U0565,2026-06-18 16:16:00,Web,Exitoso
15965,,2026-06-26 10:09:31,Web,Error
4726,U0798,2026-06-05 23:19:00,Web,Error
7796,U0796,2026-06-18 10:55:00,iOS,Exitoso
15614,,2026-06-26 10:08:22,Web,Error
4117,U0003,2026-06-11 19:39:00,Android,Error
10518,U0954,2026-06-16 12:31:00,Web,Exitoso
7994,U0547,2026-06-21 05:24:00,Android,Exitoso
8657,U0619,2026-06-18 22:08:00,Web,Exitoso
14468,U0606,2026-06-22 00:55:00,iOS,Exitoso
13755,U0805,2026-06-22 18:05:00,iOS,Exitoso
5645,U0996,2026-06-22 12:26:00,Android,Exitoso
14612,U0752,2026-06-06 09:01:00,Android,Exitoso
7200,U0571,2026-06-07 20:56:00,Android,Exitoso
12326,U0986,2026-06-17 20:13:00,Web,Exitoso
897,,2026-06-01 23:09:00,Web,Error
13553,U0710,2026-06-09 19:36:00,iOS,Exitoso
4833,U0082,2026-06-11 23:21:00,iOS,Error
4078,U0990,2026-06-19 08:03:00,Web,Error
10551,U0975,2026-06-24 10:22:00,Android,Exitoso
7322,U0973,2026-06-09 04:05:00,Web,Exitoso
358,,2026-06-26 19:30:00,iOS,Error
10163,U0946,2026-06-23 17:00:00,iOS,Exitoso
12856,U0518,2026-06-20 23:21:00,iOS,Exitoso
7279,U0554,2026-06-20 08:17:00,Web,Exitoso
6281,U0471,2026-06-20 16:05:00,Web,Exitoso
13306,U0794,2026-06-21 05:50:00,iOS,Exitoso
14337,U0852,2026-06-15 08:09:00,iOS,Exitoso
5762,U0833,2026-06-17 08:56:00,iOS,Exitoso
2085,U0423,2026-06-24 20:26:00,iOS,Error
2217,U0294,2026-06-22 18:18:00,Android,Error
12677,U0486,2026-06-28 02:32:00,iOS,Exitoso
15411,,2026-06-26 10:09:03,Web,Error
6562,U0646,2026-06-16 11:26:00,iOS,Exitoso
11158,U0679,2026-06-24 09:52:00,Web,Exitoso
16445,U0480,2026-06-26 10:05:41,Web,Error
4729,,2026-06-08 01:05:00,Web,Error
13759,U0847,2026-06-20 13:51:00,Web,Exitoso
2976,U0421,2026-06-19 18:08:00,iOS,Error
5795,U0829,2026-06-10 14:17:00,Android,Exitoso
10503,U0663,2026-06-21 04:36:00,Android,Exitoso
3567,U0436,2026-06-22 17:26:00,iOS,Error
6476,U0508,2026-06-10 01:13:00,iOS,Exitoso
6705,U0753,2026-06-02 15:32:00,iOS,Exitoso
11199,U0599,2026-06-02 20:50:00,Web,Exitoso
10002,U0751,2026-06-12 07:09:00,Web,Exitoso
15983,,2026-06-26 10:28:39,Web,Error
4325,U0270,2026-06-12 06:29:00,iOS,Error
2662,U0105,2026-06-11 00:57:00,Android,Error
5718,U0500,2026-06-13 11:38:00,Web,Exitoso
5254,U0950,2026-06-17 00:36:00,Android,Exitoso
512,,2026-06-04 12:46:00,Web,Error
1653,,2026-06-19 00:52:00,Android,Error
5235,U0894,2026-06-16 21:06:00,iOS,Exitoso
8609,U0712,2026-06-27 16:07:00,Android,Exitoso
13258,U0838,2026-06-25 16:59:00,Web,Exitoso
6953,U0957,2026-06-21 00:25:00,iOS,Exitoso
11094,U0486,2026-06-22 21:37:00,iOS,Exitoso
15571,,2026-06-26 10:01:12,Web,Error
14552,U0802,2026-06-27 00:57:00,iOS,Exitoso
6446,U0948,2026-06-22 09:51:00,Web,Exitoso
5769,U0554,2026-06-16 01:45:00,Web,Exitoso
9362,U0614,2026-06-07 00:47:00,iOS,Exitoso
2013,U0110,2026-06-10 08:48:00,Android,Error
10323,U0702,2026-06-01 06:06:00,Web,Exitoso
5713,U0977,2026-06-15 05:22:00,Android,Exitoso
2513,U0518,2026-06-04 04:27:00,Web,Error
2227,,2026-06-12 06:20:00,Android,Error
711,U0046,2026-06-21 22:19:00,iOS,Error
10309,U0976,2026-06-15 16:37:00,Android,Exitoso
7491,U0503,2026-06-10 05:01:00,Web,Exitoso
4434,U0498,2026-06-18 14:26:00,Web,Error
12271,U0613,2026-06-17 13:16:00,Web,Exitoso
6244,U0826,2026-06-27 13:36:00,Web,Exitoso
7311,U0989,2026-06-19 01:57:00,Web,Exitoso
13824,U0711,2026-06-01 20:18:00,Android,Exitoso
16110,,2026-06-26 10:14:50,Web,Error
9547,U0490,2026-06-13 16:25:00,Android,Exitoso
6751,U0940,2026-06-08 21:07:00,Web,Exitoso
3292,U0818,2026-06-15 11:44:00,Web,Error
16424,U0677,2026-06-26 10:04:05,Web,Error
9916,U0932,2026-06-27 17:25:00,Web,Exitoso
13293,U0874,2026-06-01 04:48:00,iOS,Exitoso
12426,U0920,2026-06-16 23:16:00,Android,Exitoso
14904,U0555,2026-06-08 05:52:00,iOS,Exitoso
5121,U0925,2026-06-07 15:16:00,iOS,Exitoso
689,U0556,2026-06-13 01:36:00,iOS,Error
14890,U0596,2026-06-24 02:58:00,iOS,Exitoso
7141,U0921,2026-06-08 17:15:00,iOS,Exitoso
10199,U0822,2026-06-09 10:25:00,Web,Exitoso
9534,U0624,2026-06-28 12:47:00,iOS,Exitoso
16088,,2026-06-26 10:28:38,Web,Error
2610,,2026-06-05 10:03:00,Web,Error
3861,U0371,2026-06-25 16:01:00,iOS,Error
6973,U0495,2026-06-01 18:27:00,Web,Exitoso
14799,U0525,2026-06-18 23:31:00,iOS,Exitoso
2750,,2026-06-01 19:57:00,Web,Error
2640,,2026-06-05 22:46:00,Android,Error
8976,U0848,2026-06-01 05:58:00,iOS,Exitoso
13446,U0802,2026-06-21 02:48:00,Android,Exitoso
907,U0711,2026-06-20 09:00:00,Web,Error
6050,U0914,2026-06-19 22:23:00,Android,Exitoso
12249,U0797,2026-06-16 11:35:00,Android,Exitoso
12495,U0956,2026-06-13 09:44:00,Android,Exitoso
777,U0166,2026-06-12 13:09:00,Android,Error
12517,U0822,2026-06-04 20:11:00,Android,Exitoso
7822,U0935,2026-06-05 07:16:00,Web,Exitoso
10243,U0669,2026-06-07 01:19:00,Android,Exitoso
11595,U0476,2026-06-13 12:17:00,Android,Exitoso
13903,U0803,2026-06-26 06:31:00,Android,Exitoso
8366,U0600,2026-06-28 13:15:00,Android,Exitoso
10317,U0743,2026-06-15 15:04:00,iOS,Exitoso
2962,U0042,2026-06-19 19:24:00,iOS,Error
1270,U0571,2026-06-02 05:16:00,Web,Error
10384,U0610,2026-06-01 14:12:00,iOS,Exitoso
10659,U0659,2026-06-13 12:01:00,Web,Exitoso
54,,2026-06-07 09:32:00,Web,Error
14527,U0884,2026-06-19 08:18:00,iOS,Exitoso
4471,U0161,2026-06-06 23:07:00,Web,Error
4511,U0175,2026-06-24 16:24:00,Android,Error
2401,U0450,2026-06-27 01:28:00,iOS,Error
12423,U0795,2026-06-10 11:10:00,iOS,Exitoso
4652,U0300,2026-06-04 04:18:00,iOS,Error
13072,U0483,2026-06-06 22:53:00,Web,Exitoso
4091,,2026-06-05 13:01:00,Web,Error
12583,U0823,2026-06-02 14:20:00,iOS,Exitoso
12247,U0584,2026-06-16 03:05:00,iOS,Exitoso
2534,U0421,2026-06-13 20:29:00,Android,Error
12609,U0861,2026-06-21 05:02:00,Android,Exitoso
15507,,2026-06-26 10:01:15,Web,Error
11238,U0586,2026-06-06 03:00:00,Android,Exitoso
4372,,2026-06-13 11:30:00,Web,Error
11927,U0615,2026-06-10 02:52:00,Web,Exitoso
1604,U0926,2026-06-21 02:42:00,iOS,Error
12641,U0545,2026-06-10 19:03:00,Web,Exitoso
4245,U0428,2026-06-12 19:40:00,iOS,Error
2220,U0074,2026-06-03 05:05:00,Web,Error
14990,U0989,2026-06-01 05:03:00,Android,Exitoso
16119,,2026-06-26 10:25:56,Web,Error
6439,U0536,2026-06-05 22:21:00,iOS,Exitoso
8084,U0795,2026-06-05 20:32:00,iOS,Exitoso
13990,U0821,2026-06-24 00:54:00,iOS,Exitoso
3834,U0532,2026-06-04 13:21:00,iOS,Error
14444,U0628,2026-06-02 22:48:00,Web,Exitoso
9503,U0847,2026-06-15 18:13:00,Android,Exitoso
11718,U0891,2026-06-19 02:26:00,Android,Exitoso
4659,,2026-06-20 10:35:00,Web,Error
16237,U0602,2026-06-26 10:18:09,Web,Error
1692,,2026-06-19 16:20:00,Web,Error
8158,U0654,2026-06-15 12:31:00,Android,Exitoso
12573,U0561,2026-06-15 20:28:00,Web,Exitoso
10288,U0668,2026-06-18 20:59:00,iOS,Exitoso
13801,U0864,2026-06-21 16:05:00,Web,Exitoso
13720,U0802,2026-06-25 17:32:00,Web,Exitoso
4095,,2026-06-21 01:25:00,Web,Error
14696,U0478,2026-06-22 18:55:00,Web,Exitoso
5486,U0550,2026-06-06 16:56:00,Android,Exitoso
3238,U0434,2026-06-28 02:25:00,Android,Error
3856,U0226,2026-06-15 00:29:00,Web,Error
213,,2026-06-02 05:12:00,Android,Error
10657,U0686,2026-06-16 20:08:00,Android,Exitoso
9353,U0726,2026-06-25 22:12:00,Web,Exitoso
7426,U0523,2026-06-07 06:07:00,Web,Exitoso
4332,,2026-06-10 04:10:00,Web,Error
4996,U0008,2026-06-05 12:25:00,Web,Error
6590,U0955,2026-06-18 03:01:00,Android,Exitoso
4443,U0209,2026-06-16 15:18:00,Android,Error
15307,,2026-06-26 10:08:10,Web,Error
11053,U0690,2026-06-20 12:36:00,iOS,Exitoso
15371,,2026-06-26 10:12:59,Web,Error
3049,U0442,2026-06-14 01:33:00,Android,Error
794,U0900,2026-06-04 22:14:00,Web,Error
3699,U0049,2026-06-23 02:51:00,Web,Error
4154,U0379,2026-06-03 09:25:00,Web,Error
14149,U0968,2026-06-18 07:19:00,Web,Exitoso
8450,U0993,2026-06-26 15:38:00,Web,Exitoso
8559,U0730,2026-06-19 13:46:00,Web,Exitoso
12634,U0768,2026-06-18 05:17:00,Web,Exitoso
9351,U0631,2026-06-21 03:55:00,Web,Exitoso
437,,2026-06-24 15:28:00,Web,Error
9974,U0639,2026-06-23 05:24:00,iOS,Exitoso
1354,U0263,2026-06-04 10:39:00,iOS,Error
14928,U0569,2026-06-05 01:40:00,Android,Exitoso
14237,U0627,2026-06-14 23:52:00,Web,Exitoso
15418,,2026-06-26 10:29:02,Web,Error
6477,U0601,2026-06-05 05:23:00,iOS,Exitoso
728,,2026-06-02 07:49:00,Android,Error
1090,U0013,2026-06-23 19:55:00,Android,Error
11046,U0687,2026-06-08 07:19:00,Android,Exitoso
15718,,2026-06-26 10:13:55,Web,Error
6086,U0834,2026-06-01 13:27:00,Web,Exitoso
8515,U0622,2026-06-16 17:58:00,Android,Exitoso
3054,U0142,2026-06-27 05:57:00,Android,Error
5983,U0845,2026-06-16 12:59:00,Web,Exitoso
15024,,2026-06-26 10:08:51,Web,Error
13238,U0713,2026-06-17 13:45:00,Android,Exitoso
11393,U0694,2026-06-21 00:03:00,Android,Exitoso
7815,U0462,2026-06-19 10:11:00,Web,Exitoso
6960,U0850,2026-06-02 01:24:00,Android,Exitoso
11413,U0866,2026-06-20 22:21:00,iOS,Exitoso
5845,U0923,2026-06-17 16:11:00,Web,Exitoso
5941,U0768,2026-06-09 05:58:00,Web,Exitoso
12863,U0868,2026-06-13 08:47:00,Web,Exitoso
1622,U0257,2026-06-11 19:35:00,Web,Error
2606,U0868,2026-06-15 09:25:00,Web,Error
10633,U0482,2026-06-26 15:01:00,Web,Exitoso
10251,U0533,2026-06-12 12:19:00,Web,Exitoso
5538,U0866,2026-06-14 23:35:00,iOS,Exitoso
6793,U0901,2026-06-01 07:01:00,Web,Exitoso
11795,U0670,2026-06-27 18:19:00,iOS,Exitoso
13849,U0867,2026-06-07 21:46:00,Web,Exitoso
12171,U0555,2026-06-05 05:11:00,Web,Exitoso
13833,U0919,2026-06-07 20:44:00,iOS,Exitoso
8094,U0588,2026-06-13 06:59:00,iOS,Exitoso
9513,U0630,2026-06-15 09:15:00,iOS,Exitoso
10455,U0873,2026-06-25 03:07:00,Web,Exitoso
5620,U0761,2026-06-07 00:32:00,iOS,Exitoso
7266,U0821,2026-06-04 00:47:00,iOS,Exitoso
14688,U0865,2026-06-27 18:44:00,iOS,Exitoso
1992,U0033,2026-06-25 07:59:00,Web,Error
5328,U0745,2026-06-22 08:09:00,Android,Exitoso
9123,U0636,2026-06-23 19:31:00,iOS,Exitoso
2026,U0037,2026-06-17 09:11:00,iOS,Error
3638,U0270,2026-06-17 14:52:00,Web,Error
2147,U0240,2026-06-12 20:54:00,Android,Error
15938,,2026-06-26 10:23:24,Web,Error
9879,U0579,2026-06-01 08:34:00,Web,Exitoso
13508,U0516,2026-06-25 20:59:00,Web,Exitoso
3195,U0051,2026-06-01 01:50:00,Web,Error
171,U0030,2026-06-02 09:17:00,Web,Error
5729,U0522,2026-06-03 22:35:00,iOS,Exitoso
12729,U0790,2026-06-14 09:51:00,Android,Exitoso
5343,U0815,2026-06-17 02:23:00,Web,Exitoso
14162,U0682,2026-06-18 18:38:00,Android,Exitoso
865,U0170,2026-06-16 23:24:00,Web,Error
12062,U0669,2026-06-13 15:29:00,Android,Exitoso
12718,U0799,2026-06-11 07:47:00,iOS,Exitoso
13379,U0524,2026-06-23 22:40:00,iOS,Exitoso
4852,U0265,2026-06-26 13:40:00,Web,Error
10992,U0958,2026-06-03 15:29:00,Web,Exitoso
8555,U0857,2026-06-04 12:35:00,Android,Exitoso
14391,U0786,2026-06-25 19:18:00,Web,Exitoso
10854,U0522,2026-06-10 11:21:00,Android,Exitoso
9617,U0824,2026-06-21 08:24:00,Android,Exitoso
14801,U0516,2026-06-25 09:45:00,Android,Exitoso
5664,U0774,2026-06-09 06:40:00,Android,Exitoso
9064,U0881,2026-06-19 06:03:00,Android,Exitoso
8060,U0648,2026-06-24 23:08:00,Android,Exitoso
12374,U0957,2026-06-06 14:34:00,iOS,Exitoso
9367,U0726,2026-06-09 04:17:00,Web,Exitoso
1117,,2026-06-25 18:41:00,Web,Error
14584,U0515,2026-06-08 16:14:00,iOS,Exitoso
3458,,2026-06-18 23:49:00,Web,Error
1824,U0347,2026-06-14 00:37:00,iOS,Error
10311,U0975,2026-06-22 05:05:00,Android,Exitoso
9874,U0594,2026-06-13 11:25:00,Web,Exitoso
10844,U0630,2026-06-05 07:53:00,iOS,Exitoso
15347,,2026-06-26 10:06:38,Web,Error
2021,U0286,2026-06-11 13:35:00,Android,Error
5614,U0679,2026-06-28 08:25:00,Web,Exitoso
13280,U0739,2026-06-10 05:51:00,iOS,Exitoso
10393,U0860,2026-06-07 03:18:00,Web,Exitoso
9022,U0804,2026-06-06 21:10:00,iOS,Exitoso
4964,U0849,2026-06-26 04:19:00,Web,Error
7110,U0710,2026-06-18 20:42:00,Web,Exitoso
4391,,2026-06-04 17:04:00,Web,Error
410,U0272,2026-06-22 06:22:00,iOS,Error
6564,U0605,2026-06-27 16:48:00,iOS,Exitoso
1408,U0065,2026-06-03 12:37:00,Web,Error
11988,U0665,2026-06-22 17:26:00,iOS,Exitoso
7903,U0501,2026-06-14 14:39:00,Web,Exitoso
11636,U0672,2026-06-14 02:45:00,Android,Exitoso
13092,U0805,2026-06-23 04:57:00,iOS,Exitoso
7242,U0885,2026-06-28 06:49:00,iOS,Exitoso
14486,U0838,2026-06-09 01:12:00,Web,Exitoso
11863,U0577,2026-06-03 06:01:00,Android,Exitoso
169,,2026-06-17 11:16:00,Web,Error
5803,U0843,2026-06-14 02:18:00,Android,Exitoso
11812,U0852,2026-06-06 02:22:00,Android,Exitoso
15056,,2026-06-26 10:14:33,Web,Error
5820,U0578,2026-06-21 20:52:00,Web,Exitoso
10435,U0721,2026-06-19 20:00:00,Android,Exitoso
11319,U0811,2026-06-08 05:33:00,iOS,Exitoso
12807,U0536,2026-06-05 04:16:00,Web,Exitoso
13708,U0689,2026-06-21 15:58:00,iOS,Exitoso
6988,U0998,2026-06-10 22:19:00,Android,Exitoso
7501,U0581,2026-06-09 03:28:00,Web,Exitoso
316,U0410,2026-06-20 02:46:00,iOS,Error
4276,U0290,2026-06-07 08:47:00,iOS,Error
14839,U0850,2026-06-18 04:40:00,Android,Exitoso
1789,U0541,2026-06-28 07:19:00,iOS,Error
826,,2026-06-21 08:15:00,Web,Error
13881,U0784,2026-06-03 13:49:00,Web,Exitoso
10996,U0990,2026-06-27 21:40:00,iOS,Exitoso
4192,U0019,2026-06-04 14:01:00,Web,Error
1065,U0250,2026-06-01 20:07:00,iOS,Error
11663,U0656,2026-06-22 20:00:00,iOS,Exitoso
15122,,2026-06-26 10:12:52,Web,Error
5245,U0831,2026-06-24 22:35:00,iOS,Exitoso
4330,,2026-06-17 19:52:00,Web,Error
15152,,2026-06-26 10:27:40,Web,Error
13583,U0596,2026-06-11 20:44:00,iOS,Exitoso
9063,U0597,2026-06-01 17:22:00,Web,Exitoso
5313,U0809,2026-06-09 19:13:00,Web,Exitoso
6427,U0686,2026-06-11 15:43:00,Web,Exitoso
15867,,2026-06-26 10:18:41,Web,Error
5568,U0762,2026-06-18 22:45:00,Web,Exitoso
6895,U0580,2026-06-13 17:33:00,Android,Exitoso
8653,U0711,2026-06-07 10:05:00,Android,Exitoso
5087,U0717,2026-06-04 17:42:00,Web,Exitoso
16205,,2026-06-26 10:17:47,Web,Error
16490,U0689,2026-06-26 10:28:02,Web,Error
144,U0690,2026-06-08 03:11:00,Web,Error
7679,U0691,2026-06-13 07:30:00,Web,Exitoso
828,U0308,2026-06-11 01:32:00,iOS,Error
305,,2026-06-05 00:48:00,Web,Error
1159,,2026-06-22 13:38:00,iOS,Error
10013,U0738,2026-06-20 19:26:00,iOS,Exitoso
16036,,2026-06-26 10:24:53,Web,Error
3816,,2026-06-06 07:45:00,Web,Error
1853,U0395,2026-06-23 00:35:00,Web,Error
292,U0387,2026-06-17 00:56:00,Android,Error
7739,U0637,2026-06-06 17:05:00,Web,Exitoso
2378,U0633,2026-06-04 07:55:00,Web,Error
5596,U0728,2026-06-03 12:46:00,Android,Exitoso
12388,U0585,2026-06-13 18:00:00,Web,Exitoso
5187,U0797,2026-06-10 11:37:00,Web,Exitoso
8202,U0791,2026-06-02 16:49:00,Web,Exitoso
7970,U0729,2026-06-24 13:52:00,Android,Exitoso
11275,U0656,2026-06-01 16:58:00,iOS,Exitoso
8201,U0981,2026-06-09 01:37:00,Web,Exitoso
1264,,2026-06-21 12:41:00,Android,Error
9031,U0491,2026-06-01 13:57:00,Web,Exitoso
2234,U0317,2026-06-28 07:21:00,Android,Error
12568,U0992,2026-06-01 11:14:00,iOS,Exitoso
4595,,2026-06-09 12:29:00,Web,Error
8995,U0927,2026-06-15 07:23:00,Android,Exitoso
13360,U0936,2026-06-26 05:35:00,Android,Exitoso
2694,,2026-06-18 18:46:00,Web,Error
258,U0834,2026-06-25 16:19:00,Web,Error
2423,U0891,2026-06-19 00:04:00,iOS,Error
5299,U0935,2026-06-25 23:20:00,Android,Exitoso
13337,U0738,2026-06-17 08:01:00,Web,Exitoso
5127,U0995,2026-06-11 16:26:00,iOS,Exitoso
10855,U0858,2026-06-21 18:09:00,iOS,Exitoso
5561,U0548,2026-06-13 00:38:00,Android,Exitoso
9174,U0498,2026-06-27 23:25:00,iOS,Exitoso
8398,U0656,2026-06-08 01:55:00,Android,Exitoso
3106,,2026-06-09 13:33:00,Web,Error
2320,U0662,2026-06-03 05:33:00,Android,Error
14191,U0699,2026-06-16 20:43:00,Android,Exitoso
6225,U0581,2026-06-08 22:05:00,iOS,Exitoso
7277,U0619,2026-06-16 16:29:00,Android,Exitoso
9360,U0770,2026-06-15 10:39:00,iOS,Exitoso
2302,U0390,2026-06-17 17:21:00,iOS,Error
11030,U0711,2026-06-25 11:58:00,Web,Exitoso
121,U0289,2026-06-26 13:08:00,iOS,Error
8905,U0920,2026-06-09 21:14:00,iOS,Exitoso
6965,U0949,2026-06-12 03:59:00,Web,Exitoso
13048,U0473,2026-06-03 01:20:00,iOS,Exitoso
7880,U0728,2026-06-10 04:24:00,Web,Exitoso
5617,U0782,2026-06-14 14:00:00,Android,Exitoso
14345,U0674,2026-06-22 23:11:00,Web,Exitoso
5491,U0832,2026-06-10 05:15:00,Android,Exitoso
189,U0197,2026-06-23 05:51:00,iOS,Error
2018,U0009,2026-06-02 14:56:00,Android,Error
5950,U0734,2026-06-14 23:04:00,Android,Exitoso
11478,U0540,2026-06-07 16:12:00,iOS,Exitoso
8803,U0830,2026-06-24 15:57:00,Web,Exitoso
1434,U0306,2026-06-13 03:09:00,iOS,Error
10955,U0887,2026-06-05 21:28:00,iOS,Exitoso
13597,U0615,2026-06-28 00:23:00,iOS,Exitoso
14579,U0539,2026-06-28 16:53:00,Android,Exitoso
13223,U0649,2026-06-01 19:23:00,Android,Exitoso
3969,U0445,2026-06-18 04:34:00,Android,Error
7205,U0519,2026-06-17 00:37:00,Web,Exitoso
7179,U0859,2026-06-14 12:45:00,Web,Exitoso
10956,U0565,2026-06-16 19:47:00,Web,Exitoso
6832,U0484,2026-06-25 05:50:00,Web,Exitoso
9338,U0546,2026-06-16 09:38:00,iOS,Exitoso
12479,U0941,2026-06-13 21:43:00,Web,Exitoso
13763,U0768,2026-06-15 06:53:00,Android,Exitoso
16311,U0532,2026-06-26 10:15:58,Web,Error
12352,U0521,2026-06-28 05:24:00,iOS,Exitoso
15312,,2026-06-26 10:11:54,Web,Error
16410,U0721,2026-06-26 10:20:13,Web,Error
3347,U0242,2026-06-12 17:22:00,Android,Error
10628,U0628,2026-06-04 15:44:00,Web,Exitoso
14790,U0483,2026-06-02 19:22:00,Android,Exitoso
1716,,2026-06-23 10:53:00,Web,Error
1238,U0026,2026-06-27 06:14:00,Web,Error
1418,U0007,2026-06-08 06:57:00,Android,Error
5160,U0832,2026-06-24 12:32:00,Web,Exitoso
2806,U0143,2026-06-01 05:57:00,Web,Error
11098,U0892,2026-06-10 18:21:00,Android,Exitoso
2509,,2026-06-09 19:16:00,Android,Error
16191,,2026-06-26 10:02:22,Web,Error
1471,U0381,2026-06-24 07:44:00,iOS,Error
12736,U0944,2026-06-01 00:18:00,Web,Exitoso
10922,U0883,2026-06-09 06:22:00,Web,Exitoso
15969,,2026-06-26 10:26:09,Web,Error
4763,U0045,2026-06-20 03:46:00,iOS,Error
10024,U0477,2026-06-20 00:31:00,iOS,Exitoso
3635,U0124,2026-06-10 08:40:00,iOS,Error
16001,,2026-06-26 10:29:37,Web,Error
6297,U0717,2026-06-06 05:01:00,iOS,Exitoso
12735,U0633,2026-06-03 19:04:00,iOS,Exitoso
1139,U0026,2026-06-02 01:21:00,Android,Error
2713,,2026-06-20 21:43:00,Web,Error
9177,U0707,2026-06-23 02:12:00,Android,Exitoso
4806,U0531,2026-06-16 10:54:00,Web,Error
10113,U0994,2026-06-21 16:54:00,Android,Exitoso
3229,,2026-06-23 17:35:00,Web,Error
10436,U0779,2026-06-27 15:53:00,iOS,Exitoso
3554,U0547,2026-06-26 15:45:00,iOS,Error
12172,U0935,2026-06-03 12:04:00,Web,Exitoso
13022,U0928,2026-06-05 00:23:00,iOS,Exitoso
10791,U0960,2026-06-04 07:43:00,Web,Exitoso
2996,U0849,2026-06-04 19:08:00,Web,Error
1330,U0586,2026-06-08 22:44:00,iOS,Error
2216,U0038,2026-06-01 00:18:00,Web,Error
8547,U0991,2026-06-10 15:43:00,Web,Exitoso
11414,U0865,2026-06-08 16:44:00,Web,Exitoso
394,,2026-06-26 15:46:00,Web,Error
10618,U0979,2026-06-05 22:52:00,Web,Exitoso
15955,,2026-06-26 10:17:25,Web,Error
2978,U0856,2026-06-03 16:47:00,Web,Error
1347,,2026-06-20 10:13:00,iOS,Error
12653,U0535,2026-06-28 02:05:00,iOS,Exitoso
9542,U0664,2026-06-14 00:46:00,Android,Exitoso
15057,,2026-06-26 10:26:32,Web,Error
1466,U0445,2026-06-03 03:07:00,Web,Error
2999,U0444,2026-06-12 20:49:00,Web,Error
11616,U0458,2026-06-21 15:03:00,Android,Exitoso
8891,U0539,2026-06-15 22:00:00,iOS,Exitoso
3808,U0760,2026-06-05 17:36:00,Android,Error
9176,U0801,2026-06-11 16:14:00,iOS,Exitoso
218,U0292,2026-06-16 12:14:00,Web,Error
13596,U0870,2026-06-26 11:23:00,iOS,Exitoso
13229,U0564,2026-06-19 02:48:00,Android,Exitoso
9860,U0944,2026-06-16 20:07:00,Web,Exitoso
5745,U0578,2026-06-18 01:17:00,Web,Exitoso
15822,,2026-06-26 10:27:25,Web,Error
5739,U0554,2026-06-14 03:51:00,Web,Exitoso
1239,U0041,2026-06-22 02:24:00,Android,Error
9420,U0672,2026-06-11 00:48:00,Web,Exitoso
6611,U0771,2026-06-15 08:04:00,Web,Exitoso
10717,U0718,2026-06-05 13:54:00,Android,Exitoso
8772,U0702,2026-06-10 22:49:00,Web,Exitoso
14849,U0573,2026-06-15 16:28:00,Web,Exitoso
6453,U0700,2026-06-10 22:43:00,iOS,Exitoso
5246,U0723,2026-06-01 02:29:00,Web,Exitoso
1243,U0809,2026-06-05 02:36:00,Android,Error
13259,U0546,2026-06-21 19:45:00,Web,Exitoso
10443,U0520,2026-06-02 09:28:00,Android,Exitoso
13665,U0941,2026-06-04 19:26:00,Web,Exitoso
8303,U0851,2026-06-01 16:49:00,Web,Exitoso
13760,U0680,2026-06-13 18:04:00,iOS,Exitoso
10401,U0536,2026-06-19 23:02:00,Android,Exitoso
7564,U0690,2026-06-25 03:08:00,Android,Exitoso
4639,,2026-06-22 15:54:00,Web,Error
7339,U0696,2026-06-22 20:14:00,iOS,Exitoso
11369,U0626,2026-06-02 06:57:00,Android,Exitoso
13185,U0866,2026-06-03 10:01:00,Web,Exitoso
2547,,2026-06-16 12:05:00,Web,Error
3564,U0554,2026-06-14 00:49:00,Web,Error
16153,,2026-06-26 10:17:42,Web,Error
15018,,2026-06-26 10:28:59,Web,Error
1547,U0381,2026-06-02 10:47:00,Web,Error
10672,U0906,2026-06-03 10:11:00,Android,Exitoso
713,U0136,2026-06-03 20:16:00,Web,Error
5134,U0959,2026-06-23 02:09:00,iOS,Exitoso
11047,U0505,2026-06-01 05:27:00,iOS,Exitoso
5624,U0916,2026-06-02 12:33:00,iOS,Exitoso
4984,U0082,2026-06-03 03:43:00,Android,Error
15251,,2026-06-26 10:21:15,Web,Error
8343,U0921,2026-06-24 14:21:00,Android,Exitoso
14183,U0707,2026-06-03 07:56:00,Web,Exitoso
13622,U0719,2026-06-14 20:22:00,iOS,Exitoso
8778,U0640,2026-06-23 18:37:00,Android,Exitoso
3135,U0358,2026-06-06 20:02:00,Android,Error
12728,U0804,2026-06-02 04:33:00,Web,Exitoso
102,U0197,2026-06-10 20:55:00,Web,Error
14805,U0967,2026-06-22 15:07:00,Android,Exitoso
13733,U0993,2026-06-02 12:38:00,iOS,Exitoso
12289,U0790,2026-06-15 12:13:00,Web,Exitoso
15109,,2026-06-26 10:20:21,Web,Error
5724,U0548,2026-06-13 17:52:00,iOS,Exitoso
13689,U0751,2026-06-04 17:49:00,Android,Exitoso
14541,U0971,2026-06-25 21:25:00,iOS,Exitoso
10221,U0928,2026-06-18 05:04:00,iOS,Exitoso
9202,U0857,2026-06-16 05:11:00,Web,Exitoso
3650,U0633,2026-06-14 18:00:00,Android,Error
6730,U0782,2026-06-25 07:23:00,Android,Exitoso
15068,,2026-06-26 10:16:52,Web,Error
16028,,2026-06-26 10:10:16,Web,Error
14718,U0915,2026-06-04 02:45:00,Android,Exitoso
1455,,2026-06-25 13:00:00,Web,Error
10612,U0604,2026-06-19 06:44:00,Web,Exitoso
9859,U0471,2026-06-02 07:36:00,iOS,Exitoso
11645,U0993,2026-06-23 03:07:00,Web,Exitoso
14042,U0743,2026-06-06 10:23:00,iOS,Exitoso
111,U0599,2026-06-18 16:20:00,Android,Error
71,U0020,2026-06-04 05:55:00,Android,Error
8209,U0809,2026-06-19 15:00:00,iOS,Exitoso
9954,U0854,2026-06-07 03:19:00,iOS,Exitoso
11638,U0927,2026-06-21 16:24:00,Web,Exitoso
6123,U0679,2026-06-01 17:00:00,Web,Exitoso
5177,U0707,2026-06-26 04:16:00,Web,Exitoso
11142,U0461,2026-06-06 08:51:00,iOS,Exitoso
15241,,2026-06-26 10:06:49,Web,Error
5997,U0528,2026-06-26 07:58:00,Android,Exitoso
11399,U0795,2026-06-17 03:37:00,iOS,Exitoso
2382,U0228,2026-06-19 12:40:00,Android,Error
1306,U0328,2026-06-15 12:35:00,iOS,Error
3210,,2026-06-24 00:25:00,Web,Error
277,U0073,2026-06-03 23:26:00,Web,Error
15602,,2026-06-26 10:05:55,Web,Error
3693,U0091,2026-06-26 19:31:00,Web,Error
9217,U0679,2026-06-15 01:28:00,Web,Exitoso
6344,U0562,2026-06-03 19:36:00,Android,Exitoso
11227,U0993,2026-06-07 20:49:00,Android,Exitoso
955,U0419,2026-06-11 14:19:00,iOS,Error
1440,U0565,2026-06-03 09:44:00,Web,Error
2351,U0394,2026-06-16 17:51:00,iOS,Error
5541,U0863,2026-06-16 09:11:00,iOS,Exitoso
13287,U0925,2026-06-14 21:21:00,Web,Exitoso
1990,U0857,2026-06-24 20:44:00,Web,Error
2054,U0304,2026-06-14 14:49:00,Android,Error
14186,U0553,2026-06-19 07:39:00,Android,Exitoso
9834,U0911,2026-06-18 13:46:00,Web,Exitoso
11898,U0602,2026-06-19 12:42:00,Web,Exitoso
9487,U0828,2026-06-28 14:05:00,Android,Exitoso
6375,U0949,2026-06-01 10:20:00,Web,Exitoso
11798,U0837,2026-06-21 13:41:00,Web,Exitoso
13132,U0651,2026-06-21 11:01:00,iOS,Exitoso
330,,2026-06-09 12:58:00,Web,Error
2439,,2026-06-26 23:23:00,Web,Error
11872,U0822,2026-06-27 10:40:00,Android,Exitoso
7783,U0575,2026-06-06 22:58:00,Android,Exitoso
3147,U0053,2026-06-14 17:52:00,Web,Error
1709,U0087,2026-06-08 17:31:00,Android,Error
10378,U0608,2026-06-07 01:07:00,Web,Exitoso
6413,U0974,2026-06-07 18:03:00,Web,Exitoso
3082,,2026-06-10 23:42:00,Web,Error
6903,U0894,2026-06-04 03:48:00,Android,Exitoso
1694,U0324,2026-06-28 00:03:00,Android,Error
5550,U0915,2026-06-18 20:18:00,Android,Exitoso
884,U0363,2026-06-13 17:50:00,Android,Error
8549,U0967,2026-06-19 19:45:00,Web,Exitoso
10085,U0916,2026-06-28 00:28:00,Android,Exitoso
4577,U0855,2026-06-14 16:21:00,Web,Error
8554,U0453,2026-06-25 16:17:00,iOS,Exitoso
13572,U0466,2026-06-06 19:02:00,Android,Exitoso
22,,2026-06-19 16:22:00,Android,Error
13839,U0679,2026-06-01 09:35:00,iOS,Exitoso
9350,U0581,2026-06-11 16:46:00,iOS,Exitoso
4397,,2026-06-22 03:39:00,Web,Error
3425,U0816,2026-06-06 22:17:00,Android,Error
6714,U1000,2026-06-04 01:31:00,iOS,Exitoso
8360,U0921,2026-06-12 09:21:00,Web,Exitoso
14574,U0572,2026-06-23 17:52:00,iOS,Exitoso
15906,,2026-06-26 10:04:16,Web,Error
1192,U0211,2026-06-11 20:42:00,Android,Error
13618,U0870,2026-06-14 12:52:00,Web,Exitoso
3494,,2026-06-06 06:47:00,Web,Error
8156,U0928,2026-06-02 21:15:00,iOS,Exitoso
6544,U0714,2026-06-22 18:24:00,Android,Exitoso
1708,U0975,2026-06-25 19:59:00,Web,Error
12915,U0650,2026-06-18 20:23:00,Web,Exitoso
7271,U0694,2026-06-13 20:26:00,Android,Exitoso
15848,,2026-06-26 10:02:53,Web,Error
7,,2026-06-07 03:36:00,Android,Error
15608,,2026-06-26 10:08:14,Web,Error
11451,U0646,2026-06-06 15:13:00,Web,Exitoso
12141,U0639,2026-06-15 01:19:00,iOS,Exitoso
4437,,2026-06-15 14:40:00,Web,Error
12235,U0940,2026-06-05 00:29:00,iOS,Exitoso
3713,,2026-06-22 23:00:00,Web,Error
5349,U0694,2026-06-16 02:24:00,Android,Exitoso
14123,U0978,2026-06-18 05:39:00,Web,Exitoso
14379,U0802,2026-06-16 06:39:00,Android,Exitoso
570,U0203,2026-06-27 23:12:00,iOS,Error
2720,U0905,2026-06-13 02:23:00,Web,Error
14886,U0943,2026-06-01 07:51:00,iOS,Exitoso
10342,U0570,2026-06-15 00:31:00,iOS,Exitoso
11404,U0461,2026-06-21 11:29:00,Android,Exitoso
8666,U0584,2026-06-15 07:38:00,Web,Exitoso
14813,U0611,2026-06-23 13:53:00,Web,Exitoso
15526,,2026-06-26 10:04:29,Web,Error
8781,U0550,2026-06-15 18:59:00,Android,Exitoso
6727,U0809,2026-06-27 00:35:00,Web,Exitoso
3711,,2026-06-12 00:15:00,Web,Error
11887,U0522,2026-06-20 18:32:00,iOS,Exitoso
5686,U0758,2026-06-08 14:40:00,Web,Exitoso
7549,U0755,2026-06-22 05:05:00,Android,Exitoso
15967,,2026-06-26 10:08:26,Web,Error
12159,U0956,2026-06-28 12:42:00,Android,Exitoso
5776,U0998,2026-06-11 13:28:00,Web,Exitoso
11484,U0995,2026-06-11 15:23:00,iOS,Exitoso
13958,U0706,2026-06-16 18:09:00,Web,Exitoso
8619,U0785,2026-06-09 22:00:00,iOS,Exitoso
3518,U0058,2026-06-15 18:06:00,Android,Error
5237,U0748,2026-06-10 20:15:00,Android,Exitoso
8182,U0849,2026-06-22 15:14:00,Web,Exitoso
5621,U0575,2026-06-02 06:17:00,Android,Exitoso
6873,U0920,2026-06-06 05:52:00,Android,Exitoso
15341,,2026-06-26 10:03:38,Web,Error
6135,U0600,2026-06-07 14:18:00,Web,Exitoso
14397,U0943,2026-06-16 06:47:00,iOS,Exitoso
11218,U0753,2026-06-07 19:19:00,iOS,Exitoso
14646,U0662,2026-06-01 15:32:00,Android,Exitoso
4870,U0445,2026-06-27 17:15:00,iOS,Error
16370,U0828,2026-06-26 10:12:04,Web,Error
2130,U0120,2026-06-10 08:18:00,iOS,Error
2859,,2026-06-01 02:43:00,Web,Error
6842,U0529,2026-06-06 20:19:00,Android,Exitoso
9393,U0729,2026-06-13 00:30:00,Web,Exitoso
6390,U0825,2026-06-26 15:45:00,Android,Exitoso
1535,U0229,2026-06-19 19:16:00,Android,Error
16330,U0760,2026-06-26 10:06:42,Web,Error
16506,U0474,2026-06-26 10:06:06,Web,Error
14715,U0668,2026-06-23 13:23:00,Web,Exitoso
14586,U0892,2026-06-16 04:40:00,iOS,Exitoso
10805,U0764,2026-06-05 02:21:00,iOS,Exitoso
6700,U0640,2026-06-03 12:03:00,Web,Exitoso
1491,,2026-06-11 12:02:00,Web,Error
5962,U0562,2026-06-12 19:00:00,Web,Exitoso
12116,U0880,2026-06-27 22:20:00,Android,Exitoso
8286,U0917,2026-06-03 17:42:00,iOS,Exitoso
499,,2026-06-05 11:40:00,iOS,Error
11738,U0621,2026-06-26 15:59:00,iOS,Exitoso
966,U0973,2026-06-09 23:57:00,Web,Error
9435,U0576,2026-06-02 09:05:00,Web,Exitoso
14025,U0721,2026-06-13 13:35:00,Android,Exitoso
3043,U0801,2026-06-19 16:17:00,Web,Error
4549,U0053,2026-06-14 23:15:00,Web,Error
12398,U0937,2026-06-21 00:40:00,iOS,Exitoso
9001,U0746,2026-06-16 21:48:00,Android,Exitoso
4989,U0461,2026-06-05 09:44:00,Web,Error
14840,U0842,2026-06-14 17:08:00,Web,Exitoso
12444,U0760,2026-06-03 09:21:00,iOS,Exitoso
11467,U0979,2026-06-08 16:56:00,Android,Exitoso
3991,U0169,2026-06-02 06:47:00,iOS,Error
1568,U0692,2026-06-13 12:33:00,Android,Error
1627,,2026-06-03 20:37:00,Web,Error
1201,U0081,2026-06-14 07:40:00,Web,Error
14211,U0736,2026-06-05 05:43:00,iOS,Exitoso
2094,U0229,2026-06-16 08:30:00,iOS,Error
14666,U0621,2026-06-16 21:12:00,iOS,Exitoso
1759,U0994,2026-06-26 21:19:00,Web,Error
15479,,2026-06-26 10:20:12,Web,Error
12307,U0822,2026-06-04 00:08:00,Android,Exitoso
12886,U0820,2026-06-16 13:35:00,Web,Exitoso
3193,,2026-06-03 03:53:00,Web,Error
6032,U0691,2026-06-23 02:42:00,iOS,Exitoso
15842,,2026-06-26 10:20:53,Web,Error
3928,U0100,2026-06-16 01:07:00,iOS,Error
9085,U0867,2026-06-28 02:08:00,Web,Exitoso
3960,,2026-06-15 10:50:00,Web,Error
13093,U0801,2026-06-23 07:05:00,Web,Exitoso
3171,U0425,2026-06-08 06:47:00,Web,Error
6809,U0790,2026-06-04 05:47:00,Android,Exitoso
15102,,2026-06-26 10:02:26,Web,Error
12531,U0630,2026-06-23 15:57:00,iOS,Exitoso
6001,U0858,2026-06-03 06:47:00,Android,Exitoso
10948,U0518,2026-06-14 10:53:00,iOS,Exitoso
14276,U0932,2026-06-24 13:40:00,Android,Exitoso
15911,,2026-06-26 10:18:32,Web,Error
9531,U0990,2026-06-06 22:22:00,iOS,Exitoso
5289,U0854,2026-06-08 22:56:00,Android,Exitoso
10338,U0926,2026-06-28 08:42:00,Android,Exitoso
14930,U0486,2026-06-16 03:58:00,Android,Exitoso
11225,U0675,2026-06-17 12:11:00,Web,Exitoso
12511,U0484,2026-06-06 23:47:00,Android,Exitoso
4410,U0377,2026-06-18 15:26:00,iOS,Error
2385,,2026-06-13 09:47:00,Web,Error
880,U0318,2026-06-16 10:43:00,Web,Error
9280,U0935,2026-06-24 03:34:00,iOS,Exitoso
10743,U0578,2026-06-06 06:57:00,Android,Exitoso
9672,U0892,2026-06-23 04:38:00,iOS,Exitoso
11389,U0829,2026-06-10 15:46:00,iOS,Exitoso
5335,U0849,2026-06-18 05:59:00,Android,Exitoso
13643,U0690,2026-06-05 00:36:00,Android,Exitoso
2119,U0141,2026-06-13 05:59:00,iOS,Error
834,U0804,2026-06-22 16:57:00,Android,Error
12639,U0545,2026-06-03 16:49:00,iOS,Exitoso
3757,U0322,2026-06-06 04:05:00,Android,Error
1932,U0161,2026-06-26 03:16:00,Android,Error
12373,U0834,2026-06-24 05:35:00,Web,Exitoso
15984,,2026-06-26 10:01:26,Web,Error
6424,U0776,2026-06-23 09:49:00,Web,Exitoso
739,,2026-06-04 05:59:00,iOS,Error
1695,U0232,2026-06-24 01:29:00,iOS,Error
3947,U0103,2026-06-02 04:20:00,iOS,Error
2868,,2026-06-03 05:49:00,Web,Error
15316,,2026-06-26 10:00:00,Web,Error
13063,U0720,2026-06-18 09:07:00,iOS,Exitoso
5597,U0934,2026-06-18 19:50:00,Android,Exitoso
13030,U0837,2026-06-16 03:45:00,Web,Exitoso
11253,U0470,2026-06-25 09:49:00,Web,Exitoso
9223,U0934,2026-06-12 19:04:00,Web,Exitoso
8679,U0814,2026-06-04 13:04:00,Web,Exitoso
12306,U0743,2026-06-06 12:44:00,Web,Exitoso
4107,,2026-06-03 18:53:00,Web,Error
15973,,2026-06-26 10:17:53,Web,Error
10329,U0509,2026-06-10 21:39:00,iOS,Exitoso
11309,U0820,2026-06-23 10:21:00,Android,Exitoso
9766,U0507,2026-06-25 12:24:00,Android,Exitoso
2869,,2026-06-19 20:11:00,iOS,Error
2325,U0102,2026-06-14 00:19:00,iOS,Error
4559,U0085,2026-06-27 02:49:00,Web,Error
1208,U0187,2026-06-07 00:33:00,Android,Error
5770,U0991,2026-06-13 23:27:00,iOS,Exitoso
532,U0078,2026-06-12 03:19:00,iOS,Error
422,,2026-06-12 04:43:00,Web,Error
3489,U0280,2026-06-21 08:52:00,Android,Error
14232,U0659,2026-06-05 21:17:00,Web,Exitoso
15937,,2026-06-26 10:00:56,Web,Error
11074,U0469,2026-06-16 13:19:00,iOS,Exitoso
4315,,2026-06-15 18:25:00,Web,Error
14659,U0770,2026-06-09 05:17:00,Web,Exitoso
7640,U0455,2026-06-20 21:36:00,Android,Exitoso
13163,U0743,2026-06-02 00:52:00,Web,Exitoso
15338,,2026-06-26 10:29:34,Web,Error
4421,U0494,2026-06-10 15:01:00,Web,Error
2716,,2026-06-05 04:58:00,iOS,Error
2544,,2026-06-21 13:51:00,Web,Error
10629,U0957,2026-06-07 01:13:00,Android,Exitoso
9308,U0547,2026-06-17 22:16:00,iOS,Exitoso
7848,U0747,2026-06-25 14:24:00,Android,Exitoso
1034,U0383,2026-06-04 05:08:00,Web,Error
9704,U0558,2026-06-14 03:15:00,Web,Exitoso
10280,U0627,2026-06-24 12:26:00,Web,Exitoso
2848,U0288,2026-06-11 15:39:00,Web,Error
11989,U0632,2026-06-13 12:51:00,Android,Exitoso
6264,U0605,2026-06-24 15:21:00,Web,Exitoso
6019,U0644,2026-06-25 22:41:00,iOS,Exitoso
1141,U0368,2026-06-12 02:38:00,Web,Error
12202,U0721,2026-06-26 13:58:00,Android,Exitoso
6150,U0696,2026-06-18 04:38:00,Android,Exitoso
15607,,2026-06-26 10:25:49,Web,Error
7659,U0940,2026-06-03 07:42:00,iOS,Exitoso
2764,U0237,2026-06-08 13:33:00,iOS,Error
1788,U0134,2026-06-06 00:07:00,Web,Error
8880,U0478,2026-06-06 16:39:00,Web,Exitoso
2176,U0349,2026-06-09 19:19:00,Android,Error
10018,U0700,2026-06-05 06:16:00,Web,Exitoso
15298,,2026-06-26 10:15:29,Web,Error
15286,,2026-06-26 10:27:47,Web,Error
4789,U0241,2026-06-14 09:40:00,Web,Error
270,U0700,2026-06-22 06:31:00,Web,Error
9721,U0704,2026-06-20 22:17:00,Web,Exitoso
14995,U0608,2026-06-27 07:38:00,iOS,Exitoso
6186,U0930,2026-06-05 02:02:00,Android,Exitoso
14614,U0589,2026-06-09 21:01:00,Android,Exitoso
4881,,2026-06-22 21:30:00,Web,Error
9212,U0475,2026-06-18 05:30:00,iOS,Exitoso
8001,U0558,2026-06-08 01:54:00,iOS,Exitoso
2413,,2026-06-07 09:37:00,Android,Error
13975,U0958,2026-06-05 23:01:00,Web,Exitoso
3000,U0414,2026-06-05 14:23:00,iOS,Error
1650,U0437,2026-06-25 20:00:00,iOS,Error
2598,,2026-06-19 10:15:00,Android,Error
15012,,2026-06-26 10:05:24,Web,Error
3761,,2026-06-28 03:27:00,Web,Error
16480,U0541,2026-06-26 10:09:34,Web,Error
14265,U0925,2026-06-11 13:47:00,Web,Exitoso
7240,U0661,2026-06-13 02:14:00,iOS,Exitoso
4622,U0201,2026-06-08 02:58:00,Android,Error
15523,,2026-06-26 10:14:28,Web,Error
8685,U0805,2026-06-23 11:54:00,iOS,Exitoso
12994,U0849,2026-06-14 05:54:00,iOS,Exitoso
10520,U0821,2026-06-27 03:24:00,Android,Exitoso
9017,U0651,2026-06-10 13:55:00,iOS,Exitoso
6042,U0915,2026-06-20 08:09:00,iOS,Exitoso
6657,U0828,2026-06-25 19:27:00,Web,Exitoso
1156,U0219,2026-06-26 07:37:00,iOS,Error
3431,,2026-06-11 23:20:00,Web,Error
12751,U0939,2026-06-28 13:52:00,iOS,Exitoso
15520,,2026-06-26 10:05:42,Web,Error
4926,U0162,2026-06-02 23:53:00,iOS,Error
4831,U0402,2026-06-03 07:58:00,Android,Error
12954,U0507,2026-06-18 00:46:00,Web,Exitoso
14473,U0622,2026-06-08 15:24:00,Web,Exitoso
1517,,2026-06-18 18:39:00,Web,Error
6345,U0500,2026-06-20 00:05:00,Android,Exitoso
1300,U0035,2026-06-17 12:14:00,Android,Error
4940,U0626,2026-06-05 14:33:00,Web,Error
3306,,2026-06-04 07:27:00,iOS,Error
15196,,2026-06-26 10:03:04,Web,Error
12097,U0630,2026-06-11 15:48:00,Web,Exitoso
8776,U0831,2026-06-25 08:57:00,Web,Exitoso
5082,U0740,2026-06-03 07:14:00,Web,Exitoso
3393,U0456,2026-06-09 21:14:00,Web,Error
14050,U0984,2026-06-10 16:22:00,Android,Exitoso
696,U0835,2026-06-13 12:39:00,Web,Error
1176,U0380,2026-06-27 06:41:00,Web,Error
5909,U0477,2026-06-12 15:22:00,iOS,Exitoso
3552,U0244,2026-06-27 06:16:00,Web,Error
16213,,2026-06-26 10:18:58,Web,Error
3502,U0438,2026-06-05 11:07:00,iOS,Error
7017,U0800,2026-06-05 01:44:00,iOS,Exitoso
13166,U0901,2026-06-07 06:44:00,Web,Exitoso
9229,U0967,2026-06-23 04:40:00,iOS,Exitoso
192,U0203,2026-06-21 22:35:00,iOS,Error
14975,U0814,2026-06-13 00:53:00,iOS,Exitoso
14974,U0711,2026-06-19 09:57:00,Android,Exitoso
16353,U0629,2026-06-26 10:05:18,Web,Error
8151,U0482,2026-06-22 01:38:00,Android,Exitoso
14277,U0882,2026-06-28 17:02:00,iOS,Exitoso
14779,U0491,2026-06-10 21:59:00,Web,Exitoso
5828,U0586,2026-06-24 05:52:00,iOS,Exitoso
1052,U0028,2026-06-15 09:29:00,Web,Error
2723,U0731,2026-06-13 02:25:00,Android,Error
9159,U0589,2026-06-06 09:30:00,iOS,Exitoso
817,U0324,2026-06-25 13:16:00,iOS,Error
10517,U0822,2026-06-17 18:18:00,Web,Exitoso
7575,U0766,2026-06-16 06:09:00,Web,Exitoso
15785,,2026-06-26 10:00:32,Web,Error
12643,U0987,2026-06-07 23:45:00,Web,Exitoso
11775,U0953,2026-06-24 23:00:00,Android,Exitoso
1825,U0624,2026-06-22 08:24:00,Web,Error
12993,U0949,2026-06-16 02:35:00,Web,Exitoso
10298,U0647,2026-06-07 09:42:00,Android,Exitoso
7387,U0647,2026-06-08 23:14:00,Web,Exitoso
7050,U0810,2026-06-06 03:59:00,iOS,Exitoso
15847,,2026-06-26 10:11:58,Web,Error
11004,U0852,2026-06-19 05:08:00,Android,Exitoso
1886,U0892,2026-06-08 23:28:00,Web,Error
3876,,2026-06-28 04:20:00,Web,Error
4147,U0910,2026-06-13 05:30:00,Web,Error
5588,U0638,2026-06-23 00:19:00,iOS,Exitoso
8112,U0603,2026-06-22 16:51:00,Android,Exitoso
11808,U0529,2026-06-08 02:09:00,Web,Exitoso
6565,U0552,2026-06-23 08:12:00,Web,Exitoso
13289,U0583,2026-06-08 10:08:00,Web,Exitoso
9587,U0585,2026-06-07 00:58:00,Android,Exitoso
12519,U0575,2026-06-04 08:44:00,Android,Exitoso
14273,U0762,2026-06-21 22:03:00,Web,Exitoso
16297,U0451,2026-06-26 10:24:15,Web,Error
12498,U0857,2026-06-27 12:19:00,Android,Exitoso
13866,U0594,2026-06-20 14:52:00,Web,Exitoso
2540,U0642,2026-06-23 10:35:00,Android,Error
13058,U0868,2026-06-15 19:17:00,iOS,Exitoso
2665,U0946,2026-06-04 10:24:00,Android,Error
13437,U0740,2026-06-12 17:40:00,Web,Exitoso
10670,U0717,2026-06-21 14:37:00,iOS,Exitoso
16064,,2026-06-26 10:01:18,Web,Error
5594,U0992,2026-06-15 03:18:00,Web,Exitoso
13732,U0694,2026-06-13 07:49:00,iOS,Exitoso
14056,U0710,2026-06-08 04:20:00,iOS,Exitoso
15010,,2026-06-26 10:01:36,Web,Error
14129,U0919,2026-06-27 14:03:00,Web,Exitoso
7971,U0502,2026-06-14 07:31:00,iOS,Exitoso
6151,U0974,2026-06-24 20:39:00,Web,Exitoso
3313,,2026-06-07 06:00:00,Web,Error
5363,U0977,2026-06-21 23:47:00,iOS,Exitoso
7168,U0614,2026-06-24 20:10:00,iOS,Exitoso
1488,U0257,2026-06-23 12:28:00,Android,Error
10732,U0471,2026-06-02 08:57:00,Android,Exitoso
9723,U0613,2026-06-28 03:04:00,Web,Exitoso
10597,U0695,2026-06-16 07:51:00,iOS,Exitoso
10128,U0495,2026-06-05 02:57:00,Web,Exitoso
16395,U0904,2026-06-26 10:16:55,Web,Error
9571,U0946,2026-06-22 09:42:00,Web,Exitoso
7278,U0856,2026-06-20 18:58:00,Web,Exitoso
13819,U0791,2026-06-11 05:20:00,Web,Exitoso
12096,U0859,2026-06-03 21:09:00,Android,Exitoso
11246,U0849,2026-06-15 04:37:00,Android,Exitoso
2830,,2026-06-27 01:17:00,Web,Error
2535,U0193,2026-06-11 06:39:00,Web,Error
11049,U0928,2026-06-17 07:41:00,iOS,Exitoso
11557,U0884,2026-06-24 13:41:00,iOS,Exitoso
6742,U0813,2026-06-05 09:16:00,iOS,Exitoso
233,U0162,2026-06-20 12:33:00,Android,Error
2908,U0408,2026-06-04 16:58:00,Web,Error
2294,U0339,2026-06-27 11:55:00,iOS,Error
1754,U0005,2026-06-06 07:41:00,Web,Error
9424,U0807,2026-06-01 02:30:00,Android,Exitoso
14681,U0898,2026-06-08 17:42:00,Android,Exitoso
16167,,2026-06-26 10:10:05,Web,Error
12687,U0764,2026-06-27 10:10:00,Android,Exitoso
10173,U0844,2026-06-07 03:17:00,iOS,Exitoso
13008,U0711,2026-06-25 10:35:00,Android,Exitoso
503,U0251,2026-06-15 22:59:00,iOS,Error
7008,U0733,2026-06-13 22:12:00,iOS,Exitoso
12283,U0529,2026-06-18 02:28:00,Android,Exitoso
239,U0255,2026-06-07 06:04:00,iOS,Error
2578,,2026-06-15 04:15:00,Web,Error
11815,U0537,2026-06-05 05:21:00,Web,Exitoso
15492,,2026-06-26 10:27:22,Web,Error
15414,,2026-06-26 10:15:06,Web,Error
1298,,2026-06-11 15:47:00,Android,Error
16406,U0961,2026-06-26 10:18:57,Web,Error
369,U0406,2026-06-07 18:35:00,Web,Error
10330,U0649,2026-06-18 17:04:00,iOS,Exitoso
7234,U0662,2026-06-21 13:31:00,iOS,Exitoso
2539,,2026-06-01 10:00:00,Web,Error
6181,U0847,2026-06-10 19:50:00,iOS,Exitoso
151,U0061,2026-06-23 02:24:00,Web,Error
15618,,2026-06-26 10:25:56,Web,Error
4039,U0216,2026-06-24 14:52:00,Android,Error
3143,U0320,2026-06-12 10:07:00,Web,Error
4779,U0206,2026-06-27 23:59:00,Web,Error
5788,U0835,2026-06-14 16:34:00,Web,Exitoso
8281,U0566,2026-06-17 02:03:00,Android,Exitoso
580,U0829,2026-06-19 15:18:00,Web,Error
6840,U0961,2026-06-27 23:50:00,Android,Exitoso
6688,U0988,2026-06-22 15:37:00,iOS,Exitoso
7798,U0687,2026-06-21 14:17:00,Web,Exitoso
15019,,2026-06-26 10:16:09,Web,Error
12332,U0516,2026-06-15 06:10:00,Web,Exitoso
11614,U0662,2026-06-08 08:38:00,iOS,Exitoso
8908,U0619,2026-06-15 18:06:00,Web,Exitoso
4494,U0083,2026-06-20 07:05:00,Web,Error
14413,U0594,2026-06-15 01:01:00,iOS,Exitoso
3228,U0522,2026-06-26 10:35:00,Android,Error
5334,U0790,2026-06-14 06:39:00,Web,Exitoso
15690,,2026-06-26 10:23:18,Web,Error
3981,U0245,2026-06-22 09:43:00,Android,Error
4972,U0958,2026-06-19 06:07:00,Web,Error
3584,,2026-06-08 13:50:00,Web,Error
8461,U0682,2026-06-15 09:36:00,iOS,Exitoso
9567,U0723,2026-06-07 04:06:00,Web,Exitoso
10361,U0996,2026-06-06 02:56:00,Web,Exitoso
13991,U0528,2026-06-07 11:07:00,Android,Exitoso
5076,U0489,2026-06-14 11:53:00,Web,Exitoso
9050,U0874,2026-06-13 06:00:00,iOS,Exitoso
11339,U0996,2026-06-09 04:11:00,Web,Exitoso
720,U0460,2026-06-07 05:25:00,Web,Error
3184,U0295,2026-06-02 01:05:00,Android,Error
2479,,2026-06-17 12:15:00,Web,Error
15435,,2026-06-26 10:19:23,Web,Error
3050,U0084,2026-06-02 16:20:00,Web,Error
12285,U0717,2026-06-14 18:41:00,Web,Exitoso
12261,U0989,2026-06-23 07:19:00,Web,Exitoso
9020,U0833,2026-06-25 20:55:00,Web,Exitoso
5027,U0883,2026-06-27 02:49:00,Web,Exitoso
3456,,2026-06-12 22:46:00,Web,Error
2012,U0437,2026-06-26 12:58:00,Android,Error
6880,U0705,2026-06-06 10:09:00,Android,Exitoso
9568,U0939,2026-06-12 22:51:00,Web,Exitoso
8831,U0796,2026-06-06 04:16:00,Android,Exitoso
14829,U0691,2026-06-24 22:59:00,iOS,Exitoso
7470,U0629,2026-06-11 20:45:00,Web,Exitoso
7220,U0777,2026-06-01 11:00:00,iOS,Exitoso
7230,U0859,2026-06-18 16:35:00,iOS,Exitoso
6800,U0902,2026-06-27 21:33:00,Web,Exitoso
8951,U0645,2026-06-27 23:48:00,Web,Exitoso
6143,U0995,2026-06-15 05:34:00,iOS,Exitoso
9857,U0493,2026-06-04 13:53:00,iOS,Exitoso
5633,U0569,2026-06-11 20:16:00,Android,Exitoso
1755,U0387,2026-06-10 16:51:00,iOS,Error
3132,U0863,2026-06-28 07:26:00,iOS,Error
16038,,2026-06-26 10:23:34,Web,Error
8730,U0526,2026-06-19 17:29:00,Android,Exitoso
11505,U0710,2026-06-24 04:00:00,Android,Exitoso
2008,U0364,2026-06-04 13:49:00,Android,Error
3120,,2026-06-24 03:52:00,iOS,Error
1514,U0362,2026-06-11 07:09:00,Android,Error
15027,,2026-06-26 10:02:02,Web,Error
12959,U0573,2026-06-17 05:41:00,Web,Exitoso
10625,U0480,2026-06-19 00:11:00,iOS,Exitoso
1285,,2026-06-19 19:09:00,Android,Error
2243,,2026-06-19 13:30:00,Web,Error
8495,U0781,2026-06-17 07:25:00,Android,Exitoso
12377,U0904,2026-06-07 14:03:00,Android,Exitoso
14679,U0490,2026-06-27 16:40:00,Android,Exitoso
6291,U0539,2026-06-21 05:04:00,Web,Exitoso
4077,U0370,2026-06-09 02:07:00,iOS,Error
3920,U0021,2026-06-28 10:13:00,iOS,Error
10427,U0639,2026-06-07 16:56:00,Android,Exitoso
8107,U0567,2026-06-27 13:25:00,Android,Exitoso
4662,U0468,2026-06-17 17:09:00,Web,Error
6520,U0516,2026-06-04 13:44:00,iOS,Exitoso
903,U0048,2026-06-16 21:12:00,Web,Error
5875,U0995,2026-06-09 00:54:00,Web,Exitoso
7267,U0701,2026-06-17 04:08:00,Web,Exitoso
7995,U0734,2026-06-10 11:38:00,Web,Exitoso
16461,U0533,2026-06-26 10:01:53,Web,Error
7930,U0614,2026-06-15 14:20:00,Web,Exitoso
6273,U0815,2026-06-05 18:19:00,iOS,Exitoso
14107,U0470,2026-06-15 20:54:00,Android,Exitoso
12327,U0956,2026-06-08 17:27:00,iOS,Exitoso
986,U0881,2026-06-13 16:25:00,Web,Error
8155,U0886,2026-06-13 10:30:00,Web,Exitoso
10605,U0782,2026-06-14 22:02:00,Web,Exitoso
7619,U0651,2026-06-21 19:12:00,Android,Exitoso
7769,U0808,2026-06-26 06:29:00,Web,Exitoso
6739,U0759,2026-06-11 11:00:00,iOS,Exitoso
13414,U0538,2026-06-09 11:35:00,iOS,Exitoso
1864,U0976,2026-06-25 01:11:00,Android,Error
6420,U0900,2026-06-08 02:05:00,iOS,Exitoso
11504,U0878,2026-06-24 18:17:00,iOS,Exitoso
3561,U0550,2026-06-24 12:54:00,Web,Error
8521,U0830,2026-06-05 13:27:00,Android,Exitoso
10016,U0598,2026-06-16 15:05:00,iOS,Exitoso
9711,U0972,2026-06-20 18:57:00,Android,Exitoso
3990,U0330,2026-06-16 09:54:00,Web,Error
2511,,2026-06-27 22:30:00,Web,Error
5204,U0731,2026-06-25 19:30:00,iOS,Exitoso
12591,U0718,2026-06-17 11:48:00,Android,Exitoso
11727,U0939,2026-06-17 18:06:00,Web,Exitoso
11558,U0726,2026-06-19 04:55:00,Android,Exitoso
8801,U0690,2026-06-13 19:42:00,Web,Exitoso
8678,U0685,2026-06-12 04:38:00,iOS,Exitoso
8390,U0506,2026-06-15 09:40:00,iOS,Exitoso
14378,U0699,2026-06-05 07:48:00,Web,Exitoso
14117,U0781,2026-06-10 12:40:00,Android,Exitoso
8372,U0769,2026-06-13 19:28:00,iOS,Exitoso
15840,,2026-06-26 10:26:38,Web,Error
5499,U0968,2026-06-26 10:50:00,iOS,Exitoso
2526,,2026-06-26 03:07:00,Web,Error
309,,2026-06-05 07:01:00,Web,Error
5590,U0896,2026-06-01 08:41:00,Android,Exitoso
4480,U0768,2026-06-18 13:00:00,Web,Error
9569,U0928,2026-06-18 01:35:00,iOS,Exitoso
14432,U0941,2026-06-14 18:00:00,Web,Exitoso
15130,,2026-06-26 10:22:51,Web,Error
15597,,2026-06-26 10:07:21,Web,Error
13466,U0500,2026-06-08 20:22:00,Android,Exitoso
8485,U0800,2026-06-13 04:59:00,Android,Exitoso
3475,U0670,2026-06-25 05:39:00,Android,Error
3068,,2026-06-27 21:00:00,iOS,Error
14341,U0683,2026-06-21 00:01:00,Android,Exitoso
7869,U0786,2026-06-15 14:25:00,iOS,Exitoso
13532,U0957,2026-06-24 11:29:00,Web,Exitoso
7811,U0579,2026-06-11 12:20:00,iOS,Exitoso
12084,U0942,2026-06-13 06:25:00,iOS,Exitoso
9963,U0726,2026-06-07 15:18:00,Android,Exitoso
7218,U0495,2026-06-10 16:45:00,Web,Exitoso
3081,U0028,2026-06-06 21:46:00,Android,Error
12190,U0595,2026-06-11 03:24:00,Android,Exitoso
16259,U0486,2026-06-26 10:07:01,Web,Error
11724,U0593,2026-06-14 04:11:00,iOS,Exitoso
9686,U0600,2026-06-24 20:42:00,iOS,Exitoso
8527,U0761,2026-06-22 00:26:00,iOS,Exitoso
11459,U0645,2026-06-17 03:44:00,Web,Exitoso
12083,U0509,2026-06-21 06:13:00,Android,Exitoso
15900,,2026-06-26 10:11:48,Web,Error
15041,,2026-06-26 10:24:49,Web,Error
10481,U0636,2026-06-26 06:10:00,iOS,Exitoso
6715,U0625,2026-06-22 11:16:00,iOS,Exitoso
11596,U0920,2026-06-26 19:59:00,Android,Exitoso
6419,U0637,2026-06-19 23:54:00,iOS,Exitoso
16491,U0743,2026-06-26 10:21:16,Web,Error
4937,,2026-06-22 01:17:00,Web,Error
16378,U0968,2026-06-26 10:20:30,Web,Error
3295,U0230,2026-06-08 06:13:00,iOS,Error
3589,U0925,2026-06-27 18:08:00,Web,Error
12074,U0619,2026-06-05 23:32:00,Android,Exitoso
14872,U0852,2026-06-24 00:48:00,iOS,Exitoso
8922,U0778,2026-06-10 20:24:00,Web,Exitoso
12033,U0865,2026-06-24 10:09:00,Android,Exitoso
15522,,2026-06-26 10:27:34,Web,Error
10212,U0754,2026-06-05 18:02:00,iOS,Exitoso
12027,U0937,2026-06-11 21:18:00,iOS,Exitoso
9710,U0502,2026-06-28 05:21:00,Web,Exitoso
16427,U0925,2026-06-26 10:26:22,Web,Error
7442,U0834,2026-06-05 08:18:00,Android,Exitoso
13419,U0684,2026-06-28 15:39:00,Android,Exitoso
941,U0407,2026-06-24 08:47:00,Android,Error
8188,U0669,2026-06-01 07:10:00,Web,Exitoso
14163,U0952,2026-06-15 07:54:00,Android,Exitoso
15688,,2026-06-26 10:01:33,Web,Error
15472,,2026-06-26 10:20:15,Web,Error
12073,U0730,2026-06-18 02:47:00,iOS,Exitoso
9678,U0459,2026-06-10 03:47:00,Web,Exitoso
352,U0915,2026-06-02 17:24:00,Android,Error
12810,U0591,2026-06-02 10:22:00,Android,Exitoso
11805,U0912,2026-06-15 02:59:00,Web,Exitoso
3181,,2026-06-14 16:33:00,iOS,Error
11543,U0813,2026-06-21 11:13:00,Web,Exitoso
11479,U0470,2026-06-28 13:09:00,Web,Exitoso
15567,,2026-06-26 10:24:27,Web,Error
1739,,2026-06-03 09:20:00,Web,Error
13853,U0714,2026-06-17 06:20:00,Android,Exitoso
1648,U0269,2026-06-24 00:18:00,Android,Error
15042,,2026-06-26 10:03:03,Web,Error
15950,,2026-06-26 10:05:30,Web,Error
14636,U0898,2026-06-01 03:48:00,Web,Exitoso
11458,U0984,2026-06-13 13:50:00,Android,Exitoso
13646,U0456,2026-06-20 05:35:00,Web,Exitoso
10507,U0738,2026-06-08 09:37:00,Android,Exitoso
15845,,2026-06-26 10:05:10,Web,Error
8707,U0937,2026-06-25 03:10:00,Web,Exitoso
898,U0880,2026-06-16 11:41:00,Android,Error
5860,U0821,2026-06-26 14:02:00,Web,Exitoso
5888,U0778,2026-06-15 14:33:00,Web,Exitoso
9802,U0482,2026-06-14 00:06:00,Web,Exitoso
10809,U0972,2026-06-18 03:58:00,iOS,Exitoso
8106,U0923,2026-06-13 08:23:00,Web,Exitoso
6882,U0649,2026-06-13 17:37:00,Web,Exitoso
7342,U0955,2026-06-10 06:21:00,iOS,Exitoso
11240,U0752,2026-06-24 09:29:00,Android,Exitoso
4207,U0702,2026-06-15 05:42:00,Web,Error
6845,U0604,2026-06-11 04:49:00,iOS,Exitoso
7806,U0605,2026-06-20 19:53:00,Android,Exitoso
8824,U0726,2026-06-21 20:31:00,iOS,Exitoso
1948,U0073,2026-06-25 21:42:00,iOS,Error
8968,U0605,2026-06-07 11:31:00,Android,Exitoso
2061,U0266,2026-06-01 12:32:00,Web,Error
11668,U0648,2026-06-03 12:57:00,iOS,Exitoso
14880,U0753,2026-06-25 13:27:00,Android,Exitoso
7224,U0453,2026-06-18 01:20:00,iOS,Exitoso
10767,U0759,2026-06-16 14:15:00,iOS,Exitoso
3278,,2026-06-25 01:21:00,iOS,Error
9910,U0776,2026-06-13 13:32:00,iOS,Exitoso
5880,U0455,2026-06-14 17:59:00,Web,Exitoso
2745,,2026-06-14 21:42:00,iOS,Error
12614,U0667,2026-06-16 06:46:00,Android,Exitoso
10462,U0868,2026-06-25 22:46:00,iOS,Exitoso
10145,U0578,2026-06-08 07:40:00,iOS,Exitoso
15974,,2026-06-26 10:25:38,Web,Error
6414,U0564,2026-06-21 12:51:00,Web,Exitoso
13944,U0751,2026-06-17 16:06:00,iOS,Exitoso
2925,U0073,2026-06-21 01:43:00,iOS,Error
8385,U0599,2026-06-27 05:00:00,Web,Exitoso
15203,,2026-06-26 10:02:37,Web,Error
6405,U0749,2026-06-02 14:45:00,Android,Exitoso
7902,U0854,2026-06-25 06:24:00,iOS,Exitoso
12822,U1000,2026-06-11 14:37:00,iOS,Exitoso
4664,,2026-06-07 03:42:00,Web,Error
6803,U0917,2026-06-20 06:23:00,iOS,Exitoso
1155,U0219,2026-06-19 12:31:00,Android,Error
2504,,2026-06-24 21:42:00,Web,Error
8703,U0500,2026-06-10 08:29:00,Web,Exitoso
8708,U0876,2026-06-23 23:47:00,iOS,Exitoso
12530,U0547,2026-06-08 15:54:00,Android,Exitoso
5698,U0957,2026-06-22 19:18:00,iOS,Exitoso
8827,U0781,2026-06-21 00:28:00,Android,Exitoso
3795,,2026-06-12 07:50:00,Web,Error
1599,,2026-06-28 13:00:00,Web,Error
8561,U0883,2026-06-08 06:46:00,Android,Exitoso
1642,U0242,2026-06-03 22:22:00,Web,Error
10700,U0534,2026-06-28 11:09:00,Web,Exitoso
3111,U0142,2026-06-21 15:10:00,iOS,Error
15596,,2026-06-26 10:08:27,Web,Error
6379,U0977,2026-06-03 00:34:00,iOS,Exitoso
12879,U0661,2026-06-08 19:03:00,iOS,Exitoso
11676,U0700,2026-06-20 07:34:00,Web,Exitoso
11119,U0597,2026-06-11 00:23:00,Android,Exitoso
14196,U0891,2026-06-15 23:38:00,Web,Exitoso
1128,U0220,2026-06-27 11:31:00,iOS,Error
5113,U0952,2026-06-19 12:12:00,Web,Exitoso
5917,U0890,2026-06-28 15:33:00,Web,Exitoso
1895,U0484,2026-06-18 13:04:00,Web,Error
7064,U0687,2026-06-13 14:08:00,iOS,Exitoso
235,U0888,2026-06-24 08:13:00,Web,Error
597,,2026-06-06 11:52:00,Web,Error
1449,U0107,2026-06-20 05:55:00,Web,Error
10774,U0719,2026-06-01 22:28:00,iOS,Exitoso
12203,U0680,2026-06-05 22:10:00,Android,Exitoso
14387,U0532,2026-06-08 00:26:00,Android,Exitoso
8761,U0544,2026-06-01 01:25:00,Android,Exitoso
4877,,2026-06-20 08:22:00,Web,Error
8578,U0581,2026-06-21 04:42:00,iOS,Exitoso
4209,U0367,2026-06-24 17:27:00,Web,Error
4321,,2026-06-20 17:20:00,Web,Error
10196,U0957,2026-06-17 05:45:00,Android,Exitoso
6104,U0623,2026-06-23 08:41:00,iOS,Exitoso
16479,U0726,2026-06-26 10:02:27,Web,Error
9175,U0622,2026-06-03 05:06:00,Web,Exitoso
12333,U0782,2026-06-22 10:25:00,Android,Exitoso
14382,U0548,2026-06-20 00:12:00,Android,Exitoso
15081,,2026-06-26 10:12:54,Web,Error
771,U0919,2026-06-07 12:26:00,iOS,Error
1790,U0295,2026-06-05 18:37:00,Web,Error
783,U0432,2026-06-24 13:26:00,Web,Error
5586,U0686,2026-06-26 05:12:00,Android,Exitoso
3708,U0607,2026-06-08 20:26:00,Web,Error
16043,,2026-06-26 10:26:14,Web,Error
3779,U0029,2026-06-26 16:32:00,Android,Error
5205,U0673,2026-06-28 00:46:00,iOS,Exitoso
7604,U0708,2026-06-22 09:22:00,Android,Exitoso
12224,U0878,2026-06-20 04:02:00,Web,Exitoso
13357,U0648,2026-06-26 02:15:00,Web,Exitoso
13477,U0588,2026-06-03 22:32:00,Android,Exitoso
6078,U0902,2026-06-01 22:11:00,Web,Exitoso
4035,U0152,2026-06-11 06:18:00,iOS,Error
14064,U0962,2026-06-17 06:49:00,iOS,Exitoso
6984,U0456,2026-06-21 18:49:00,Android,Exitoso
10891,U0872,2026-06-22 15:12:00,Web,Exitoso
5751,U0680,2026-06-09 12:50:00,Web,Exitoso
6893,U0933,2026-06-25 22:23:00,Android,Exitoso
8021,U0731,2026-06-23 17:41:00,Web,Exitoso
2103,,2026-06-17 20:54:00,Web,Error
2691,,2026-06-22 23:17:00,Web,Error
1594,U0013,2026-06-18 19:34:00,iOS,Error
4968,U0158,2026-06-17 04:02:00,Web,Error
1945,U0219,2026-06-27 19:27:00,Android,Error
6775,U0472,2026-06-22 05:20:00,Web,Exitoso
9388,U0847,2026-06-12 19:36:00,Web,Exitoso
13974,U0780,2026-06-04 13:21:00,iOS,Exitoso
16050,,2026-06-26 10:02:42,Web,Error
9164,U0958,2026-06-24 21:42:00,Web,Exitoso
3904,U0216,2026-06-27 12:53:00,iOS,Error
10112,U0860,2026-06-03 18:31:00,Web,Exitoso
2833,U0120,2026-06-02 21:15:00,iOS,Error
8396,U0459,2026-06-06 20:15:00,iOS,Exitoso
3702,U0216,2026-06-25 05:01:00,iOS,Error
15391,,2026-06-26 10:17:32,Web,Error
11966,U0846,2026-06-15 06:28:00,Android,Exitoso
15542,,2026-06-26 10:24:25,Web,Error
14452,U0835,2026-06-01 12:46:00,iOS,Exitoso
11051,U0481,2026-06-05 17:38:00,Android,Exitoso
5163,U0642,2026-06-16 18:43:00,iOS,Exitoso
2646,U0339,2026-06-24 13:51:00,Web,Error
15467,,2026-06-26 10:02:13,Web,Error
15345,,2026-06-26 10:00:29,Web,Error
16120,,2026-06-26 10:13:11,Web,Error
10295,U0671,2026-06-11 16:06:00,Android,Exitoso
7670,U0935,2026-06-01 16:52:00,Web,Exitoso
1486,,2026-06-25 14:56:00,Web,Error
9743,U0830,2026-06-27 21:29:00,Android,Exitoso
7135,U0538,2026-06-02 23:00:00,iOS,Exitoso
240,,2026-06-13 03:31:00,Web,Error
9056,U0824,2026-06-17 09:56:00,Android,Exitoso
9151,U0582,2026-06-27 07:09:00,Android,Exitoso
5485,U0841,2026-06-15 05:27:00,Web,Exitoso
13220,U0903,2026-06-17 02:47:00,Android,Exitoso
9521,U0653,2026-06-11 20:31:00,Android,Exitoso
7863,U0912,2026-06-15 00:22:00,Android,Exitoso
10993,U0944,2026-06-08 12:42:00,Android,Exitoso
8389,U0471,2026-06-08 19:13:00,Android,Exitoso
11760,U0883,2026-06-20 11:49:00,Web,Exitoso
5040,U0473,2026-06-13 07:54:00,Android,Exitoso
1860,U0177,2026-06-22 01:05:00,Web,Error
12957,U0982,2026-06-02 02:30:00,iOS,Exitoso
3718,U0380,2026-06-16 18:36:00,iOS,Error
9698,U0920,2026-06-13 18:10:00,Android,Exitoso
10793,U0575,2026-06-10 01:53:00,Android,Exitoso
2215,,2026-06-22 02:20:00,Android,Error
10063,U0535,2026-06-03 02:04:00,Android,Exitoso
8751,U0856,2026-06-23 00:16:00,iOS,Exitoso
8369,U0547,2026-06-11 07:58:00,iOS,Exitoso
11666,U0453,2026-06-03 12:12:00,Web,Exitoso
2023,U0098,2026-06-28 16:35:00,iOS,Error
7351,U0604,2026-06-12 01:30:00,Web,Exitoso
11820,U0459,2026-06-12 12:22:00,iOS,Exitoso
3945,U0236,2026-06-27 02:20:00,iOS,Error
9130,U0859,2026-06-19 22:00:00,iOS,Exitoso
12415,U0768,2026-06-23 11:30:00,Android,Exitoso
5149,U0468,2026-06-18 01:20:00,iOS,Exitoso
3835,,2026-06-24 14:03:00,Web,Error
5150,U0588,2026-06-16 07:41:00,iOS,Exitoso
8263,U0581,2026-06-09 10:00:00,Web,Exitoso
11852,U0473,2026-06-24 20:07:00,Android,Exitoso
14535,U0453,2026-06-24 05:25:00,Web,Exitoso
11064,U0590,2026-06-19 23:24:00,Web,Exitoso
11619,U0607,2026-06-24 02:41:00,iOS,Exitoso
8234,U0712,2026-06-08 21:18:00,Android,Exitoso
743,U0370,2026-06-08 23:53:00,iOS,Error
13462,U0650,2026-06-21 09:31:00,Web,Exitoso
14450,U0660,2026-06-28 16:47:00,Web,Exitoso
6149,U0754,2026-06-02 07:21:00,iOS,Exitoso
12076,U0485,2026-06-05 21:12:00,iOS,Exitoso
2313,U0355,2026-06-09 11:41:00,iOS,Error
7787,U0740,2026-06-22 21:10:00,iOS,Exitoso
1254,U0354,2026-06-21 04:29:00,Android,Error
4014,U0077,2026-06-12 18:52:00,Android,Error
14793,U0524,2026-06-14 22:55:00,Web,Exitoso
1753,U0333,2026-06-13 09:00:00,Android,Error
10583,U0961,2026-06-21 16:04:00,Web,Exitoso
14458,U0823,2026-06-19 15:46:00,Android,Exitoso
14549,U0719,2026-06-20 10:32:00,Android,Exitoso
9899,U0833,2026-06-12 14:57:00,iOS,Exitoso
1926,U0433,2026-06-04 17:57:00,Web,Error
9240,U0802,2026-06-13 17:41:00,Web,Exitoso
13014,U0697,2026-06-21 08:07:00,Android,Exitoso
8248,U1000,2026-06-03 03:14:00,Android,Exitoso
3180,U0800,2026-06-19 00:07:00,Web,Error
7729,U0697,2026-06-24 21:31:00,Android,Exitoso
13723,U0478,2026-06-09 03:48:00,Android,Exitoso
741,U0006,2026-06-01 17:22:00,Web,Error
3026,U0424,2026-06-02 05:37:00,Web,Error
4175,U0794,2026-06-05 04:55:00,Web,Error
4892,U0014,2026-06-02 04:15:00,iOS,Error
14743,U0531,2026-06-09 03:58:00,iOS,Exitoso
5598,U0511,2026-06-06 01:51:00,iOS,Exitoso
1237,U0193,2026-06-08 11:46:00,iOS,Error
8742,U0579,2026-06-26 14:34:00,iOS,Exitoso
11352,U0880,2026-06-25 21:47:00,Android,Exitoso
13640,U0958,2026-06-08 14:09:00,Web,Exitoso
3388,,2026-06-19 01:43:00,Web,Error
13312,U0996,2026-06-19 15:59:00,Web,Exitoso
11606,U0681,2026-06-25 20:20:00,Web,Exitoso
174,U0141,2026-06-02 17:45:00,Android,Error
4247,U0066,2026-06-25 11:23:00,iOS,Error
6296,U0651,2026-06-03 15:13:00,Android,Exitoso
110,U0377,2026-06-23 20:20:00,Web,Error
7638,U0922,2026-06-16 15:13:00,Android,Exitoso
5215,U0672,2026-06-01 00:36:00,Android,Exitoso
14672,U0543,2026-06-20 05:11:00,Web,Exitoso
4367,U0434,2026-06-21 06:03:00,iOS,Error
2837,,2026-06-08 10:07:00,Android,Error
4446,U0753,2026-06-26 15:11:00,Web,Error
6408,U0503,2026-06-22 19:01:00,iOS,Exitoso
5425,U0497,2026-06-08 01:03:00,Android,Exitoso
7121,U0846,2026-06-27 08:15:00,iOS,Exitoso
13305,U0641,2026-06-25 16:25:00,Web,Exitoso
9894,U0551,2026-06-16 01:54:00,Android,Exitoso
2261,U0055,2026-06-22 21:06:00,iOS,Error
5433,U0468,2026-06-07 14:39:00,Android,Exitoso
1187,,2026-06-23 14:09:00,Android,Error
9980,U0490,2026-06-05 12:43:00,iOS,Exitoso
11432,U0593,2026-06-20 08:58:00,Android,Exitoso
9768,U0681,2026-06-24 07:48:00,Android,Exitoso
6592,U0794,2026-06-06 04:17:00,Web,Exitoso
9693,U0900,2026-06-05 16:07:00,Web,Exitoso
7343,U0818,2026-06-21 01:29:00,iOS,Exitoso
5147,U0693,2026-06-24 14:48:00,Android,Exitoso
4370,,2026-06-17 21:02:00,Web,Error
1962,U0735,2026-06-11 08:36:00,Web,Error
11854,U0487,2026-06-21 22:21:00,Android,Exitoso
7140,U0584,2026-06-08 19:06:00,Android,Exitoso
9727,U0534,2026-06-15 05:11:00,Android,Exitoso
2397,,2026-06-17 04:41:00,iOS,Error
10613,U0861,2026-06-17 05:18:00,Web,Exitoso
6333,U0669,2026-06-14 04:20:00,Android,Exitoso
5856,U0481,2026-06-09 13:19:00,Web,Exitoso
4928,,2026-06-14 11:17:00,Web,Error
2692,U0399,2026-06-24 06:15:00,Web,Error
8032,U0941,2026-06-10 15:46:00,iOS,Exitoso
7063,U0566,2026-06-11 08:45:00,Web,Exitoso
4103,U0409,2026-06-08 22:01:00,Android,Error
2109,U0327,2026-06-08 23:21:00,Android,Error
13194,U0830,2026-06-27 09:38:00,iOS,Exitoso
7225,U0593,2026-06-03 18:08:00,Android,Exitoso
1732,U0368,2026-06-10 19:26:00,Android,Error
16346,U0634,2026-06-26 10:05:32,Web,Error
15071,,2026-06-26 10:00:21,Web,Error
1107,U0038,2026-06-02 01:32:00,iOS,Error
3167,U0745,2026-06-22 19:05:00,Web,Error
6177,U0840,2026-06-14 07:46:00,Web,Exitoso
9412,U0562,2026-06-15 01:11:00,iOS,Exitoso
14864,U0790,2026-06-07 19:48:00,iOS,Exitoso
11752,U0851,2026-06-26 10:45:00,iOS,Exitoso
2263,U0188,2026-06-12 09:18:00,Android,Error
11090,U0736,2026-06-20 12:43:00,iOS,Exitoso
2091,U0064,2026-06-23 06:07:00,iOS,Error
6583,U0686,2026-06-06 13:36:00,iOS,Exitoso
11747,U0937,2026-06-07 12:10:00,Web,Exitoso
8593,U0657,2026-06-14 17:53:00,Android,Exitoso
3571,U0002,2026-06-26 07:46:00,Android,Error
8674,U0491,2026-06-08 22:21:00,Android,Exitoso
3103,,2026-06-02 03:12:00,Web,Error
2571,U0680,2026-06-09 06:13:00,Web,Error
12057,U0772,2026-06-10 17:45:00,Web,Exitoso
3010,,2026-06-15 06:58:00,Web,Error
13043,U0520,2026-06-04 19:18:00,Android,Exitoso
286,,2026-06-14 07:07:00,Web,Error
6951,U0803,2026-06-02 21:45:00,Android,Exitoso
1784,U0263,2026-06-17 06:30:00,Web,Error
1996,,2026-06-19 21:02:00,Web,Error
6871,U0468,2026-06-04 01:04:00,iOS,Exitoso
3931,U0321,2026-06-03 17:56:00,Android,Error
2041,,2026-06-14 02:11:00,Web,Error
244,,2026-06-27 13:04:00,Android,Error
7229,U0749,2026-06-04 18:36:00,Android,Exitoso
14272,U0976,2026-06-14 14:29:00,Android,Exitoso
8426,U0957,2026-06-27 01:21:00,iOS,Exitoso
11485,U0630,2026-06-06 01:40:00,Android,Exitoso
6684,U0551,2026-06-20 05:28:00,iOS,Exitoso
8731,U0751,2026-06-20 07:55:00,Web,Exitoso
779,U0262,2026-06-24 17:53:00,Web,Error
446,U0445,2026-06-22 14:49:00,Web,Error
11412,U0567,2026-06-03 07:22:00,Android,Exitoso
4547,U0699,2026-06-13 23:58:00,Web,Error
2603,U0896,2026-06-15 07:36:00,Web,Error
15944,,2026-06-26 10:13:12,Web,Error
10154,U0678,2026-06-04 20:44:00,iOS,Exitoso
2552,U0689,2026-06-06 12:21:00,Android,Error
4657,U0788,2026-06-21 18:08:00,Web,Error
11723,U0964,2026-06-13 06:24:00,Web,Exitoso
15423,,2026-06-26 10:14:51,Web,Error
4240,U0226,2026-06-14 11:02:00,Android,Error
11694,U0796,2026-06-12 16:14:00,Web,Exitoso
6812,U0941,2026-06-22 14:18:00,iOS,Exitoso
10209,U0953,2026-06-22 07:49:00,iOS,Exitoso
9120,U0475,2026-06-09 10:21:00,iOS,Exitoso
14794,U0612,2026-06-08 09:30:00,Android,Exitoso
14278,U0482,2026-06-24 06:11:00,Web,Exitoso
357,,2026-06-11 00:40:00,Web,Error
10094,U0803,2026-06-21 15:38:00,iOS,Exitoso
3885,,2026-06-21 06:57:00,Web,Error
10241,U0990,2026-06-20 09:15:00,Android,Exitoso
2430,U0651,2026-06-11 17:05:00,iOS,Error
16503,U0981,2026-06-26 10:22:46,Web,Error
8045,U0607,2026-06-16 05:44:00,iOS,Exitoso
16102,,2026-06-26 10:28:31,Web,Error
11780,U0950,2026-06-03 20:48:00,iOS,Exitoso
366,U0214,2026-06-20 07:10:00,iOS,Error
6791,U0794,2026-06-03 05:48:00,iOS,Exitoso
4261,U0892,2026-06-14 13:36:00,Web,Error
1087,U0397,2026-06-10 18:26:00,Web,Error
3709,,2026-06-28 06:41:00,Web,Error
13856,U0599,2026-06-02 00:29:00,iOS,Exitoso
12431,U0986,2026-06-28 00:01:00,Android,Exitoso
4957,U0954,2026-06-15 17:18:00,Web,Error
7931,U0906,2026-06-17 14:49:00,iOS,Exitoso
15958,,2026-06-26 10:21:18,Web,Error
14072,U0703,2026-06-20 21:39:00,Web,Exitoso
361,,2026-06-06 16:20:00,Web,Error
9000,U0875,2026-06-18 20:25:00,Android,Exitoso
3997,,2026-06-08 00:30:00,Web,Error
1443,U0996,2026-06-21 05:31:00,Web,Error
10038,U0957,2026-06-08 07:33:00,iOS,Exitoso
8933,U0608,2026-06-07 09:26:00,iOS,Exitoso
13980,U0752,2026-06-24 07:41:00,Android,Exitoso
3851,U0947,2026-06-12 23:35:00,iOS,Error
7228,U0647,2026-06-18 04:02:00,iOS,Exitoso
10816,U0668,2026-06-12 00:00:00,Android,Exitoso
348,U0340,2026-06-23 03:57:00,Android,Error
7744,U0774,2026-06-19 14:31:00,Web,Exitoso
4807,U0352,2026-06-25 03:23:00,Android,Error
1707,U0308,2026-06-11 17:40:00,Android,Error
15376,,2026-06-26 10:13:16,Web,Error
10523,U0711,2026-06-26 18:36:00,iOS,Exitoso
9101,U0629,2026-06-25 05:05:00,Android,Exitoso
5240,U0914,2026-06-25 14:07:00,Android,Exitoso
2891,,2026-06-21 20:54:00,Web,Error
977,,2026-06-01 02:57:00,Android,Error
13945,U0889,2026-06-14 09:35:00,Android,Exitoso
5039,U0806,2026-06-27 17:07:00,Web,Exitoso
11129,U0524,2026-06-20 14:28:00,Web,Exitoso
11397,U0547,2026-06-18 19:22:00,Web,Exitoso
2184,U0291,2026-06-10 13:59:00,iOS,Error
4389,U0046,2026-06-10 05:00:00,Android,Error
16045,,2026-06-26 10:17:16,Web,Error
14626,U0962,2026-06-10 18:38:00,Android,Exitoso
12345,U0500,2026-06-05 19:39:00,Web,Exitoso
12177,U0585,2026-06-24 10:23:00,Android,Exitoso
9932,U0849,2026-06-13 09:59:00,Android,Exitoso
7878,U0924,2026-06-11 08:53:00,Web,Exitoso
16033,,2026-06-26 10:01:47,Web,Error
7793,U0474,2026-06-23 04:16:00,Android,Exitoso
6927,U0641,2026-06-18 05:06:00,Web,Exitoso
14546,U0637,2026-06-28 12:29:00,iOS,Exitoso
13244,U0710,2026-06-08 11:45:00,Android,Exitoso
7029,U0559,2026-06-16 22:34:00,Android,Exitoso
5287,U0745,2026-06-05 10:44:00,iOS,Exitoso
14537,U0822,2026-06-14 19:24:00,iOS,Exitoso
1194,,2026-06-02 17:52:00,Android,Error
14399,U0676,2026-06-11 02:53:00,Android,Exitoso
9684,U0494,2026-06-19 06:35:00,iOS,Exitoso
7447,U0963,2026-06-22 07:25:00,iOS,Exitoso
8987,U0699,2026-06-07 00:03:00,Web,Exitoso
1190,U0036,2026-06-09 18:07:00,Web,Error
2767,U0336,2026-06-10 23:34:00,Android,Error
7360,U0463,2026-06-04 07:40:00,iOS,Exitoso
16264,U0532,2026-06-26 10:17:31,Web,Error
9460,U0920,2026-06-28 04:10:00,Web,Exitoso
5438,U0713,2026-06-19 21:39:00,Android,Exitoso
16000,,2026-06-26 10:15:07,Web,Error
4149,U0985,2026-06-23 17:10:00,Web,Error
2477,U0389,2026-06-02 03:43:00,Web,Error
859,U0243,2026-06-17 14:10:00,iOS,Error
809,,2026-06-19 18:55:00,Web,Error
8592,U0472,2026-06-10 11:10:00,Android,Exitoso
13340,U0965,2026-06-01 03:51:00,Web,Exitoso
8339,U0819,2026-06-06 16:51:00,Web,Exitoso
5200,U0587,2026-06-13 03:11:00,Web,Exitoso
16366,U0564,2026-06-26 10:18:40,Web,Error
14094,U0658,2026-06-08 16:56:00,Web,Exitoso
11822,U0523,2026-06-21 17:45:00,Web,Exitoso
13658,U0520,2026-06-08 00:26:00,iOS,Exitoso
1925,U0659,2026-06-12 11:53:00,Web,Error
9411,U0716,2026-06-25 21:45:00,iOS,Exitoso
9972,U0659,2026-06-27 18:14:00,iOS,Exitoso
6808,U0893,2026-06-06 19:04:00,iOS,Exitoso
12740,U0712,2026-06-18 08:23:00,iOS,Exitoso
1133,U0113,2026-06-08 20:24:00,Android,Error
6156,U0736,2026-06-20 21:25:00,iOS,Exitoso
15749,,2026-06-26 10:01:07,Web,Error
13552,U0917,2026-06-14 21:53:00,Android,Exitoso
3954,U0130,2026-06-27 22:18:00,Android,Error
4966,U0391,2026-06-13 13:49:00,iOS,Error
9989,U0503,2026-06-15 05:43:00,Web,Exitoso
14085,U0846,2026-06-22 12:34:00,iOS,Exitoso
6441,U0889,2026-06-25 02:11:00,iOS,Exitoso
10923,U0537,2026-06-05 23:10:00,Web,Exitoso
14311,U0578,2026-06-12 05:24:00,Android,Exitoso
9105,U0577,2026-06-15 12:26:00,iOS,Exitoso
1597,U0149,2026-06-11 20:58:00,Web,Error
650,,2026-06-15 05:44:00,Android,Error
12119,U0917,2026-06-05 19:34:00,Android,Exitoso
3602,U0066,2026-06-26 00:54:00,Android,Error
14185,U0689,2026-06-01 17:24:00,Android,Exitoso
2317,U0283,2026-06-26 03:05:00,Web,Error
382,U0246,2026-06-04 06:53:00,iOS,Error
6356,U0815,2026-06-20 18:17:00,iOS,Exitoso
13257,U0842,2026-06-14 16:04:00,Web,Exitoso
7511,U0998,2026-06-07 01:00:00,Web,Exitoso
8153,U0812,2026-06-21 16:52:00,Android,Exitoso
4685,U0440,2026-06-22 04:11:00,iOS,Error
3339,,2026-06-04 05:31:00,iOS,Error
13383,U0732,2026-06-04 23:23:00,Android,Exitoso
1787,U0116,2026-06-06 08:56:00,iOS,Error
9631,U0710,2026-06-05 23:26:00,iOS,Exitoso
13485,U0968,2026-06-24 04:42:00,Android,Exitoso
989,U0226,2026-06-10 17:35:00,Android,Error
1738,U0528,2026-06-10 21:36:00,iOS,Error
9540,U0744,2026-06-14 17:03:00,Web,Exitoso
14477,U0585,2026-06-13 17:13:00,Web,Exitoso
6820,U0837,2026-06-16 05:33:00,Web,Exitoso
393,U0136,2026-06-03 01:12:00,Android,Error
11044,U0946,2026-06-19 15:14:00,Android,Exitoso
7727,U0701,2026-06-05 17:03:00,Android,Exitoso
4529,,2026-06-06 05:49:00,Web,Error
9447,U0750,2026-06-06 16:00:00,Android,Exitoso
3645,,2026-06-10 03:01:00,Web,Error
9471,U0624,2026-06-28 14:26:00,Web,Exitoso
14127,U0673,2026-06-26 16:51:00,iOS,Exitoso
8525,U0626,2026-06-20 03:27:00,Web,Exitoso
6708,U0624,2026-06-27 00:39:00,Web,Exitoso
522,U0417,2026-06-02 03:25:00,iOS,Error
12998,U0489,2026-06-09 23:53:00,Web,Exitoso
12126,U0809,2026-06-09 06:49:00,iOS,Exitoso
8864,U0582,2026-06-02 09:48:00,iOS,Exitoso
4070,U0794,2026-06-15 11:27:00,Web,Error
149,U0165,2026-06-05 06:44:00,iOS,Error
12485,U0829,2026-06-01 19:09:00,Web,Exitoso
6298,U0842,2026-06-13 23:02:00,iOS,Exitoso
10959,U0605,2026-06-27 02:57:00,Android,Exitoso
15924,,2026-06-26 10:17:34,Web,Error
3422,,2026-06-19 02:38:00,Web,Error
10838,U0947,2026-06-27 07:55:00,Android,Exitoso
12392,U0952,2026-06-21 00:34:00,iOS,Exitoso
7533,U0924,2026-06-19 14:25:00,Web,Exitoso
13076,U0504,2026-06-05 16:33:00,Android,Exitoso
13836,U0808,2026-06-17 04:28:00,Android,Exitoso
9893,U0797,2026-06-13 12:34:00,Android,Exitoso
7635,U0584,2026-06-21 02:49:00,Web,Exitoso
11584,U0833,2026-06-18 05:20:00,Web,Exitoso
11637,U0623,2026-06-24 04:08:00,Web,Exitoso
10761,U0543,2026-06-19 15:58:00,iOS,Exitoso
13388,U0899,2026-06-04 14:43:00,Android,Exitoso
4263,,2026-06-16 15:55:00,Web,Error
7455,U0513,2026-06-24 15:04:00,Web,Exitoso
5958,U0870,2026-06-01 21:40:00,iOS,Exitoso
15028,,2026-06-26 10:27:47,Web,Error
9368,U0578,2026-06-15 05:19:00,Android,Exitoso
7535,U0668,2026-06-19 21:53:00,Android,Exitoso
6774,U0586,2026-06-17 18:43:00,Android,Exitoso
15475,,2026-06-26 10:08:07,Web,Error
2828,,2026-06-17 05:13:00,Web,Error
3940,,2026-06-14 12:42:00,Web,Error
3821,U0240,2026-06-12 08:38:00,Web,Error
14006,U0492,2026-06-26 08:42:00,iOS,Exitoso
10345,U0713,2026-06-28 18:11:00,Android,Exitoso
9301,U0932,2026-06-11 06:47:00,Android,Exitoso
5318,U0755,2026-06-27 18:44:00,iOS,Exitoso
6864,U0762,2026-06-06 00:16:00,Web,Exitoso
5706,U0663,2026-06-09 06:40:00,iOS,Exitoso
9296,U0804,2026-06-03 07:51:00,iOS,Exitoso
12121,U0749,2026-06-23 06:26:00,Android,Exitoso
2040,U0583,2026-06-20 08:17:00,Android,Error
13971,U0951,2026-06-12 20:55:00,Web,Exitoso
11736,U0700,2026-06-27 00:06:00,iOS,Exitoso
13850,U0825,2026-06-10 04:11:00,iOS,Exitoso
1916,U0057,2026-06-23 19:16:00,iOS,Error
3503,U0082,2026-06-18 19:30:00,Web,Error
4455,U0050,2026-06-05 14:42:00,Android,Error
7174,U0822,2026-06-12 10:25:00,Web,Exitoso
2281,U0152,2026-06-24 20:29:00,Android,Error
16477,U0832,2026-06-26 10:27:18,Web,Error
10255,U0853,2026-06-05 17:52:00,Web,Exitoso
1581,U0135,2026-06-23 01:49:00,iOS,Error
1095,U0032,2026-06-25 06:03:00,Web,Error
10127,U0836,2026-06-17 15:11:00,Android,Exitoso
2974,U0364,2026-06-13 02:54:00,iOS,Error
2895,U0767,2026-06-17 06:35:00,Web,Error
10598,U0819,2026-06-20 00:08:00,Android,Exitoso
2498,U0796,2026-06-02 08:52:00,iOS,Error
2988,U0388,2026-06-02 08:34:00,Web,Error
14512,U0754,2026-06-15 16:31:00,iOS,Exitoso
8267,U0790,2026-06-26 18:42:00,Web,Exitoso
312,,2026-06-16 14:49:00,iOS,Error
940,U0413,2026-06-05 21:41:00,Android,Error
12569,U0825,2026-06-12 06:56:00,Web,Exitoso
15839,,2026-06-26 10:04:26,Web,Error
2287,U0433,2026-06-11 19:38:00,Android,Error
15957,,2026-06-26 10:06:51,Web,Error
6190,U0725,2026-06-18 17:05:00,Web,Exitoso
13586,U0719,2026-06-18 05:31:00,Web,Exitoso
6654,U0489,2026-06-16 01:21:00,Web,Exitoso
12216,U0966,2026-06-19 09:40:00,Android,Exitoso
11528,U0632,2026-06-07 08:26:00,Web,Exitoso
13205,U0779,2026-06-13 13:16:00,Android,Exitoso
11270,U0884,2026-06-28 13:18:00,Android,Exitoso
10182,U0590,2026-06-19 14:28:00,iOS,Exitoso
4073,U0800,2026-06-25 15:12:00,Web,Error
3676,U0126,2026-06-06 04:49:00,iOS,Error
7515,U0841,2026-06-25 15:58:00,iOS,Exitoso
16373,U0941,2026-06-26 10:09:05,Web,Error
5031,U0757,2026-06-16 03:14:00,Web,Exitoso
1973,U0294,2026-06-09 22:36:00,Web,Error
11192,U0738,2026-06-12 23:24:00,Web,Exitoso
4767,U0300,2026-06-16 22:04:00,iOS,Error
3074,,2026-06-04 19:53:00,Web,Error
6148,U0901,2026-06-22 02:10:00,Web,Exitoso
1476,U0064,2026-06-14 02:30:00,iOS,Error
15790,,2026-06-26 10:26:35,Web,Error
13951,U0966,2026-06-27 20:23:00,Web,Exitoso
13247,U0921,2026-06-22 21:21:00,Web,Exitoso
6025,U0637,2026-06-13 17:59:00,iOS,Exitoso
2427,U0434,2026-06-20 15:25:00,Web,Error
3123,U0246,2026-06-22 16:40:00,Web,Error
1467,U0183,2026-06-08 21:05:00,iOS,Error
2512,U0305,2026-06-17 16:09:00,Android,Error
12557,U0723,2026-06-12 23:53:00,Web,Exitoso
7420,U0676,2026-06-17 16:08:00,Web,Exitoso
14255,U0927,2026-06-26 20:17:00,Android,Exitoso
2127,,2026-06-12 11:24:00,Android,Error
6000,U0659,2026-06-11 19:57:00,Web,Exitoso
5155,U0484,2026-06-13 15:54:00,Web,Exitoso
12835,U0986,2026-06-02 03:00:00,Web,Exitoso
16203,,2026-06-26 10:19:33,Web,Error
13050,U0849,2026-06-06 15:02:00,iOS,Exitoso
4384,U0036,2026-06-26 14:17:00,Web,Error
5447,U0862,2026-06-25 21:26:00,Web,Exitoso
2566,,2026-06-05 22:18:00,iOS,Error
7081,U0770,2026-06-09 04:18:00,Web,Exitoso
14161,U0938,2026-06-02 02:08:00,Android,Exitoso
10089,U0886,2026-06-22 05:27:00,iOS,Exitoso
5196,U0597,2026-06-16 15:22:00,iOS,Exitoso
3128,,2026-06-17 21:20:00,Web,Error
9728,U0873,2026-06-10 05:16:00,iOS,Exitoso
4307,U0203,2026-06-28 17:15:00,iOS,Error
14046,U0917,2026-06-10 17:51:00,Android,Exitoso
5366,U0695,2026-06-06 19:20:00,iOS,Exitoso
11559,U0753,2026-06-12 09:24:00,Web,Exitoso
11296,U0877,2026-06-16 11:33:00,iOS,Exitoso
5526,U0940,2026-06-27 07:16:00,Android,Exitoso
11139,U0512,2026-06-19 15:32:00,Android,Exitoso
13272,U0622,2026-06-22 11:12:00,Android,Exitoso
2698,U0059,2026-06-06 20:43:00,Web,Error
7605,U0959,2026-06-24 08:56:00,iOS,Exitoso
10167,U0626,2026-06-23 13:56:00,Android,Exitoso
2746,U0343,2026-06-08 05:37:00,Web,Error
15835,,2026-06-26 10:15:16,Web,Error
13707,U0678,2026-06-09 13:20:00,Web,Exitoso
16397,U0822,2026-06-26 10:26:21,Web,Error
1073,U0902,2026-06-07 13:32:00,Web,Error
835,U0193,2026-06-06 12:45:00,Web,Error
9086,U0617,2026-06-12 18:29:00,Android,Exitoso
15661,,2026-06-26 10:15:32,Web,Error
6987,U0723,2026-06-20 12:30:00,Android,Exitoso
6055,U0545,2026-06-05 07:14:00,Android,Exitoso
6061,U0530,2026-06-27 04:48:00,Web,Exitoso
5772,U0574,2026-06-18 00:27:00,iOS,Exitoso
8958,U0849,2026-06-14 23:06:00,iOS,Exitoso
5123,U0763,2026-06-22 03:48:00,iOS,Exitoso
9239,U0642,2026-06-11 09:30:00,Android,Exitoso
9257,U0893,2026-06-26 19:14:00,Web,Exitoso
9141,U0906,2026-06-18 15:27:00,Web,Exitoso
7099,U0725,2026-06-24 01:01:00,iOS,Exitoso
8955,U0706,2026-06-25 10:24:00,iOS,Exitoso
545,U0159,2026-06-24 00:31:00,Android,Error
15038,,2026-06-26 10:14:10,Web,Error
11925,U0753,2026-06-04 09:06:00,Android,Exitoso
4297,U0230,2026-06-05 22:58:00,Web,Error
7290,U0928,2026-06-08 14:58:00,Android,Exitoso
15771,,2026-06-26 10:11:11,Web,Error
2255,,2026-06-18 16:13:00,Web,Error
1470,,2026-06-25 17:50:00,iOS,Error
13867,U0815,2026-06-25 01:14:00,Android,Exitoso
688,,2026-06-08 00:26:00,Web,Error
1047,U0217,2026-06-18 20:53:00,iOS,Error
10981,U0554,2026-06-18 15:11:00,Web,Exitoso
3686,U0254,2026-06-22 16:13:00,Web,Error
11578,U0794,2026-06-14 17:48:00,Web,Exitoso
1583,U0407,2026-06-18 22:34:00,Web,Error
7287,U0746,2026-06-09 16:08:00,Web,Exitoso
1483,U0138,2026-06-10 14:09:00,iOS,Error
7780,U0829,2026-06-19 22:36:00,iOS,Exitoso
2445,U0195,2026-06-02 15:07:00,Android,Error
9845,U0735,2026-06-13 13:54:00,Web,Exitoso
4824,U0401,2026-06-01 07:33:00,iOS,Error
11395,U0752,2026-06-15 10:53:00,Web,Exitoso
15401,,2026-06-26 10:20:34,Web,Error
10397,U0521,2026-06-17 00:12:00,Web,Exitoso
14016,U0681,2026-06-25 23:50:00,iOS,Exitoso
11598,U0488,2026-06-28 06:33:00,Web,Exitoso
2144,,2026-06-01 04:22:00,Web,Error
8633,U0773,2026-06-25 10:50:00,Android,Exitoso
7004,U0590,2026-06-13 17:46:00,Web,Exitoso
13892,U0533,2026-06-15 15:26:00,Web,Exitoso
10568,U0869,2026-06-21 04:40:00,Web,Exitoso
14949,U0479,2026-06-18 18:35:00,iOS,Exitoso
12715,U0743,2026-06-27 14:04:00,Web,Exitoso
11111,U0806,2026-06-16 03:55:00,iOS,Exitoso
9589,U0844,2026-06-03 09:57:00,Android,Exitoso
11457,U0713,2026-06-08 23:00:00,iOS,Exitoso
9709,U0593,2026-06-07 14:50:00,iOS,Exitoso
3672,,2026-06-20 09:44:00,Web,Error
12107,U0740,2026-06-16 14:13:00,iOS,Exitoso
11243,U0632,2026-06-25 19:09:00,Web,Exitoso
8148,U0926,2026-06-09 05:54:00,Android,Exitoso
659,U0702,2026-06-28 08:12:00,Android,Error
5397,U0656,2026-06-24 01:51:00,Android,Exitoso
5332,U0837,2026-06-22 04:00:00,Web,Exitoso
8382,U0575,2026-06-14 17:22:00,Android,Exitoso
12405,U0769,2026-06-12 06:41:00,iOS,Exitoso
13130,U0659,2026-06-21 21:33:00,Android,Exitoso
13413,U0540,2026-06-11 23:59:00,iOS,Exitoso
1862,,2026-06-02 13:54:00,Web,Error
11686,U0933,2026-06-18 13:51:00,Android,Exitoso
2490,U0344,2026-06-26 09:08:00,Web,Error
6299,U0790,2026-06-26 01:08:00,iOS,Exitoso
12165,U0570,2026-06-18 17:56:00,Android,Exitoso
12164,U0560,2026-06-25 10:32:00,Android,Exitoso
6626,U0650,2026-06-15 03:40:00,iOS,Exitoso
3896,,2026-06-22 04:36:00,Web,Error
11928,U0926,2026-06-14 15:43:00,iOS,Exitoso
6616,U0954,2026-06-25 08:04:00,Android,Exitoso
4677,U0647,2026-06-02 01:05:00,Web,Error
12885,U0859,2026-06-08 08:16:00,iOS,Exitoso
1165,U0416,2026-06-19 22:48:00,Web,Error
3647,U0673,2026-06-02 16:22:00,iOS,Error
6142,U0782,2026-06-21 20:02:00,Android,Exitoso
13996,U0954,2026-06-01 20:49:00,Web,Exitoso
7496,U0888,2026-06-23 06:48:00,iOS,Exitoso
7434,U0767,2026-06-05 21:30:00,Android,Exitoso
7965,U0776,2026-06-09 16:09:00,Android,Exitoso
9609,U0972,2026-06-04 20:38:00,Android,Exitoso
13914,U0807,2026-06-06 15:31:00,Web,Exitoso
2706,U0438,2026-06-24 20:13:00,iOS,Error
2056,U0298,2026-06-02 09:54:00,Web,Error
14814,U0766,2026-06-13 06:22:00,Android,Exitoso
5298,U0825,2026-06-24 12:23:00,Web,Exitoso
6981,U0861,2026-06-12 16:11:00,Android,Exitoso
8362,U0621,2026-06-14 23:37:00,Android,Exitoso
10274,U0731,2026-06-19 23:05:00,Android,Exitoso
2625,U0332,2026-06-26 09:05:00,iOS,Error
6966,U0647,2026-06-27 16:36:00,iOS,Exitoso
13159,U0541,2026-06-04 14:42:00,Web,Exitoso
4974,,2026-06-25 03:40:00,Web,Error
14330,U0561,2026-06-10 17:34:00,Android,Exitoso
2530,U0259,2026-06-14 18:34:00,Android,Error
9807,U0713,2026-06-16 14:05:00,Web,Exitoso
7595,U0811,2026-06-23 20:44:00,Android,Exitoso
5268,U0943,2026-06-28 17:19:00,Web,Exitoso
1963,U0421,2026-06-09 03:26:00,iOS,Error
16320,U0483,2026-06-26 10:04:12,Web,Error
3533,U0519,2026-06-10 18:46:00,iOS,Error
9907,U0627,2026-06-08 09:12:00,iOS,Exitoso
13232,U0990,2026-06-01 20:27:00,Android,Exitoso
11533,U0625,2026-06-04 02:43:00,Android,Exitoso
12175,U0608,2026-06-06 19:03:00,iOS,Exitoso
7570,U0477,2026-06-17 12:19:00,Web,Exitoso
363,U0145,2026-06-02 22:07:00,Android,Error
10552,U0489,2026-06-20 18:01:00,iOS,Exitoso
3300,,2026-06-10 09:57:00,Web,Error
12288,U0822,2026-06-18 04:14:00,iOS,Exitoso
3500,,2026-06-26 17:27:00,Web,Error
9578,U0708,2026-06-26 20:24:00,Android,Exitoso
10825,U0660,2026-06-13 21:07:00,Android,Exitoso
2433,U0280,2026-06-25 10:11:00,Android,Error
87,U0417,2026-06-27 10:48:00,Web,Error
12808,U0657,2026-06-27 08:50:00,Web,Exitoso
10220,U0460,2026-06-01 06:46:00,Android,Exitoso
6701,U0879,2026-06-01 18:45:00,Web,Exitoso
253,U0224,2026-06-09 06:48:00,Web,Error
13830,U0619,2026-06-13 00:00:00,Web,Exitoso
11532,U0930,2026-06-17 16:33:00,Android,Exitoso
11967,U0698,2026-06-15 20:06:00,iOS,Exitoso
1989,,2026-06-26 07:50:00,Web,Error
8988,U0743,2026-06-24 17:14:00,Android,Exitoso
12397,U0642,2026-06-24 01:34:00,Android,Exitoso
8264,U0698,2026-06-13 14:43:00,iOS,Exitoso
12036,U0736,2026-06-26 02:27:00,iOS,Exitoso
5090,U0774,2026-06-22 02:22:00,Web,Exitoso
8359,U0932,2026-06-10 14:00:00,Web,Exitoso
180,U0210,2026-06-08 06:10:00,iOS,Error
14324,U0971,2026-06-01 21:13:00,Android,Exitoso
11486,U0672,2026-06-10 11:04:00,Android,Exitoso
4829,,2026-06-09 01:11:00,Web,Error
3174,U0617,2026-06-08 17:00:00,iOS,Error
4084,U0532,2026-06-08 04:08:00,Web,Error
2700,,2026-06-11 12:30:00,Web,Error
7927,U0629,2026-06-15 10:54:00,Android,Exitoso
12582,U0870,2026-06-08 17:14:00,Android,Exitoso
14282,U0702,2026-06-23 14:50:00,Web,Exitoso
11773,U0728,2026-06-13 02:48:00,iOS,Exitoso
7942,U0530,2026-06-25 07:34:00,Android,Exitoso
8612,U0945,2026-06-07 01:35:00,Web,Exitoso
2101,U0376,2026-06-13 18:35:00,Android,Error
7368,U0952,2026-06-25 22:30:00,Android,Exitoso
3118,U0938,2026-06-04 15:32:00,Android,Error
4895,U0277,2026-06-09 06:55:00,Web,Error
1357,U0315,2026-06-15 07:44:00,iOS,Error
1843,,2026-06-07 19:23:00,Web,Error
2630,,2026-06-17 02:39:00,iOS,Error
3333,U0280,2026-06-05 16:09:00,iOS,Error
16331,U0506,2026-06-26 10:14:08,Web,Error
51,,2026-06-01 00:51:00,Web,Error
12860,U0657,2026-06-08 22:44:00,Android,Exitoso
13815,U0858,2026-06-19 06:17:00,Web,Exitoso
4458,U0539,2026-06-27 01:08:00,Web,Error
14247,U0903,2026-06-09 04:10:00,Web,Exitoso
12248,U0704,2026-06-04 11:08:00,Web,Exitoso
1331,,2026-06-24 04:35:00,iOS,Error
15163,,2026-06-26 10:21:07,Web,Error
3897,,2026-06-21 05:57:00,Web,Error
397,U0589,2026-06-20 09:51:00,Android,Error
11753,U0959,2026-06-16 03:39:00,Android,Exitoso
12421,U0517,2026-06-27 23:18:00,Android,Exitoso
8608,U0917,2026-06-23 22:19:00,Web,Exitoso
5466,U0958,2026-06-14 19:08:00,Android,Exitoso
1464,U0182,2026-06-06 14:42:00,Android,Error
15253,,2026-06-26 10:23:54,Web,Error
12953,U0636,2026-06-12 00:26:00,Web,Exitoso
8214,U0891,2026-06-07 11:42:00,Web,Exitoso
2166,,2026-06-21 12:47:00,Web,Error
4891,,2026-06-02 13:12:00,Web,Error
13771,U0593,2026-06-02 18:12:00,Android,Exitoso
4769,,2026-06-22 05:03:00,Web,Error
950,U0324,2026-06-02 13:31:00,iOS,Error
16009,,2026-06-26 10:09:29,Web,Error
6026,U0666,2026-06-09 04:15:00,iOS,Exitoso
2028,,2026-06-01 05:07:00,Web,Error
15378,,2026-06-26 10:00:05,Web,Error
5262,U0864,2026-06-25 16:18:00,Android,Exitoso
14438,U0687,2026-06-23 22:10:00,Android,Exitoso
11254,U0584,2026-06-02 23:57:00,Web,Exitoso
9936,U0948,2026-06-28 15:38:00,Android,Exitoso
12561,U0730,2026-06-26 13:40:00,iOS,Exitoso
14393,U0513,2026-06-22 12:22:00,iOS,Exitoso
16408,U0481,2026-06-26 10:05:55,Web,Error
9439,U0765,2026-06-08 06:44:00,Android,Exitoso
7802,U0802,2026-06-12 08:23:00,Android,Exitoso
7124,U0927,2026-06-25 21:25:00,Web,Exitoso
8409,U0697,2026-06-22 14:50:00,Web,Exitoso
7324,U0666,2026-06-10 18:31:00,Web,Exitoso
13174,U0890,2026-06-19 18:23:00,Android,Exitoso
2461,,2026-06-22 22:07:00,Android,Error
7543,U0659,2026-06-26 19:25:00,Web,Exitoso
10899,U0881,2026-06-24 07:08:00,Web,Exitoso
4816,,2026-06-05 09:36:00,Web,Error
4678,U0152,2026-06-09 00:38:00,Web,Error
13173,U0900,2026-06-18 09:07:00,iOS,Exitoso
13607,U0805,2026-06-05 09:52:00,Android,Exitoso
9674,U0502,2026-06-05 16:06:00,Web,Exitoso
2853,U0369,2026-06-08 10:01:00,Android,Error
11262,U0735,2026-06-20 07:16:00,Android,Exitoso
10248,U0864,2026-06-01 01:01:00,Android,Exitoso
7754,U0840,2026-06-02 18:45:00,Web,Exitoso
7037,U0529,2026-06-03 21:20:00,Web,Exitoso
8632,U0780,2026-06-20 09:05:00,Web,Exitoso
4238,U0473,2026-06-14 11:05:00,Web,Error
9104,U0812,2026-06-25 06:52:00,Web,Exitoso
11131,U0852,2026-06-10 06:44:00,Android,Exitoso
6189,U0525,2026-06-17 22:00:00,Android,Exitoso
13792,U0585,2026-06-23 16:21:00,iOS,Exitoso
6313,U0985,2026-06-13 17:18:00,Web,Exitoso
13667,U0900,2026-06-21 18:35:00,Android,Exitoso
2304,,2026-06-20 13:09:00,Android,Error
3146,U0232,2026-06-13 12:49:00,iOS,Error
3017,U0150,2026-06-03 17:05:00,Web,Error
504,,2026-06-22 02:42:00,Web,Error
6824,U0909,2026-06-06 14:16:00,Android,Exitoso
2592,U0408,2026-06-06 08:57:00,Web,Error
9385,U0685,2026-06-07 19:21:00,Web,Exitoso
15120,,2026-06-26 10:27:02,Web,Error
360,U0170,2026-06-01 19:17:00,Android,Error
965,U0192,2026-06-26 23:09:00,Android,Error
7864,U0486,2026-06-15 03:39:00,Android,Exitoso
1030,,2026-06-25 20:06:00,iOS,Error
9304,U0534,2026-06-11 04:18:00,Web,Exitoso
9262,U0492,2026-06-12 03:43:00,iOS,Exitoso
5194,U0480,2026-06-19 12:54:00,Web,Exitoso
12546,U0910,2026-06-13 03:02:00,Web,Exitoso
16404,U0633,2026-06-26 10:19:20,Web,Error
12152,U0899,2026-06-14 22:10:00,Android,Exitoso
9328,U0985,2026-06-16 00:13:00,Android,Exitoso
3077,U0066,2026-06-10 05:44:00,iOS,Error
9652,U0484,2026-06-26 03:43:00,iOS,Exitoso
9490,U0851,2026-06-18 17:01:00,Web,Exitoso
9307,U0952,2026-06-19 10:07:00,iOS,Exitoso
8017,U0596,2026-06-25 06:03:00,iOS,Exitoso
12429,U0701,2026-06-28 12:43:00,Android,Exitoso
9216,U0751,2026-06-21 07:46:00,Web,Exitoso
1649,,2026-06-18 16:01:00,iOS,Error
13310,U0458,2026-06-24 09:50:00,iOS,Exitoso
2076,U0077,2026-06-22 11:52:00,Web,Error
538,U0126,2026-06-07 05:00:00,Web,Error
10512,U0963,2026-06-04 08:52:00,Web,Exitoso
354,U0199,2026-06-16 23:32:00,Web,Error
133,U0392,2026-06-21 21:25:00,Android,Error
11289,U0788,2026-06-11 21:49:00,iOS,Exitoso
6022,U0991,2026-06-20 13:10:00,Android,Exitoso
732,U0391,2026-06-09 08:37:00,Web,Error
3280,U0170,2026-06-18 23:51:00,Web,Error
9988,U0670,2026-06-18 08:49:00,iOS,Exitoso
11969,U0997,2026-06-12 21:02:00,Android,Exitoso
158,U0934,2026-06-17 00:29:00,Web,Error
7366,U0610,2026-06-16 07:57:00,Android,Exitoso
3537,U0345,2026-06-05 13:48:00,iOS,Error
1235,U0827,2026-06-13 01:39:00,iOS,Error
7823,U0739,2026-06-09 01:29:00,Android,Exitoso
2823,U0560,2026-06-15 02:09:00,Android,Error
7439,U0692,2026-06-13 19:35:00,Android,Exitoso
11107,U0688,2026-06-28 03:23:00,Web,Exitoso
15956,,2026-06-26 10:22:26,Web,Error
9506,U0594,2026-06-21 17:18:00,iOS,Exitoso
2084,U0370,2026-06-06 12:19:00,iOS,Error
14327,U0797,2026-06-26 13:45:00,iOS,Exitoso
13037,U0999,2026-06-01 10:03:00,Web,Exitoso
14944,U0752,2026-06-15 14:30:00,iOS,Exitoso
15733,,2026-06-26 10:25:24,Web,Error
1598,U0196,2026-06-19 17:19:00,Web,Error
6756,U0485,2026-06-22 23:49:00,iOS,Exitoso
12848,U0558,2026-06-06 00:41:00,Web,Exitoso
478,U0671,2026-06-20 18:13:00,Web,Error
8484,U0971,2026-06-11 15:56:00,Android,Exitoso
8860,U0602,2026-06-18 07:39:00,iOS,Exitoso
8737,U0460,2026-06-12 10:24:00,Web,Exitoso
1160,U0189,2026-06-16 17:39:00,iOS,Error
8446,U0775,2026-06-15 02:22:00,Android,Exitoso
6196,U0674,2026-06-10 02:45:00,Android,Exitoso
10451,U0685,2026-06-10 07:05:00,Android,Exitoso
15783,,2026-06-26 10:14:51,Web,Error
13344,U0981,2026-06-08 12:27:00,Android,Exitoso
14041,U0659,2026-06-28 14:01:00,Android,Exitoso
15512,,2026-06-26 10:17:20,Web,Error
16338,U0697,2026-06-26 10:15:15,Web,Error
15432,,2026-06-26 10:23:58,Web,Error
5435,U0936,2026-06-03 02:26:00,iOS,Exitoso
15568,,2026-06-26 10:19:51,Web,Error
9395,U0801,2026-06-28 14:19:00,Android,Exitoso
8304,U0713,2026-06-11 11:35:00,iOS,Exitoso
1415,U0231,2026-06-05 23:05:00,iOS,Error
7328,U0897,2026-06-07 06:05:00,Web,Exitoso
12417,U0991,2026-06-28 16:05:00,Android,Exitoso
2556,U0888,2026-06-06 11:44:00,Web,Error
8916,U0883,2026-06-14 19:16:00,Web,Exitoso
15370,,2026-06-26 10:22:36,Web,Error
7624,U0514,2026-06-25 07:32:00,iOS,Exitoso
12146,U0853,2026-06-06 00:54:00,iOS,Exitoso
11719,U0762,2026-06-20 02:46:00,Android,Exitoso
963,U0233,2026-06-15 21:06:00,Android,Error
2214,U0852,2026-06-02 12:05:00,iOS,Error
322,,2026-06-28 00:37:00,iOS,Error
6541,U0904,2026-06-15 12:18:00,iOS,Exitoso
16287,U0643,2026-06-26 10:04:54,Web,Error
1935,,2026-06-20 07:44:00,Android,Error
6348,U0464,2026-06-24 06:57:00,Android,Exitoso
3906,U0381,2026-06-10 23:39:00,Web,Error
9703,U0548,2026-06-11 03:55:00,Web,Exitoso
5715,U0463,2026-06-07 12:03:00,Web,Exitoso
6568,U0765,2026-06-24 19:16:00,iOS,Exitoso
4650,U0309,2026-06-15 01:39:00,Android,Error
8089,U0657,2026-06-25 16:20:00,Web,Exitoso
3738,U0069,2026-06-20 11:52:00,Web,Error
8381,U0707,2026-06-01 02:32:00,Android,Exitoso
1099,U0180,2026-06-03 05:52:00,iOS,Error
5167,U0457,2026-06-21 15:10:00,Web,Exitoso
16368,U0768,2026-06-26 10:15:08,Web,Error
15951,,2026-06-26 10:25:44,Web,Error
3545,U0222,2026-06-10 02:30:00,iOS,Error
14557,U0791,2026-06-24 22:25:00,Android,Exitoso
15421,,2026-06-26 10:22:48,Web,Error
387,U0313,2026-06-03 06:21:00,Android,Error
14148,U0914,2026-06-17 17:55:00,Android,Exitoso
5512,U0947,2026-06-05 12:17:00,Android,Exitoso
268,U0227,2026-06-03 00:32:00,Web,Error
2970,,2026-06-07 07:12:00,Web,Error
7955,U0845,2026-06-18 05:24:00,Web,Exitoso
9499,U0479,2026-06-09 02:52:00,iOS,Exitoso
16493,U0498,2026-06-26 10:08:11,Web,Error
15698,,2026-06-26 10:22:19,Web,Error
198,U0598,2026-06-06 01:29:00,iOS,Error
2814,U0105,2026-06-17 12:00:00,Android,Error
3472,U0172,2026-06-27 08:27:00,iOS,Error
3798,U0390,2026-06-09 12:39:00,iOS,Error
13436,U0647,2026-06-20 04:10:00,Android,Exitoso
3220,,2026-06-23 14:49:00,iOS,Error
6802,U0687,2026-06-25 10:17:00,iOS,Exitoso
3386,U0009,2026-06-13 19:15:00,iOS,Error
6779,U0641,2026-06-21 03:58:00,Android,Exitoso
5730,U0862,2026-06-01 11:24:00,Android,Exitoso
2973,,2026-06-13 08:16:00,iOS,Error
15633,,2026-06-26 10:04:43,Web,Error
3192,U0253,2026-06-06 01:25:00,iOS,Error
9966,U0633,2026-06-18 16:07:00,Web,Exitoso
8329,U0719,2026-06-28 14:30:00,Android,Exitoso
8152,U0866,2026-06-01 17:10:00,Web,Exitoso
14419,U0694,2026-06-24 15:20:00,iOS,Exitoso
5650,U0749,2026-06-06 23:19:00,Android,Exitoso
12867,U0801,2026-06-03 01:50:00,Android,Exitoso
5477,U0923,2026-06-24 07:09:00,Android,Exitoso
13242,U0497,2026-06-19 10:46:00,Android,Exitoso
11970,U0807,2026-06-27 18:36:00,Web,Exitoso
3850,,2026-06-08 02:31:00,Web,Error
2160,U0319,2026-06-25 17:56:00,Web,Error
4080,U0805,2026-06-14 00:03:00,Web,Error
1888,,2026-06-13 13:26:00,Android,Error
15093,,2026-06-26 10:21:58,Web,Error
9696,U0876,2026-06-22 12:32:00,iOS,Exitoso
2583,U0032,2026-06-06 18:38:00,Web,Error
12570,U0813,2026-06-01 00:56:00,Android,Exitoso
6619,U0469,2026-06-15 22:10:00,Android,Exitoso
13320,U1000,2026-06-04 15:28:00,iOS,Exitoso
7097,U0985,2026-06-22 04:39:00,Android,Exitoso
14240,U0812,2026-06-27 13:02:00,iOS,Exitoso
11565,U0516,2026-06-24 09:21:00,iOS,Exitoso
7824,U0880,2026-06-07 04:55:00,Web,Exitoso
15289,,2026-06-26 10:01:13,Web,Error
1173,,2026-06-13 11:05:00,Web,Error
6320,U0740,2026-06-18 06:02:00,Web,Exitoso
12210,U0813,2026-06-20 03:37:00,iOS,Exitoso
1075,,2026-06-22 11:30:00,Android,Error
10528,U0527,2026-06-06 21:38:00,iOS,Exitoso
13114,U0872,2026-06-21 17:46:00,iOS,Exitoso
3830,U0432,2026-06-07 14:28:00,Android,Error
3559,U0405,2026-06-03 04:23:00,Web,Error
7716,U0671,2026-06-27 00:07:00,Web,Exitoso
11396,U0514,2026-06-22 08:16:00,Web,Exitoso
7272,U0767,2026-06-11 04:03:00,Web,Exitoso
9112,U0711,2026-06-25 19:07:00,Android,Exitoso
7630,U0518,2026-06-16 07:15:00,Web,Exitoso
14927,U0910,2026-06-27 14:59:00,Android,Exitoso
449,U0166,2026-06-12 03:11:00,Web,Error
11550,U0457,2026-06-24 18:21:00,Web,Exitoso
41,U0093,2026-06-07 11:08:00,Web,Error
4508,,2026-06-09 07:26:00,Web,Error
6932,U0612,2026-06-03 16:43:00,iOS,Exitoso
12072,U0880,2026-06-12 04:41:00,Android,Exitoso
9092,U0510,2026-06-04 18:06:00,iOS,Exitoso
16334,U0500,2026-06-26 10:25:33,Web,Error
3187,U0824,2026-06-08 08:12:00,Android,Error
12343,U0642,2026-06-14 00:10:00,iOS,Exitoso
4512,U0081,2026-06-19 03:30:00,iOS,Error
14494,U0502,2026-06-23 15:30:00,iOS,Exitoso
12935,U0908,2026-06-19 19:26:00,Android,Exitoso
5389,U0681,2026-06-03 20:40:00,Android,Exitoso
11506,U0549,2026-06-20 01:03:00,Web,Exitoso
8690,U0545,2026-06-25 03:49:00,iOS,Exitoso
14817,U0755,2026-06-12 01:48:00,iOS,Exitoso
1421,,2026-06-07 09:50:00,iOS,Error
10661,U0480,2026-06-27 11:53:00,Web,Exitoso
72,,2026-06-15 06:06:00,Android,Error
5949,U0662,2026-06-15 22:47:00,Web,Exitoso
1007,,2026-06-23 15:46:00,Web,Error
6830,U0972,2026-06-27 14:34:00,Android,Exitoso
1593,U0731,2026-06-22 20:12:00,Web,Error
1874,,2026-06-05 15:51:00,Web,Error
6594,U0864,2026-06-24 06:57:00,Web,Exitoso
6500,U0491,2026-06-12 21:58:00,Web,Exitoso
7392,U0472,2026-06-13 12:01:00,iOS,Exitoso
6732,U0997,2026-06-27 18:36:00,iOS,Exitoso
2358,U0423,2026-06-06 04:06:00,Web,Error
9925,U0504,2026-06-16 09:04:00,iOS,Exitoso
11072,U0760,2026-06-06 12:59:00,iOS,Exitoso
564,U0361,2026-06-24 10:37:00,Web,Error
4936,U0150,2026-06-04 01:50:00,Android,Error
14026,U0868,2026-06-05 11:24:00,Android,Exitoso
2986,,2026-06-13 10:17:00,Web,Error
16146,,2026-06-26 10:25:49,Web,Error
15575,,2026-06-26 10:27:42,Web,Error
5833,U0869,2026-06-01 17:53:00,Web,Exitoso
1401,U0354,2026-06-09 14:35:00,iOS,Error
4573,U0392,2026-06-07 05:23:00,Android,Error
8796,U0935,2026-06-05 15:50:00,Web,Exitoso
1861,U0384,2026-06-17 01:17:00,Android,Error
858,U0384,2026-06-16 13:21:00,iOS,Error
10879,U0564,2026-06-05 14:58:00,Web,Exitoso
5580,U0614,2026-06-12 16:46:00,Android,Exitoso
12581,U0774,2026-06-03 17:19:00,Web,Exitoso
13378,U0566,2026-06-04 14:43:00,iOS,Exitoso
3048,U0387,2026-06-19 22:19:00,iOS,Error
4260,,2026-06-04 03:08:00,Web,Error
12156,U0851,2026-06-04 23:09:00,Android,Exitoso
4196,U0017,2026-06-08 05:35:00,iOS,Error
12984,U0953,2026-06-27 15:17:00,iOS,Exitoso
15490,,2026-06-26 10:18:45,Web,Error
5290,U0741,2026-06-05 19:12:00,iOS,Exitoso
4593,,2026-06-16 23:19:00,Web,Error
1878,U0425,2026-06-28 06:33:00,iOS,Error
9757,U0511,2026-06-22 14:13:00,Android,Exitoso
7660,U0566,2026-06-04 02:56:00,Android,Exitoso
848,U0237,2026-06-26 00:25:00,Android,Error
2577,U0092,2026-06-15 08:50:00,Android,Error
16187,,2026-06-26 10:07:49,Web,Error
10958,U0501,2026-06-01 18:07:00,Android,Exitoso
13769,U0859,2026-06-07 04:57:00,Web,Exitoso
16019,,2026-06-26 10:14:52,Web,Error
13317,U0925,2026-06-11 15:09:00,Android,Exitoso
3204,U0257,2026-06-19 10:24:00,Web,Error
2245,,2026-06-22 08:55:00,Web,Error
4383,U0927,2026-06-27 06:34:00,Web,Error
12969,U0965,2026-06-14 08:51:00,Android,Exitoso
4318,U0041,2026-06-13 23:37:00,iOS,Error
11919,U0839,2026-06-10 01:56:00,iOS,Exitoso
2195,U0073,2026-06-14 12:34:00,iOS,Error
3035,,2026-06-28 05:29:00,Web,Error
11088,U0604,2026-06-20 07:17:00,Web,Exitoso
11162,U0590,2026-06-23 08:48:00,iOS,Exitoso
7096,U0983,2026-06-28 12:18:00,iOS,Exitoso
13929,U0622,2026-06-16 13:44:00,iOS,Exitoso
8336,U0670,2026-06-12 14:32:00,Web,Exitoso
2425,U0471,2026-06-16 04:11:00,iOS,Error
8432,U0977,2026-06-10 15:47:00,iOS,Exitoso
5688,U0689,2026-06-10 10:21:00,Web,Exitoso
8093,U0763,2026-06-28 12:53:00,iOS,Exitoso
4028,U0397,2026-06-03 18:51:00,Web,Error
11716,U0737,2026-06-06 08:42:00,Web,Exitoso
10028,U0456,2026-06-01 07:27:00,Android,Exitoso
10828,U0660,2026-06-19 13:51:00,Android,Exitoso
9511,U0892,2026-06-07 14:25:00,iOS,Exitoso
2661,U0721,2026-06-23 12:35:00,Android,Error
1516,U0393,2026-06-25 21:03:00,iOS,Error
12372,U0974,2026-06-21 17:25:00,iOS,Exitoso
8374,U0580,2026-06-22 20:26:00,Web,Exitoso
3070,,2026-06-05 04:57:00,Web,Error
12731,U0679,2026-06-15 16:53:00,Web,Exitoso
4279,U0970,2026-06-20 00:32:00,Web,Error
1474,U0267,2026-06-08 19:44:00,Android,Error
12231,U0494,2026-06-12 22:55:00,Web,Exitoso
5721,U0560,2026-06-07 04:10:00,iOS,Exitoso
1615,,2026-06-13 05:15:00,iOS,Error
10004,U0674,2026-06-21 12:29:00,Web,Exitoso
8315,U0780,2026-06-27 22:42:00,Android,Exitoso
13591,U0622,2026-06-04 08:34:00,Web,Exitoso
14261,U0984,2026-06-23 00:07:00,iOS,Exitoso
7061,U0472,2026-06-26 02:42:00,Web,Exitoso
9554,U0666,2026-06-21 00:43:00,Android,Exitoso
2635,,2026-06-24 04:41:00,Android,Error
16441,U0528,2026-06-26 10:21:05,Web,Error
471,,2026-06-08 07:53:00,Web,Error
13517,U0710,2026-06-19 12:11:00,iOS,Exitoso
7062,U0491,2026-06-16 20:18:00,Android,Exitoso
14139,U0582,2026-06-10 08:10:00,Android,Exitoso
12678,U0977,2026-06-11 19:18:00,Android,Exitoso
341,U0446,2026-06-12 14:20:00,Android,Error
9342,U0954,2026-06-06 14:10:00,Android,Exitoso
6563,U0964,2026-06-26 22:39:00,iOS,Exitoso
8788,U0909,2026-06-28 09:22:00,Android,Exitoso
1856,,2026-06-17 18:45:00,Web,Error
10801,U0705,2026-06-28 08:30:00,iOS,Exitoso
1184,U0385,2026-06-05 21:02:00,Web,Error
6119,U0652,2026-06-07 12:17:00,Android,Exitoso
5687,U0517,2026-06-01 11:52:00,iOS,Exitoso
13662,U0703,2026-06-11 23:08:00,iOS,Exitoso
15572,,2026-06-26 10:15:30,Web,Error
14271,U0748,2026-06-14 19:45:00,Web,Exitoso
7829,U0859,2026-06-23 19:51:00,Android,Exitoso
9565,U0471,2026-06-24 13:56:00,Web,Exitoso
1072,U0765,2026-06-02 03:30:00,Android,Error
11749,U0523,2026-06-08 18:26:00,Web,Exitoso
7894,U0912,2026-06-22 06:02:00,Android,Exitoso
12949,U0759,2026-06-02 23:16:00,Android,Exitoso
10903,U0801,2026-06-13 19:04:00,Android,Exitoso
15213,,2026-06-26 10:27:50,Web,Error
13291,U0996,2026-06-16 11:50:00,iOS,Exitoso
15218,,2026-06-26 10:05:30,Web,Error
3427,U0011,2026-06-07 18:47:00,Android,Error
3998,U0727,2026-06-07 02:00:00,Web,Error
6381,U0967,2026-06-23 02:15:00,Web,Exitoso
5791,U0969,2026-06-01 08:47:00,Web,Exitoso
7185,U0872,2026-06-27 16:23:00,Web,Exitoso
11456,U0993,2026-06-27 20:12:00,iOS,Exitoso
7370,U0705,2026-06-18 06:31:00,Android,Exitoso
9811,U0773,2026-06-17 04:45:00,Android,Exitoso
15626,,2026-06-26 10:28:57,Web,Error
11735,U0466,2026-06-12 02:34:00,Android,Exitoso
13227,U0659,2026-06-19 11:20:00,Web,Exitoso
14210,U0461,2026-06-08 13:24:00,iOS,Exitoso
13088,U0693,2026-06-06 19:45:00,iOS,Exitoso
5154,U0718,2026-06-25 11:35:00,Android,Exitoso
867,U0016,2026-06-27 10:21:00,Android,Error
10430,U0809,2026-06-01 09:07:00,Android,Exitoso
289,U0270,2026-06-21 00:31:00,iOS,Error
5379,U0736,2026-06-12 03:53:00,iOS,Exitoso
15361,,2026-06-26 10:11:45,Web,Error
5942,U0795,2026-06-16 17:00:00,iOS,Exitoso
7725,U0617,2026-06-04 15:19:00,Web,Exitoso
7177,U0463,2026-06-14 15:54:00,Web,Exitoso
10756,U0859,2026-06-18 20:03:00,Android,Exitoso
15484,,2026-06-26 10:22:07,Web,Error
3381,U0019,2026-06-15 21:16:00,Web,Error
11697,U0750,2026-06-02 19:14:00,Web,Exitoso
5314,U0778,2026-06-22 14:01:00,iOS,Exitoso
9391,U0723,2026-06-09 14:33:00,iOS,Exitoso
11377,U0702,2026-06-28 00:46:00,Android,Exitoso
14525,U0686,2026-06-10 00:19:00,Android,Exitoso
3812,U0199,2026-06-28 14:02:00,Android,Error
14708,U0984,2026-06-24 10:51:00,iOS,Exitoso
3987,,2026-06-13 09:43:00,Web,Error
9692,U0577,2026-06-14 01:50:00,Android,Exitoso
5548,U0762,2026-06-17 07:52:00,Web,Exitoso
7760,U0694,2026-06-03 04:57:00,iOS,Exitoso
15438,,2026-06-26 10:23:34,Web,Error
1498,U0695,2026-06-14 09:09:00,Web,Error
255,U0381,2026-06-23 19:37:00,iOS,Error
13516,U0786,2026-06-25 00:55:00,Web,Exitoso
10735,U0956,2026-06-27 08:27:00,iOS,Exitoso
10076,U0602,2026-06-09 13:16:00,Web,Exitoso
10772,U0931,2026-06-07 19:08:00,Android,Exitoso
9358,U0635,2026-06-11 06:52:00,Android,Exitoso
14825,U0971,2026-06-27 23:51:00,iOS,Exitoso
3044,U0312,2026-06-08 19:06:00,Android,Error
1281,U0178,2026-06-12 04:26:00,Web,Error
15064,,2026-06-26 10:26:55,Web,Error
9310,U0574,2026-06-25 16:02:00,Android,Exitoso
3573,,2026-06-20 18:32:00,Web,Error
15722,,2026-06-26 10:22:20,Web,Error
9404,U0475,2026-06-06 08:45:00,Web,Exitoso
9884,U0678,2026-06-10 12:06:00,Android,Exitoso
4710,,2026-06-15 22:02:00,Web,Error
6868,U0460,2026-06-27 16:26:00,Android,Exitoso
13739,U0738,2026-06-22 13:10:00,Web,Exitoso
3460,U0696,2026-06-13 08:51:00,Web,Error
15342,,2026-06-26 10:03:38,Web,Error
15580,,2026-06-26 10:13:20,Web,Error
9566,U0867,2026-06-11 23:39:00,iOS,Exitoso
5130,U0534,2026-06-22 11:39:00,Web,Exitoso
9933,U0814,2026-06-01 12:32:00,iOS,Exitoso
3031,,2026-06-25 22:04:00,iOS,Error
612,U0051,2026-06-03 20:39:00,iOS,Error
11477,U0770,2026-06-20 20:57:00,Android,Exitoso
11568,U0740,2026-06-15 10:57:00,iOS,Exitoso
9801,U0786,2026-06-21 13:19:00,Web,Exitoso
5749,U0842,2026-06-19 23:54:00,Web,Exitoso
772,,2026-06-23 12:51:00,Android,Error
7072,U0963,2026-06-23 06:57:00,Android,Exitoso
4580,U0520,2026-06-25 13:00:00,Web,Error
3657,U0740,2026-06-09 04:12:00,Android,Error
9386,U0705,2026-06-05 23:02:00,iOS,Exitoso
4071,U0566,2026-06-08 06:07:00,Web,Error
3130,U0084,2026-06-27 08:38:00,iOS,Error
13235,U0703,2026-06-06 15:07:00,Android,Exitoso
1928,U0380,2026-06-18 04:06:00,iOS,Error
2123,,2026-06-19 02:18:00,Web,Error
6887,U0807,2026-06-04 17:41:00,iOS,Exitoso
15168,,2026-06-26 10:05:34,Web,Error
3955,U0193,2026-06-06 17:25:00,Android,Error
16400,U0582,2026-06-26 10:21:39,Web,Error
3516,U0837,2026-06-08 23:09:00,iOS,Error
4289,,2026-06-01 18:50:00,Web,Error
1391,,2026-06-16 03:09:00,Web,Error
11160,U0937,2026-06-11 08:45:00,Android,Exitoso
5330,U0777,2026-06-13 11:52:00,iOS,Exitoso
8844,U0451,2026-06-07 15:28:00,iOS,Exitoso
8109,U0479,2026-06-18 21:58:00,Android,Exitoso
16067,,2026-06-26 10:27:59,Web,Error
9260,U0576,2026-06-23 19:00:00,iOS,Exitoso
1786,U0331,2026-06-14 02:30:00,Web,Error
1955,U0068,2026-06-26 23:36:00,Android,Error
11816,U0927,2026-06-17 06:02:00,Android,Exitoso
6112,U0985,2026-06-03 04:32:00,Android,Exitoso
11942,U0849,2026-06-17 12:57:00,Web,Exitoso
11542,U0746,2026-06-10 16:39:00,iOS,Exitoso
7972,U0809,2026-06-07 02:20:00,Android,Exitoso
8773,U0833,2026-06-26 05:39:00,Web,Exitoso
10938,U0654,2026-06-02 12:05:00,Web,Exitoso
3760,U0101,2026-06-01 21:32:00,Web,Error
7475,U0784,2026-06-17 16:57:00,Android,Exitoso
6170,U0749,2026-06-09 06:55:00,iOS,Exitoso
14349,U0938,2026-06-08 23:54:00,Android,Exitoso
14595,U0644,2026-06-15 05:10:00,iOS,Exitoso
15699,,2026-06-26 10:21:32,Web,Error
6335,U0498,2026-06-22 11:38:00,Web,Exitoso
5422,U0589,2026-06-27 18:45:00,Web,Exitoso
7652,U0550,2026-06-01 00:46:00,Android,Exitoso
6995,U0846,2026-06-12 06:46:00,Web,Exitoso
9943,U0913,2026-06-23 13:21:00,Android,Exitoso
921,,2026-06-05 23:00:00,Web,Error
7912,U0664,2026-06-12 10:22:00,Android,Exitoso
15943,,2026-06-26 10:02:27,Web,Error
1427,U0983,2026-06-15 22:53:00,Web,Error
12897,U0671,2026-06-10 17:18:00,Android,Exitoso
12318,U0881,2026-06-23 20:03:00,iOS,Exitoso
6102,U0832,2026-06-06 13:13:00,iOS,Exitoso
12000,U0916,2026-06-12 03:14:00,Web,Exitoso
4570,U0853,2026-06-09 14:47:00,Web,Error
170,,2026-06-08 00:59:00,iOS,Error
2345,U0279,2026-06-28 04:37:00,Web,Error
5091,U0566,2026-06-21 23:06:00,Android,Exitoso
8462,U0915,2026-06-03 11:47:00,iOS,Exitoso
2284,U0050,2026-06-25 13:31:00,iOS,Error
15349,,2026-06-26 10:00:44,Web,Error
10135,U0956,2026-06-15 08:44:00,iOS,Exitoso
9062,U0553,2026-06-25 01:50:00,iOS,Exitoso
8795,U0619,2026-06-02 18:09:00,Web,Exitoso
6255,U0815,2026-06-09 23:02:00,iOS,Exitoso
14719,U0836,2026-06-15 19:28:00,iOS,Exitoso
10579,U0556,2026-06-16 13:58:00,Android,Exitoso
14142,U0952,2026-06-20 21:59:00,iOS,Exitoso
9370,U0813,2026-06-11 15:48:00,Android,Exitoso
14831,U0615,2026-06-04 09:36:00,iOS,Exitoso
11062,U0485,2026-06-07 21:04:00,iOS,Exitoso
11277,U0557,2026-06-17 13:32:00,Web,Exitoso
9752,U0850,2026-06-13 01:46:00,Android,Exitoso
5380,U0502,2026-06-13 23:07:00,Web,Exitoso
5799,U0989,2026-06-13 22:55:00,Android,Exitoso
10158,U0779,2026-06-05 00:40:00,Web,Exitoso
12260,U0841,2026-06-13 05:07:00,iOS,Exitoso
4311,U0262,2026-06-15 15:33:00,iOS,Error
3451,U0483,2026-06-23 09:05:00,Web,Error
13961,U0809,2026-06-01 15:33:00,Web,Exitoso
14372,U0570,2026-06-27 07:18:00,Android,Exitoso
10224,U0485,2026-06-17 05:50:00,Web,Exitoso
12576,U0713,2026-06-18 18:24:00,Web,Exitoso
12938,U0512,2026-06-09 17:11:00,Android,Exitoso
8605,U0944,2026-06-22 20:02:00,Web,Exitoso
8058,U0472,2026-06-03 22:17:00,Web,Exitoso
16344,U0664,2026-06-26 10:04:13,Web,Error
1390,U0182,2026-06-02 01:25:00,Android,Error
12272,U0605,2026-06-25 12:41:00,Web,Exitoso
7446,U0983,2026-06-04 06:08:00,iOS,Exitoso
2063,,2026-06-08 07:08:00,Web,Error
4345,,2026-06-10 15:15:00,Web,Error
11833,U0803,2026-06-14 21:36:00,Web,Exitoso
13896,U0671,2026-06-08 06:21:00,Web,Exitoso
11552,U0960,2026-06-01 05:25:00,Android,Exitoso
5247,U0730,2026-06-11 11:07:00,iOS,Exitoso
6942,U0906,2026-06-01 19:50:00,Web,Exitoso
14781,U0782,2026-06-06 13:53:00,iOS,Exitoso
8861,U0843,2026-06-13 22:42:00,iOS,Exitoso
7979,U0645,2026-06-10 04:20:00,Android,Exitoso
7928,U0526,2026-06-26 04:57:00,iOS,Exitoso
15535,,2026-06-26 10:02:02,Web,Error
1823,U0230,2026-06-17 13:36:00,Android,Error
11470,U0579,2026-06-16 18:13:00,Android,Exitoso
8008,U0574,2026-06-16 06:40:00,Web,Exitoso
2064,,2026-06-17 12:50:00,iOS,Error
1855,U0130,2026-06-21 04:55:00,Android,Error
12361,U0919,2026-06-27 17:00:00,Android,Exitoso
1469,,2026-06-04 09:45:00,Web,Error
12703,U0632,2026-06-09 00:22:00,iOS,Exitoso
1451,U0215,2026-06-06 14:17:00,Web,Error
12617,U0619,2026-06-04 16:09:00,iOS,Exitoso
2701,U0142,2026-06-21 04:24:00,iOS,Error
14888,U0766,2026-06-28 01:31:00,Web,Exitoso
14791,U0586,2026-06-24 12:01:00,Web,Exitoso
14676,U0864,2026-06-23 13:22:00,iOS,Exitoso
3878,,2026-06-09 18:38:00,Web,Error
1242,U0920,2026-06-22 11:18:00,Android,Error
11337,U0773,2026-06-12 21:01:00,Web,Exitoso
11983,U0603,2026-06-13 06:34:00,Android,Exitoso
7504,U0494,2026-06-21 04:25:00,iOS,Exitoso
6242,U0518,2026-06-02 05:04:00,Android,Exitoso
5599,U0858,2026-06-08 19:23:00,Web,Exitoso
5743,U0518,2026-06-09 19:40:00,Android,Exitoso
13981,U0912,2026-06-22 07:44:00,Web,Exitoso
4284,U0951,2026-06-16 17:20:00,Web,Error
7541,U0769,2026-06-15 11:29:00,Web,Exitoso
5383,U0834,2026-06-28 16:35:00,iOS,Exitoso
3654,U0899,2026-06-18 06:06:00,Web,Error
4320,U0553,2026-06-16 14:24:00,Web,Error
15471,,2026-06-26 10:06:57,Web,Error
8581,U0605,2026-06-15 04:09:00,iOS,Exitoso
365,U0012,2026-06-22 10:08:00,iOS,Error
6758,U0851,2026-06-21 07:54:00,iOS,Exitoso
1060,U0784,2026-06-28 08:41:00,iOS,Error
3233,,2026-06-12 20:43:00,Web,Error
4607,U0718,2026-06-21 18:31:00,Web,Error
13148,U0979,2026-06-24 14:34:00,Android,Exitoso
7293,U0837,2026-06-12 10:46:00,iOS,Exitoso
4466,,2026-06-03 18:49:00,Web,Error
16333,U0647,2026-06-26 10:09:16,Web,Error
16250,U0754,2026-06-26 10:20:45,Web,Error
11344,U0590,2026-06-04 02:22:00,iOS,Exitoso
4375,U0383,2026-06-03 21:20:00,iOS,Error
9560,U0742,2026-06-11 11:41:00,Android,Exitoso
5067,U0932,2026-06-24 03:40:00,Android,Exitoso
703,U0345,2026-06-14 05:23:00,Web,Error
11963,U0807,2026-06-07 05:12:00,iOS,Exitoso
15899,,2026-06-26 10:03:28,Web,Error
6629,U0704,2026-06-04 14:18:00,Web,Exitoso
4382,U0093,2026-06-28 02:20:00,Android,Error
3979,U0382,2026-06-22 12:17:00,iOS,Error
1317,U0337,2026-06-02 23:24:00,Web,Error
6072,U0686,2026-06-12 15:13:00,Android,Exitoso
7155,U0465,2026-06-17 21:22:00,Web,Exitoso
12131,U0794,2026-06-03 19:33:00,Android,Exitoso
13784,U0925,2026-06-26 22:21:00,Web,Exitoso
11523,U0529,2026-06-05 14:08:00,iOS,Exitoso
16188,,2026-06-26 10:10:03,Web,Error
14991,U0763,2026-06-19 17:19:00,iOS,Exitoso
6097,U0801,2026-06-19 10:54:00,iOS,Exitoso
10818,U0616,2026-06-12 12:37:00,iOS,Exitoso
8015,U0472,2026-06-05 01:35:00,Android,Exitoso
11536,U0792,2026-06-01 12:39:00,iOS,Exitoso
2667,,2026-06-13 07:53:00,Web,Error
4134,U0374,2026-06-14 06:07:00,Web,Error
12902,U0609,2026-06-13 10:58:00,Android,Exitoso
21,U0376,2026-06-16 23:27:00,Web,Error
7709,U0557,2026-06-12 23:38:00,Android,Exitoso
12914,U0826,2026-06-14 20:37:00,Android,Exitoso
13898,U0838,2026-06-24 17:29:00,iOS,Exitoso
1304,,2026-06-10 12:34:00,Web,Error
3610,U0391,2026-06-06 03:09:00,iOS,Error
8184,U0485,2026-06-05 13:07:00,iOS,Exitoso
1947,U0065,2026-06-13 15:19:00,iOS,Error
11704,U0799,2026-06-04 21:59:00,Android,Exitoso
8726,U0612,2026-06-19 08:30:00,Web,Exitoso
6233,U0924,2026-06-02 12:02:00,Android,Exitoso
3546,,2026-06-17 23:19:00,Web,Error
4604,U0417,2026-06-26 07:02:00,Web,Error
4903,U0621,2026-06-04 03:11:00,Web,Error
8994,U0644,2026-06-01 03:29:00,Web,Exitoso
6219,U0656,2026-06-14 08:07:00,Web,Exitoso
15254,,2026-06-26 10:01:03,Web,Error
9718,U0771,2026-06-02 12:13:00,iOS,Exitoso
3315,,2026-06-26 05:30:00,iOS,Error
7325,U0620,2026-06-24 14:23:00,Web,Exitoso
16048,,2026-06-26 10:25:21,Web,Error
8943,U0750,2026-06-25 18:18:00,iOS,Exitoso
15397,,2026-06-26 10:23:58,Web,Error
7601,U0544,2026-06-27 16:45:00,iOS,Exitoso
9941,U0588,2026-06-20 21:27:00,Web,Exitoso
9389,U0756,2026-06-09 18:26:00,Web,Exitoso
15155,,2026-06-26 10:16:33,Web,Error
4792,U0421,2026-06-12 19:52:00,iOS,Error
12719,U0795,2026-06-22 06:49:00,Android,Exitoso
11493,U0799,2026-06-12 23:18:00,iOS,Exitoso
13691,U0777,2026-06-13 09:59:00,iOS,Exitoso
3354,,2026-06-28 02:00:00,Web,Error
1309,U0595,2026-06-17 03:38:00,Android,Error
744,,2026-06-07 02:45:00,Web,Error
7473,U0893,2026-06-14 20:28:00,Android,Exitoso
4215,U0350,2026-06-13 03:16:00,Android,Error
12541,U0517,2026-06-26 16:34:00,Web,Exitoso
9155,U0814,2026-06-12 02:47:00,iOS,Exitoso
10357,U0867,2026-06-10 01:02:00,Android,Exitoso
9898,U0720,2026-06-11 11:20:00,Web,Exitoso
7666,U0765,2026-06-01 05:20:00,Android,Exitoso
10131,U0773,2026-06-23 08:27:00,Web,Exitoso
7403,U0754,2026-06-06 22:28:00,iOS,Exitoso
12034,U0638,2026-06-11 07:04:00,iOS,Exitoso
2744,,2026-06-25 23:18:00,Android,Error
5872,U0814,2026-06-28 11:29:00,Android,Exitoso
2766,U0323,2026-06-26 19:03:00,Web,Error
15458,,2026-06-26 10:01:31,Web,Error
4519,,2026-06-08 07:18:00,Web,Error
16231,U0851,2026-06-26 10:02:21,Web,Error
6202,U0975,2026-06-20 18:27:00,Web,Exitoso
5052,U0595,2026-06-20 04:16:00,Web,Exitoso
3968,,2026-06-12 20:05:00,Web,Error
956,U0106,2026-06-18 00:06:00,Web,Error
13192,U0898,2026-06-10 17:52:00,iOS,Exitoso
6221,U0773,2026-06-08 01:36:00,Android,Exitoso
6552,U0573,2026-06-06 15:25:00,Web,Exitoso
6915,U0468,2026-06-18 04:30:00,Android,Exitoso
10057,U0565,2026-06-07 02:56:00,Web,Exitoso
2834,U0437,2026-06-25 08:54:00,Android,Error
4534,U0453,2026-06-17 05:48:00,Web,Error
4942,U0526,2026-06-07 05:24:00,Web,Error
5310,U0757,2026-06-10 21:20:00,Web,Exitoso
5964,U0655,2026-06-12 20:56:00,iOS,Exitoso
730,U0420,2026-06-20 20:01:00,Android,Error
14682,U0456,2026-06-12 01:14:00,Android,Exitoso
9785,U0903,2026-06-24 01:08:00,Web,Exitoso
5198,U0777,2026-06-18 16:56:00,Android,Exitoso
14673,U0925,2026-06-02 12:02:00,Web,Exitoso
2802,,2026-06-13 08:54:00,Web,Error
5969,U0983,2026-06-05 21:35:00,iOS,Exitoso
10712,U0962,2026-06-24 10:39:00,Android,Exitoso
5217,U0832,2026-06-21 06:59:00,Android,Exitoso
14629,U0513,2026-06-22 12:44:00,Android,Exitoso
5890,U0740,2026-06-20 09:06:00,iOS,Exitoso
12509,U0771,2026-06-24 21:33:00,Android,Exitoso
12754,U0720,2026-06-03 11:09:00,Web,Exitoso
3860,U0313,2026-06-16 15:16:00,Web,Error
1199,U0294,2026-06-27 11:29:00,iOS,Error
10591,U0876,2026-06-23 11:14:00,iOS,Exitoso
2186,U0110,2026-06-22 23:29:00,Web,Error
10214,U0630,2026-06-14 07:49:00,iOS,Exitoso
15388,,2026-06-26 10:21:28,Web,Error
5916,U0824,2026-06-12 02:24:00,iOS,Exitoso
11014,U0673,2026-06-22 06:17:00,Android,Exitoso
5210,U0997,2026-06-20 08:11:00,Android,Exitoso
9103,U0475,2026-06-03 23:15:00,iOS,Exitoso
6748,U0570,2026-06-26 01:11:00,iOS,Exitoso
1859,U0031,2026-06-17 21:58:00,iOS,Error
401,U0374,2026-06-03 05:54:00,Android,Error
5752,U0483,2026-06-28 18:13:00,Android,Exitoso
14515,U0867,2026-06-04 23:32:00,Android,Exitoso
9712,U0611,2026-06-22 17:13:00,iOS,Exitoso
7157,U0812,2026-06-13 16:00:00,iOS,Exitoso
2244,U0050,2026-06-16 15:26:00,Web,Error
2167,,2026-06-09 08:55:00,Android,Error
2982,U0645,2026-06-18 21:17:00,Web,Error
2847,,2026-06-12 04:53:00,Android,Error
8075,U0661,2026-06-25 19:49:00,Android,Exitoso
9148,U0542,2026-06-02 11:23:00,Web,Exitoso
12088,U0714,2026-06-09 07:43:00,Android,Exitoso
7916,U0687,2026-06-22 21:35:00,iOS,Exitoso
2280,U0878,2026-06-02 02:00:00,Android,Error
7294,U0780,2026-06-01 05:18:00,Web,Exitoso
13962,U0465,2026-06-12 20:03:00,iOS,Exitoso
2755,U0477,2026-06-12 20:56:00,Android,Error
7353,U0463,2026-06-12 14:37:00,Android,Exitoso
4959,U0195,2026-06-17 18:39:00,Android,Error
11291,U0922,2026-06-27 17:22:00,iOS,Exitoso
8503,U0532,2026-06-16 07:08:00,Web,Exitoso
2760,U0046,2026-06-24 22:09:00,Web,Error
6004,U0778,2026-06-07 01:57:00,Web,Exitoso
12649,U0514,2026-06-19 18:01:00,Web,Exitoso
7078,U0459,2026-06-11 18:41:00,Web,Exitoso
7499,U0870,2026-06-11 22:59:00,Android,Exitoso
15470,,2026-06-26 10:20:55,Web,Error
11382,U0933,2026-06-04 00:57:00,Web,Exitoso
4288,U0149,2026-06-07 17:40:00,Android,Error
12555,U0760,2026-06-05 11:18:00,iOS,Exitoso
10823,U0906,2026-06-03 13:20:00,Web,Exitoso
2985,,2026-06-18 06:23:00,iOS,Error
3165,,2026-06-06 03:40:00,Web,Error
936,U0283,2026-06-06 17:11:00,Web,Error
15488,,2026-06-26 10:02:07,Web,Error
5275,U0956,2026-06-24 00:19:00,Android,Exitoso
9731,U0604,2026-06-16 04:02:00,Android,Exitoso
6253,U0914,2026-06-09 17:20:00,Android,Exitoso
2981,U0546,2026-06-01 10:06:00,Web,Error
11964,U0605,2026-06-26 02:41:00,Android,Exitoso
4552,U0288,2026-06-10 23:41:00,iOS,Error
9215,U0611,2026-06-25 07:04:00,iOS,Exitoso
3090,U0262,2026-06-26 09:26:00,iOS,Error
8129,U0852,2026-06-06 02:04:00,Android,Exitoso
10431,U0497,2026-06-13 15:31:00,Android,Exitoso
12108,U0780,2026-06-27 12:17:00,iOS,Exitoso
16327,U0910,2026-06-26 10:09:22,Web,Error
4432,U0302,2026-06-08 03:13:00,iOS,Error
6263,U0595,2026-06-20 07:13:00,Web,Exitoso
4449,U0080,2026-06-12 00:40:00,iOS,Error
7131,U0514,2026-06-26 08:37:00,iOS,Exitoso
12818,U0966,2026-06-18 06:05:00,iOS,Exitoso
2890,U0351,2026-06-24 16:24:00,iOS,Error
7633,U0882,2026-06-27 06:57:00,Web,Exitoso
7415,U0793,2026-06-21 01:01:00,iOS,Exitoso
5657,U0624,2026-06-01 14:46:00,iOS,Exitoso
4475,U0991,2026-06-20 02:14:00,Web,Error
10728,U0584,2026-06-13 03:56:00,Android,Exitoso
6600,U0755,2026-06-08 16:50:00,iOS,Exitoso
13653,U0873,2026-06-26 20:08:00,Web,Exitoso
2156,U0083,2026-06-16 22:34:00,Web,Error
3731,,2026-06-17 21:29:00,Web,Error
2000,U0061,2026-06-04 07:44:00,Web,Error
14823,U0733,2026-06-23 12:20:00,Android,Exitoso
4786,U0745,2026-06-14 21:15:00,Web,Error
3168,,2026-06-01 05:06:00,Web,Error
5385,U0830,2026-06-09 15:46:00,iOS,Exitoso
4344,U0404,2026-06-02 04:53:00,Android,Error
1985,U0422,2026-06-26 03:53:00,Android,Error
336,U0145,2026-06-10 07:28:00,iOS,Error
15487,,2026-06-26 10:29:42,Web,Error
15132,,2026-06-26 10:01:11,Web,Error
11602,U0764,2026-06-04 18:51:00,Android,Exitoso
10877,U0751,2026-06-26 17:48:00,iOS,Exitoso
16254,U0567,2026-06-26 10:21:41,Web,Error
12133,U0964,2026-06-10 10:47:00,iOS,Exitoso
12968,U0505,2026-06-07 05:51:00,Web,Exitoso
16200,,2026-06-26 10:02:57,Web,Error
13509,U0812,2026-06-15 01:06:00,Web,Exitoso
12021,U0961,2026-06-19 02:06:00,iOS,Exitoso
14426,U0702,2026-06-20 12:40:00,Android,Exitoso
15073,,2026-06-26 10:20:30,Web,Error
10773,U0667,2026-06-07 12:47:00,iOS,Exitoso
7436,U0744,2026-06-22 19:43:00,Web,Exitoso
11878,U0678,2026-06-22 10:10:00,Web,Exitoso
14202,U0883,2026-06-24 09:01:00,Android,Exitoso
12800,U0486,2026-06-04 16:00:00,Web,Exitoso
486,,2026-06-09 19:18:00,iOS,Error
13933,U0736,2026-06-19 16:49:00,Web,Exitoso
5510,U0994,2026-06-09 06:01:00,iOS,Exitoso
11365,U0554,2026-06-18 11:44:00,Web,Exitoso
12666,U0919,2026-06-18 11:24:00,Android,Exitoso
4875,,2026-06-07 03:20:00,Web,Error
8321,U0749,2026-06-17 11:32:00,Web,Exitoso
7007,U0757,2026-06-02 02:31:00,Web,Exitoso
14684,U0453,2026-06-26 19:37:00,iOS,Exitoso
7590,U0502,2026-06-09 21:52:00,iOS,Exitoso
6698,U0864,2026-06-19 21:44:00,iOS,Exitoso
11031,U0741,2026-06-03 18:19:00,Android,Exitoso
8289,U0516,2026-06-27 00:09:00,Android,Exitoso
7195,U0988,2026-06-28 16:44:00,Android,Exitoso
11786,U0677,2026-06-27 11:12:00,Web,Exitoso
9481,U0856,2026-06-14 09:23:00,iOS,Exitoso
4828,U0417,2026-06-06 15:23:00,Android,Error
1902,U0446,2026-06-19 17:26:00,Android,Error
16144,,2026-06-26 10:00:07,Web,Error
8473,U0717,2026-06-11 13:50:00,Web,Exitoso
3058,,2026-06-27 12:19:00,Web,Error
560,U0369,2026-06-22 20:03:00,Web,Error
740,U0309,2026-06-06 19:57:00,iOS,Error
12955,U0980,2026-06-27 19:47:00,Web,Exitoso
12047,U0693,2026-06-07 06:30:00,Web,Exitoso
15461,,2026-06-26 10:29:56,Web,Error
11327,U0987,2026-06-21 12:31:00,iOS,Exitoso
9795,U0781,2026-06-18 04:44:00,iOS,Exitoso
2058,U0358,2026-06-24 04:08:00,Android,Error
2714,,2026-06-07 08:04:00,iOS,Error
4338,U0328,2026-06-21 08:47:00,iOS,Error
282,U0047,2026-06-24 22:37:00,Web,Error
1764,U0594,2026-06-20 12:33:00,Web,Error
11948,U0479,2026-06-09 14:41:00,Web,Exitoso
10155,U0838,2026-06-22 08:58:00,iOS,Exitoso
57,U0860,2026-06-28 07:19:00,Web,Error
404,U0004,2026-06-10 10:34:00,iOS,Error
12045,U0502,2026-06-20 02:53:00,Web,Exitoso
12710,U0461,2026-06-04 03:39:00,Web,Exitoso
3530,,2026-06-06 13:05:00,Web,Error
8205,U0868,2026-06-25 00:19:00,iOS,Exitoso
11652,U0749,2026-06-12 05:33:00,iOS,Exitoso
8108,U0995,2026-06-13 01:49:00,iOS,Exitoso
9118,U0484,2026-06-07 20:23:00,Web,Exitoso
11776,U0549,2026-06-10 04:53:00,Web,Exitoso
8639,U0937,2026-06-06 23:17:00,Web,Exitoso
3752,U0499,2026-06-21 13:41:00,Android,Error
10421,U0506,2026-06-23 20:08:00,Android,Exitoso
139,U0609,2026-06-18 05:57:00,Web,Error
4217,U0024,2026-06-12 16:03:00,Web,Error
1582,U0591,2026-06-09 07:55:00,Web,Error
1811,U0113,2026-06-03 18:30:00,iOS,Error
13556,U0887,2026-06-04 10:15:00,Web,Exitoso
8408,U0535,2026-06-12 08:39:00,iOS,Exitoso
8055,U0582,2026-06-23 14:57:00,iOS,Exitoso
115,U0426,2026-06-16 18:12:00,iOS,Error
9401,U0662,2026-06-03 00:29:00,iOS,Exitoso
9251,U0890,2026-06-22 21:49:00,iOS,Exitoso
5932,U0910,2026-06-18 04:22:00,Web,Exitoso
6403,U0460,2026-06-01 21:42:00,Android,Exitoso
1214,,2026-06-24 08:18:00,iOS,Error
14124,U0855,2026-06-27 06:57:00,iOS,Exitoso
11953,U0720,2026-06-07 19:59:00,Web,Exitoso
11497,U0743,2026-06-08 20:37:00,iOS,Exitoso
11990,U0576,2026-06-05 00:52:00,iOS,Exitoso
11250,U0984,2026-06-10 06:06:00,Web,Exitoso
10299,U0753,2026-06-10 09:59:00,Android,Exitoso
13230,U0881,2026-06-11 20:08:00,Web,Exitoso
11951,U0955,2026-06-09 14:52:00,Web,Exitoso
9139,U0841,2026-06-03 09:44:00,Web,Exitoso
16228,U0779,2026-06-26 10:08:25,Web,Error
15805,,2026-06-26 10:27:46,Web,Error
3335,,2026-06-11 15:28:00,iOS,Error
11292,U0601,2026-06-18 10:50:00,Android,Exitoso
10412,U0989,2026-06-18 19:40:00,iOS,Exitoso
13304,U0508,2026-06-22 17:22:00,Android,Exitoso
376,U0357,2026-06-01 23:05:00,iOS,Error
9390,U0895,2026-06-06 13:46:00,iOS,Exitoso
7984,U0577,2026-06-20 08:46:00,Android,Exitoso
13531,U0565,2026-06-14 00:55:00,iOS,Exitoso
13041,U0785,2026-06-02 23:45:00,Web,Exitoso
3892,U0915,2026-06-21 20:04:00,Web,Error
14007,U0625,2026-06-11 14:51:00,Web,Exitoso
11965,U0685,2026-06-03 10:59:00,Android,Exitoso
12626,U0924,2026-06-19 10:33:00,Android,Exitoso
11029,U0627,2026-06-03 01:57:00,iOS,Exitoso
5591,U0841,2026-06-09 08:14:00,iOS,Exitoso
3186,U0346,2026-06-22 07:30:00,Web,Error
9535,U0552,2026-06-06 14:37:00,Android,Exitoso
14543,U0472,2026-06-17 01:17:00,Web,Exitoso
8631,U0853,2026-06-10 05:39:00,Web,Exitoso
4755,U0450,2026-06-01 21:59:00,iOS,Error
12642,U0791,2026-06-01 22:15:00,Android,Exitoso
16303,U0985,2026-06-26 10:25:31,Web,Error
3553,U0249,2026-06-18 01:42:00,Web,Error
9108,U0719,2026-06-23 20:37:00,iOS,Exitoso
4893,,2026-06-21 23:42:00,Web,Error
9510,U0651,2026-06-12 10:14:00,Android,Exitoso
11026,U0464,2026-06-12 22:06:00,iOS,Exitoso
6682,U0703,2026-06-04 06:58:00,iOS,Exitoso
11712,U0772,2026-06-18 08:59:00,iOS,Exitoso
7449,U0855,2026-06-06 18:52:00,iOS,Exitoso
5157,U0625,2026-06-09 20:10:00,iOS,Exitoso
6254,U0618,2026-06-18 02:49:00,Android,Exitoso
10290,U0753,2026-06-06 13:28:00,iOS,Exitoso
14873,U0531,2026-06-21 14:52:00,Web,Exitoso
13639,U0926,2026-06-24 12:22:00,iOS,Exitoso
8603,U0924,2026-06-16 08:27:00,Android,Exitoso
12956,U0757,2026-06-02 10:46:00,Android,Exitoso
8447,U0582,2026-06-11 03:56:00,Android,Exitoso
3964,U0054,2026-06-03 00:14:00,iOS,Error
4741,U0306,2026-06-20 18:07:00,Android,Error
12652,U0804,2026-06-13 23:51:00,Web,Exitoso
5390,U0927,2026-06-18 11:35:00,iOS,Exitoso
4441,U0416,2026-06-26 08:45:00,Web,Error
3687,U0136,2026-06-23 19:45:00,Web,Error
1527,U0395,2026-06-21 06:22:00,Web,Error
9190,U0697,2026-06-13 01:57:00,iOS,Exitoso
16517,U0818,2026-06-26 10:00:22,Web,Error
6814,U0961,2026-06-03 02:21:00,Web,Exitoso
12467,U0989,2026-06-08 04:06:00,Web,Exitoso
7759,U0697,2026-06-28 13:32:00,Android,Exitoso
12275,U0693,2026-06-10 03:59:00,Web,Exitoso
6213,U0785,2026-06-16 19:38:00,Web,Exitoso
16017,,2026-06-26 10:15:01,Web,Error
1101,,2026-06-06 21:02:00,Web,Error
4810,,2026-06-24 06:56:00,Web,Error
3102,U0986,2026-06-13 17:40:00,Web,Error
13785,U0876,2026-06-04 02:32:00,Web,Exitoso
3152,U0116,2026-06-01 23:30:00,iOS,Error
13175,U0996,2026-06-19 10:27:00,Android,Exitoso
226,U0381,2026-06-15 07:19:00,iOS,Error
9666,U0631,2026-06-19 11:56:00,iOS,Exitoso
8664,U0916,2026-06-05 04:21:00,Web,Exitoso
1866,U0225,2026-06-02 16:44:00,iOS,Error
5423,U0759,2026-06-16 03:34:00,iOS,Exitoso
16256,U0770,2026-06-26 10:06:35,Web,Error
8397,U0973,2026-06-22 09:14:00,Android,Exitoso
3705,U0166,2026-06-10 08:33:00,Web,Error
2107,U0137,2026-06-22 16:17:00,Android,Error
9268,U0524,2026-06-16 12:29:00,Android,Exitoso
11180,U0622,2026-06-16 14:23:00,iOS,Exitoso
2347,,2026-06-18 09:47:00,iOS,Error
2573,,2026-06-15 18:34:00,iOS,Error
13067,U0641,2026-06-15 18:02:00,iOS,Exitoso
3041,U0167,2026-06-09 00:43:00,Web,Error
9494,U0895,2026-06-11 20:12:00,iOS,Exitoso
15635,,2026-06-26 10:24:49,Web,Error
1797,U0273,2026-06-08 14:00:00,Android,Error
11813,U0995,2026-06-15 16:40:00,Android,Exitoso
4716,,2026-06-22 18:06:00,Web,Error
11889,U0830,2026-06-06 09:21:00,Web,Exitoso
14230,U0932,2026-06-17 13:38:00,Android,Exitoso
11115,U0738,2026-06-01 09:17:00,iOS,Exitoso
7196,U0497,2026-06-23 03:03:00,Android,Exitoso
5500,U0774,2026-06-04 13:47:00,iOS,Exitoso
14567,U0836,2026-06-10 22:54:00,Android,Exitoso
13684,U0482,2026-06-02 17:13:00,Web,Exitoso
7015,U0521,2026-06-24 21:48:00,iOS,Exitoso
9725,U0987,2026-06-17 19:27:00,Web,Exitoso
9791,U0462,2026-06-03 09:09:00,iOS,Exitoso
7757,U0889,2026-06-12 10:16:00,Web,Exitoso
13418,U0760,2026-06-20 12:10:00,Android,Exitoso
2664,U0518,2026-06-01 07:41:00,Web,Error
8819,U0994,2026-06-23 21:10:00,Web,Exitoso
175,U0371,2026-06-22 09:53:00,Android,Error
13837,U0925,2026-06-05 06:59:00,Android,Exitoso
7330,U0789,2026-06-27 16:31:00,Android,Exitoso
11594,U0888,2026-06-21 00:21:00,Android,Exitoso
3052,,2026-06-24 03:07:00,Web,Error
8367,U0543,2026-06-28 06:12:00,Android,Exitoso
15856,,2026-06-26 10:21:37,Web,Error
4151,,2026-06-17 12:36:00,Web,Error
12042,U0562,2026-06-21 19:21:00,Android,Exitoso
8539,U0740,2026-06-14 10:08:00,Web,Exitoso
10105,U0605,2026-06-22 18:31:00,Web,Exitoso
7373,U0552,2026-06-05 23:36:00,Web,Exitoso
2104,U0045,2026-06-11 22:52:00,Android,Error
3025,,2026-06-08 06:19:00,Web,Error
5036,U0597,2026-06-12 03:35:00,Web,Exitoso
3730,U0773,2026-06-13 12:13:00,Web,Error
1185,U0057,2026-06-06 22:47:00,iOS,Error
3021,U0230,2026-06-04 18:50:00,Web,Error
5727,U0742,2026-06-23 15:09:00,Web,Exitoso
8838,U0683,2026-06-04 12:44:00,Android,Exitoso
16436,U0996,2026-06-26 10:23:00,Web,Error
7728,U0899,2026-06-01 04:24:00,Web,Exitoso
13854,U0911,2026-06-11 23:33:00,iOS,Exitoso
12433,U0916,2026-06-14 19:41:00,Web,Exitoso
5211,U0974,2026-06-08 14:58:00,iOS,Exitoso
656,U0298,2026-06-17 14:40:00,Android,Error
5513,U0962,2026-06-14 21:07:00,iOS,Exitoso
5404,U0779,2026-06-08 16:07:00,Web,Exitoso
1869,,2026-06-05 10:55:00,Web,Error
14885,U0852,2026-06-23 23:48:00,iOS,Exitoso
8270,U0978,2026-06-15 12:16:00,Web,Exitoso
5282,U0797,2026-06-19 22:46:00,Android,Exitoso
2872,U0331,2026-06-14 08:22:00,Android,Error
8316,U0804,2026-06-23 10:16:00,Web,Exitoso
1563,U0571,2026-06-15 22:05:00,Android,Error
12670,U0843,2026-06-27 20:10:00,Web,Exitoso
11410,U0881,2026-06-20 02:33:00,Android,Exitoso
14354,U0606,2026-06-02 00:26:00,iOS,Exitoso
6384,U0872,2026-06-23 03:46:00,Android,Exitoso
7900,U0775,2026-06-05 11:40:00,Web,Exitoso
968,U0064,2026-06-03 13:24:00,Android,Error
12302,U0940,2026-06-20 00:32:00,Web,Exitoso
2463,,2026-06-03 18:56:00,Android,Error
9632,U0852,2026-06-27 11:45:00,Android,Exitoso
4871,U0253,2026-06-10 16:10:00,Android,Error
8091,U0996,2026-06-03 18:24:00,Web,Exitoso
6819,U0520,2026-06-19 15:55:00,iOS,Exitoso
10095,U0893,2026-06-14 14:48:00,Android,Exitoso
4326,U0789,2026-06-10 23:51:00,Web,Error
11391,U0664,2026-06-16 04:08:00,iOS,Exitoso
6289,U0865,2026-06-08 20:01:00,Web,Exitoso
3377,U0054,2026-06-06 18:57:00,iOS,Error
12267,U0856,2026-06-10 21:20:00,Android,Exitoso
10616,U0946,2026-06-16 09:49:00,Android,Exitoso
7358,U0642,2026-06-20 19:54:00,Web,Exitoso
1585,U0363,2026-06-25 01:41:00,iOS,Error
6322,U0685,2026-06-03 21:50:00,Web,Exitoso
11306,U0852,2026-06-27 20:51:00,Web,Exitoso
7583,U0991,2026-06-23 17:31:00,Android,Exitoso
7696,U0587,2026-06-12 15:19:00,Web,Exitoso
14362,U0886,2026-06-18 15:42:00,Web,Exitoso
12309,U0798,2026-06-05 17:49:00,Web,Exitoso
10368,U0544,2026-06-26 20:02:00,Web,Exitoso
5835,U0552,2026-06-18 14:32:00,Android,Exitoso
11607,U0843,2026-06-07 01:04:00,Android,Exitoso
3387,U0285,2026-06-03 15:56:00,iOS,Error
12658,U0484,2026-06-20 20:12:00,Web,Exitoso
4576,U0085,2026-06-23 16:20:00,Android,Error
6028,U0727,2026-06-09 09:47:00,iOS,Exitoso
1603,U0189,2026-06-17 12:06:00,Android,Error
15903,,2026-06-26 10:24:51,Web,Error
724,,2026-06-24 16:48:00,Web,Error
13585,U0800,2026-06-11 03:32:00,iOS,Exitoso
12001,U0993,2026-06-03 12:53:00,iOS,Exitoso
9088,U0633,2026-06-15 12:26:00,Android,Exitoso
2800,U0931,2026-06-15 08:55:00,Web,Error
4764,U0692,2026-06-25 05:01:00,Web,Error
8121,U0741,2026-06-19 10:46:00,Web,Exitoso
9924,U0454,2026-06-19 10:05:00,Android,Exitoso
16202,,2026-06-26 10:13:14,Web,Error
6095,U0460,2026-06-25 13:32:00,iOS,Exitoso
8589,U0469,2026-06-24 05:34:00,Android,Exitoso
7407,U0504,2026-06-22 01:50:00,Android,Exitoso
11266,U0882,2026-06-16 23:38:00,iOS,Exitoso
3059,U0569,2026-06-12 07:20:00,Web,Error
1681,U0132,2026-06-05 08:45:00,Android,Error
14633,U0515,2026-06-05 15:08:00,Web,Exitoso
11452,U0511,2026-06-14 09:28:00,Android,Exitoso
5441,U0627,2026-06-15 05:23:00,Web,Exitoso
7531,U0556,2026-06-28 04:45:00,Web,Exitoso
5563,U0767,2026-06-15 21:53:00,iOS,Exitoso
7944,U0891,2026-06-28 03:03:00,Web,Exitoso
14205,U0570,2026-06-02 10:12:00,iOS,Exitoso
10449,U0935,2026-06-05 07:07:00,Web,Exitoso
12564,U0679,2026-06-23 15:27:00,Web,Exitoso
1591,U0236,2026-06-01 07:38:00,iOS,Error
7833,U0899,2026-06-13 09:25:00,iOS,Exitoso
8921,U0842,2026-06-21 17:39:00,iOS,Exitoso
12403,U0477,2026-06-20 04:19:00,Web,Exitoso
7882,U0787,2026-06-27 04:09:00,Web,Exitoso
6473,U0843,2026-06-19 17:03:00,Android,Exitoso
9585,U0575,2026-06-20 03:17:00,iOS,Exitoso
15919,,2026-06-26 10:18:30,Web,Error
1924,U0016,2026-06-25 12:19:00,Web,Error
1064,U0181,2026-06-13 06:17:00,Web,Error
1010,U0457,2026-06-10 03:14:00,Android,Error
10537,U0780,2026-06-04 03:09:00,Web,Exitoso
6248,U0561,2026-06-24 06:37:00,iOS,Exitoso
12621,U0947,2026-06-05 01:43:00,Web,Exitoso
7314,U0463,2026-06-07 08:29:00,Android,Exitoso
208,,2026-06-11 14:06:00,Web,Error
6220,U0995,2026-06-01 16:12:00,iOS,Exitoso
4481,U0039,2026-06-21 10:27:00,Web,Error
13473,U0943,2026-06-15 04:35:00,Web,Exitoso
927,,2026-06-23 13:36:00,Android,Error
15716,,2026-06-26 10:10:04,Web,Error
15389,,2026-06-26 10:07:33,Web,Error
12113,U0591,2026-06-13 04:55:00,Web,Exitoso
13045,U0976,2026-06-09 03:33:00,iOS,Exitoso
8588,U0773,2026-06-17 18:05:00,Web,Exitoso
819,U0622,2026-06-10 12:49:00,Web,Error
1617,U0327,2026-06-15 00:25:00,Android,Error
7027,U0597,2026-06-06 13:59:00,iOS,Exitoso
12205,U0892,2026-06-07 13:28:00,Android,Exitoso
8038,U0714,2026-06-20 06:35:00,iOS,Exitoso
14456,U0881,2026-06-11 19:36:00,iOS,Exitoso
13948,U0900,2026-06-09 05:23:00,iOS,Exitoso
6606,U0797,2026-06-23 12:30:00,Web,Exitoso
15846,,2026-06-26 10:24:44,Web,Error
8655,U0789,2026-06-09 14:41:00,Android,Exitoso
1804,U0180,2026-06-14 20:25:00,iOS,Error
8412,U0452,2026-06-22 19:10:00,Web,Exitoso
2020,U0740,2026-06-21 20:29:00,iOS,Error
12758,U0662,2026-06-16 12:23:00,iOS,Exitoso
8200,U0648,2026-06-14 19:02:00,Web,Exitoso
1374,,2026-06-28 04:49:00,Web,Error
6557,U0796,2026-06-26 22:05:00,Android,Exitoso
10649,U0692,2026-06-13 20:52:00,Android,Exitoso
16196,,2026-06-26 10:29:47,Web,Error
6173,U0641,2026-06-05 04:19:00,iOS,Exitoso
4460,U0040,2026-06-05 00:01:00,Web,Error
10904,U0585,2026-06-14 21:57:00,Android,Exitoso
2748,U0357,2026-06-26 02:51:00,Web,Error
15485,,2026-06-26 10:09:53,Web,Error
9967,U0606,2026-06-14 22:54:00,Android,Exitoso
5575,U0565,2026-06-21 23:34:00,iOS,Exitoso
5414,U0686,2026-06-28 13:34:00,iOS,Exitoso
16472,U0541,2026-06-26 10:13:59,Web,Error
8939,U0504,2026-06-22 16:31:00,Web,Exitoso
2391,U0790,2026-06-13 17:09:00,Android,Error
7428,U0998,2026-06-24 16:54:00,iOS,Exitoso
8900,U0880,2026-06-13 07:12:00,iOS,Exitoso
6146,U0953,2026-06-23 15:52:00,Web,Exitoso
28,,2026-06-15 07:20:00,Web,Error
2533,U0024,2026-06-26 08:19:00,Android,Error
9204,U0946,2026-06-24 23:43:00,Web,Exitoso
12528,U0545,2026-06-28 04:02:00,iOS,Exitoso
2858,U0397,2026-06-05 00:18:00,Web,Error
1134,U0995,2026-06-19 08:41:00,Android,Error
13651,U0882,2026-06-21 07:33:00,Android,Exitoso
15563,,2026-06-26 10:06:38,Web,Error
10733,U0529,2026-06-05 16:55:00,Web,Exitoso
14866,U0779,2026-06-03 11:42:00,Web,Exitoso
7636,U0711,2026-06-28 02:39:00,iOS,Exitoso
4140,,2026-06-07 04:38:00,Web,Error
8160,U0653,2026-06-25 11:12:00,Web,Exitoso
10623,U0713,2026-06-25 19:25:00,Web,Exitoso
13717,U0984,2026-06-12 02:16:00,Web,Exitoso
10804,U0769,2026-06-09 22:49:00,Web,Exitoso
14068,U0840,2026-06-21 08:02:00,Android,Exitoso
8509,U0729,2026-06-10 18:25:00,Web,Exitoso
8949,U0582,2026-06-05 18:25:00,Web,Exitoso
9978,U0607,2026-06-28 15:07:00,Android,Exitoso
14773,U0525,2026-06-24 13:34:00,iOS,Exitoso
13020,U0832,2026-06-19 04:40:00,iOS,Exitoso
766,U0077,2026-06-13 23:37:00,iOS,Error
9195,U0588,2026-06-10 23:16:00,Web,Exitoso
2068,U0390,2026-06-10 08:23:00,iOS,Error
12656,U0936,2026-06-01 06:31:00,Web,Exitoso
8231,U0511,2026-06-21 04:49:00,iOS,Exitoso
8288,U0917,2026-06-23 08:32:00,Web,Exitoso
7456,U0668,2026-06-26 15:09:00,Web,Exitoso
12035,U0512,2026-06-08 12:34:00,Android,Exitoso
10515,U0874,2026-06-19 20:11:00,Android,Exitoso
10159,U0787,2026-06-25 17:27:00,Web,Exitoso
5019,U0824,2026-06-12 13:04:00,iOS,Exitoso
3013,U0671,2026-06-21 00:11:00,Android,Error
13447,U0840,2026-06-17 11:15:00,iOS,Exitoso
3810,U0690,2026-06-01 20:37:00,Web,Error
5061,U0570,2026-06-26 08:54:00,Web,Exitoso
6162,U0652,2026-06-05 19:10:00,iOS,Exitoso
15282,,2026-06-26 10:24:46,Web,Error
10282,U0824,2026-06-18 15:13:00,Android,Exitoso
8641,U0917,2026-06-27 07:04:00,Android,Exitoso
13212,U0728,2026-06-27 04:32:00,Android,Exitoso
2369,U0448,2026-06-05 13:04:00,iOS,Error
7812,U0502,2026-06-22 15:47:00,iOS,Exitoso
3028,U0510,2026-06-06 12:44:00,iOS,Error
15514,,2026-06-26 10:02:25,Web,Error
854,,2026-06-26 16:15:00,Web,Error
14104,U0560,2026-06-15 10:11:00,iOS,Exitoso
8912,U0986,2026-06-17 03:40:00,Web,Exitoso
16248,U0758,2026-06-26 10:08:08,Web,Error
15976,,2026-06-26 10:05:50,Web,Error
287,U0071,2026-06-25 16:26:00,Android,Error
12434,U0932,2026-06-15 01:56:00,Android,Exitoso
10225,U0890,2026-06-10 12:26:00,Web,Exitoso
16223,U0886,2026-06-26 10:23:43,Web,Error
3213,,2026-06-15 09:07:00,Web,Error
2765,,2026-06-22 22:26:00,iOS,Error
7966,U0511,2026-06-10 20:54:00,iOS,Exitoso
6693,U0456,2026-06-18 17:41:00,Web,Exitoso
7992,U0627,2026-06-15 20:25:00,Web,Exitoso
10577,U0908,2026-06-13 16:30:00,Android,Exitoso
9645,U0613,2026-06-09 22:55:00,iOS,Exitoso
6160,U0591,2026-06-12 19:08:00,iOS,Exitoso
4144,U0410,2026-06-22 05:12:00,iOS,Error
5465,U0550,2026-06-27 20:24:00,Web,Exitoso
15755,,2026-06-26 10:23:00,Web,Error
10101,U0759,2026-06-05 20:57:00,iOS,Exitoso
9594,U0569,2026-06-28 07:58:00,iOS,Exitoso
2457,U0135,2026-06-13 15:49:00,Web,Error
14758,U0483,2026-06-08 16:41:00,Web,Exitoso
10464,U0877,2026-06-09 01:43:00,Web,Exitoso
6240,U0871,2026-06-23 21:15:00,Android,Exitoso
2862,,2026-06-02 09:53:00,Web,Error
10083,U0683,2026-06-17 05:07:00,Web,Exitoso
2055,U0335,2026-06-09 23:25:00,Web,Error
11420,U0483,2026-06-15 06:19:00,iOS,Exitoso
4777,,2026-06-22 01:53:00,Web,Error
2779,,2026-06-26 12:00:00,iOS,Error
4101,U0105,2026-06-07 15:57:00,iOS,Error
5070,U0536,2026-06-07 19:35:00,Android,Exitoso
153,U0074,2026-06-28 13:36:00,Web,Error
6017,U0485,2026-06-18 02:32:00,iOS,Exitoso
11174,U0965,2026-06-04 01:02:00,iOS,Exitoso
485,U0221,2026-06-23 10:06:00,Android,Error
6768,U0988,2026-06-15 15:55:00,Web,Exitoso
11903,U0464,2026-06-07 18:57:00,Web,Exitoso
10380,U0677,2026-06-04 10:02:00,iOS,Exitoso
11932,U0722,2026-06-28 16:02:00,iOS,Exitoso
12466,U0787,2026-06-04 06:39:00,iOS,Exitoso
6817,U0605,2026-06-09 07:30:00,iOS,Exitoso
3395,U0048,2026-06-08 11:04:00,Web,Error
15966,,2026-06-26 10:20:13,Web,Error
14938,U0784,2026-06-17 08:32:00,Web,Exitoso
3765,,2026-06-13 04:15:00,Web,Error
16263,U0975,2026-06-26 10:21:44,Web,Error
12365,U0462,2026-06-02 05:36:00,Android,Exitoso
6371,U0922,2026-06-14 15:16:00,Web,Exitoso
14606,U0634,2026-06-12 08:42:00,Android,Exitoso
13562,U0937,2026-06-03 07:50:00,Web,Exitoso
12640,U0904,2026-06-14 23:46:00,Android,Exitoso
11512,U0865,2026-06-18 09:25:00,iOS,Exitoso
14705,U0856,2026-06-05 07:35:00,Android,Exitoso
9079,U0550,2026-06-01 15:01:00,iOS,Exitoso
1029,U0929,2026-06-08 00:06:00,Web,Error
13997,U0575,2026-06-18 02:57:00,Web,Exitoso
10465,U0572,2026-06-08 22:32:00,Android,Exitoso
8993,U0520,2026-06-07 13:20:00,Web,Exitoso
2521,,2026-06-24 04:07:00,Web,Error
5176,U0879,2026-06-02 18:49:00,Web,Exitoso
2145,U0058,2026-06-25 19:20:00,iOS,Error
7405,U0899,2026-06-18 10:40:00,Web,Exitoso
3202,U0592,2026-06-09 00:50:00,Web,Error
1700,U0337,2026-06-24 20:24:00,iOS,Error
1609,U0994,2026-06-14 20:38:00,iOS,Error
12300,U0898,2026-06-24 02:40:00,Android,Exitoso
11671,U0680,2026-06-06 05:55:00,iOS,Exitoso
8500,U0770,2026-06-10 08:45:00,iOS,Exitoso
8237,U0749,2026-06-01 09:56:00,iOS,Exitoso
1344,,2026-06-06 12:47:00,Android,Error
15926,,2026-06-26 10:29:21,Web,Error
2181,U0472,2026-06-26 04:50:00,Web,Error
7683,U0986,2026-06-18 07:22:00,Web,Exitoso
13231,U0874,2026-06-02 07:51:00,iOS,Exitoso
15379,,2026-06-26 10:06:20,Web,Error
13907,U0790,2026-06-26 20:39:00,Web,Exitoso
14687,U0533,2026-06-23 14:14:00,Android,Exitoso
1360,U0549,2026-06-23 21:11:00,Android,Error
16326,U0616,2026-06-26 10:05:19,Web,Error
347,U0733,2026-06-11 13:12:00,iOS,Error
12870,U0928,2026-06-05 17:13:00,Android,Exitoso
10994,U0588,2026-06-07 22:41:00,iOS,Exitoso
9555,U0530,2026-06-27 14:35:00,iOS,Exitoso
9500,U0725,2026-06-15 08:59:00,Web,Exitoso
14513,U0891,2026-06-21 11:23:00,Web,Exitoso
16292,U0970,2026-06-26 10:03:00,Web,Error
14731,U0797,2026-06-08 14:00:00,Web,Exitoso
7057,U0542,2026-06-08 12:20:00,iOS,Exitoso
6024,U0839,2026-06-24 13:03:00,Android,Exitoso
15456,,2026-06-26 10:25:09,Web,Error
16251,U0851,2026-06-26 10:19:37,Web,Error
6276,U0817,2026-06-24 00:48:00,Web,Exitoso
162,U0161,2026-06-09 00:24:00,Web,Error
818,U0042,2026-06-01 17:40:00,iOS,Error
6831,U0944,2026-06-13 08:31:00,iOS,Exitoso
3952,,2026-06-23 10:56:00,Web,Error
13474,U0692,2026-06-20 15:28:00,Web,Exitoso
8347,U0729,2026-06-03 00:41:00,Web,Exitoso
7258,U0976,2026-06-12 22:21:00,iOS,Exitoso
10420,U0973,2026-06-19 08:57:00,iOS,Exitoso
5551,U0517,2026-06-14 01:35:00,Android,Exitoso
12193,U0554,2026-06-14 20:36:00,Android,Exitoso
3288,U0045,2026-06-09 17:08:00,Android,Error
7987,U0920,2026-06-09 00:09:00,Android,Exitoso
5840,U0543,2026-06-24 23:23:00,iOS,Exitoso
1832,,2026-06-14 13:48:00,iOS,Error
13852,U0596,2026-06-03 19:18:00,Android,Exitoso
6426,U0763,2026-06-07 16:17:00,Android,Exitoso
10012,U0824,2026-06-17 11:09:00,Web,Exitoso
15303,,2026-06-26 10:05:32,Web,Error
12815,U0455,2026-06-19 06:04:00,Web,Exitoso
19,,2026-06-10 18:06:00,Web,Error
3601,U0879,2026-06-11 13:14:00,Web,Error
11743,U0961,2026-06-21 13:53:00,Android,Exitoso
13215,U0963,2026-06-07 11:36:00,iOS,Exitoso
8700,U0672,2026-06-26 17:53:00,iOS,Exitoso
14774,U0492,2026-06-03 03:04:00,iOS,Exitoso
12264,U0701,2026-06-04 17:02:00,Web,Exitoso
12909,U0710,2026-06-13 17:29:00,iOS,Exitoso
227,U0414,2026-06-21 19:34:00,Web,Error
3946,U0215,2026-06-13 00:41:00,iOS,Error
15344,,2026-06-26 10:07:44,Web,Error
13443,U0955,2026-06-05 15:10:00,Web,Exitoso
9058,U0702,2026-06-02 00:16:00,Android,Exitoso
15970,,2026-06-26 10:00:38,Web,Error
4814,U0062,2026-06-06 09:14:00,Android,Error
506,U0304,2026-06-06 23:55:00,Android,Error
5212,U0749,2026-06-16 03:25:00,Web,Exitoso
12226,U0801,2026-06-06 16:31:00,Android,Exitoso
9930,U0697,2026-06-22 21:41:00,Web,Exitoso
13386,U0842,2026-06-23 17:05:00,Android,Exitoso
7906,U0582,2026-06-13 23:26:00,Web,Exitoso
9254,U0802,2026-06-04 10:31:00,Android,Exitoso
14941,U0769,2026-06-11 14:57:00,iOS,Exitoso
13781,U0843,2026-06-02 16:57:00,Android,Exitoso
450,U0490,2026-06-06 22:14:00,Android,Error
12896,U0526,2026-06-24 15:19:00,Android,Exitoso
13779,U0699,2026-06-12 01:01:00,Android,Exitoso
2879,U0220,2026-06-07 06:20:00,Web,Error
10307,U0556,2026-06-16 21:13:00,Android,Exitoso
417,U0341,2026-06-12 11:57:00,Android,Error
3966,U0426,2026-06-05 05:35:00,Android,Error
16150,,2026-06-26 10:18:36,Web,Error
10122,U0709,2026-06-08 13:39:00,Android,Exitoso
1253,U0170,2026-06-19 05:57:00,Android,Error
10730,U0511,2026-06-11 13:38:00,Android,Exitoso
5085,U0752,2026-06-14 06:17:00,Web,Exitoso
9681,U0992,2026-06-22 06:41:00,Android,Exitoso
4118,U0088,2026-06-01 04:02:00,Web,Error
11892,U0619,2026-06-04 04:03:00,Web,Exitoso
12456,U0963,2026-06-16 21:41:00,iOS,Exitoso
11590,U0518,2026-06-21 06:32:00,Web,Exitoso
4243,,2026-06-16 10:49:00,Web,Error
7369,U0472,2026-06-02 07:10:00,Web,Exitoso
536,U0328,2026-06-02 20:54:00,Web,Error
9152,U0454,2026-06-12 20:04:00,iOS,Exitoso
13065,U0696,2026-06-10 01:38:00,Android,Exitoso
1260,U0989,2026-06-05 09:17:00,Web,Error
6178,U0527,2026-06-27 07:44:00,iOS,Exitoso
8847,U0987,2026-06-19 10:31:00,Web,Exitoso
3869,,2026-06-05 21:52:00,Web,Error
1806,,2026-06-08 13:34:00,Web,Error
9541,U0502,2026-06-04 16:44:00,Web,Exitoso
13595,U0930,2026-06-22 02:21:00,iOS,Exitoso
8410,U0940,2026-06-21 15:41:00,Android,Exitoso
4711,U0068,2026-06-14 13:35:00,Web,Error
1808,U0240,2026-06-03 13:10:00,Android,Error
10383,U0759,2026-06-05 10:40:00,Android,Exitoso
6591,U0826,2026-06-16 16:58:00,iOS,Exitoso
15000,U0499,2026-06-27 16:54:00,Web,Exitoso
10599,U0473,2026-06-10 13:52:00,Android,Exitoso
8617,U0704,2026-06-07 15:05:00,Android,Exitoso
323,U0571,2026-06-09 21:11:00,Web,Error
10635,U0843,2026-06-07 01:07:00,iOS,Exitoso
11256,U0824,2026-06-09 05:43:00,Web,Exitoso
6326,U0947,2026-06-07 20:24:00,Web,Exitoso
2733,,2026-06-14 07:57:00,Web,Error
12359,U0969,2026-06-14 14:53:00,Web,Exitoso
4392,U0615,2026-06-17 06:44:00,Web,Error
8887,U0944,2026-06-19 06:08:00,Web,Exitoso
8341,U0516,2026-06-27 11:35:00,Android,Exitoso
11000,U0806,2026-06-05 10:20:00,iOS,Exitoso
13457,U0986,2026-06-21 17:44:00,Android,Exitoso
5472,U0823,2026-06-16 16:31:00,Web,Exitoso
2027,,2026-06-17 03:10:00,Web,Error
9253,U0776,2026-06-10 22:30:00,Android,Exitoso
11821,U0797,2026-06-28 11:26:00,Web,Exitoso
15731,,2026-06-26 10:16:07,Web,Error
2402,,2026-06-05 09:25:00,Web,Error
15841,,2026-06-26 10:11:29,Web,Error
5528,U0809,2026-06-19 09:43:00,Web,Exitoso
9533,U0855,2026-06-17 20:56:00,Android,Exitoso
15713,,2026-06-26 10:16:19,Web,Error
3394,,2026-06-04 18:12:00,Web,Error
6896,U0552,2026-06-12 18:09:00,iOS,Exitoso
10874,U0758,2026-06-15 20:23:00,Android,Exitoso
14871,U0924,2026-06-24 04:49:00,Android,Exitoso
12475,U0741,2026-06-19 01:50:00,Web,Exitoso
8475,U0669,2026-06-18 04:20:00,Android,Exitoso
16359,U0912,2026-06-26 10:05:32,Web,Error
11683,U0836,2026-06-24 03:14:00,Web,Exitoso
6865,U0952,2026-06-24 05:03:00,Web,Exitoso
8978,U0544,2026-06-17 22:33:00,Web,Exitoso
7362,U0876,2026-06-25 18:46:00,Android,Exitoso
2958,U0093,2026-06-03 22:22:00,Web,Error
10807,U0675,2026-06-04 05:13:00,Android,Exitoso
10052,U0568,2026-06-05 16:37:00,Web,Exitoso
10594,U0822,2026-06-05 17:01:00,Android,Exitoso
7055,U0907,2026-06-04 09:40:00,Web,Exitoso
7297,U0939,2026-06-25 06:25:00,Android,Exitoso
5837,U0790,2026-06-18 17:39:00,iOS,Exitoso
8809,U0538,2026-06-17 17:47:00,Web,Exitoso
9755,U0480,2026-06-17 21:13:00,iOS,Exitoso
1245,U0584,2026-06-14 16:37:00,Web,Error
3754,U0532,2026-06-25 23:50:00,Web,Error
2920,U0940,2026-06-19 23:30:00,Web,Error
1345,,2026-06-22 07:22:00,Web,Error
6400,U0914,2026-06-24 06:31:00,Web,Exitoso
7481,U0819,2026-06-04 20:17:00,iOS,Exitoso
3910,U0376,2026-06-09 12:06:00,Web,Error
15031,,2026-06-26 10:20:49,Web,Error
5476,U0594,2026-06-11 20:20:00,Android,Exitoso
10690,U0509,2026-06-16 13:36:00,Android,Exitoso
11083,U0493,2026-06-12 23:31:00,Web,Exitoso
12111,U0747,2026-06-24 12:36:00,Web,Exitoso
8720,U0811,2026-06-22 02:42:00,Web,Exitoso
7566,U0726,2026-06-11 07:10:00,iOS,Exitoso
10905,U0622,2026-06-12 09:23:00,Web,Exitoso
13430,U1000,2026-06-17 11:13:00,Android,Exitoso
11022,U0707,2026-06-04 02:09:00,Web,Exitoso
12592,U0591,2026-06-13 17:21:00,Web,Exitoso
3153,U0574,2026-06-25 19:12:00,Web,Error
13361,U0536,2026-06-02 07:50:00,iOS,Exitoso
1319,U0777,2026-06-27 13:53:00,Web,Error
8874,U0931,2026-06-12 18:48:00,Android,Exitoso
325,U0305,2026-06-16 07:46:00,iOS,Error
3578,U0173,2026-06-11 14:52:00,Web,Error
13660,U0848,2026-06-13 01:07:00,iOS,Exitoso
8918,U0975,2026-06-25 01:39:00,Android,Exitoso
12430,U0566,2026-06-17 13:38:00,Android,Exitoso
9739,U0532,2026-06-22 11:47:00,Android,Exitoso
4970,U0009,2026-06-04 05:14:00,iOS,Error
14389,U0863,2026-06-16 22:35:00,Android,Exitoso
5869,U0561,2026-06-26 09:46:00,iOS,Exitoso
8862,U0480,2026-06-25 21:51:00,iOS,Exitoso
3093,,2026-06-05 17:52:00,iOS,Error
1442,,2026-06-11 08:23:00,Web,Error
8594,U0688,2026-06-20 14:45:00,iOS,Exitoso
10457,U0804,2026-06-27 07:41:00,iOS,Exitoso
13358,U0728,2026-06-16 10:19:00,iOS,Exitoso
697,,2026-06-15 19:18:00,Web,Error
15205,,2026-06-26 10:23:14,Web,Error
13878,U0561,2026-06-13 09:18:00,Android,Exitoso
14639,U0812,2026-06-16 17:58:00,iOS,Exitoso
4955,U0276,2026-06-14 21:54:00,iOS,Error
14049,U0614,2026-06-28 10:22:00,Web,Exitoso
11674,U0633,2026-06-06 12:50:00,iOS,Exitoso
11383,U0559,2026-06-02 09:42:00,Web,Exitoso
10446,U0791,2026-06-07 06:00:00,iOS,Exitoso
2450,U0278,2026-06-04 05:59:00,Web,Error
11510,U0717,2026-06-04 10:09:00,Web,Exitoso
14683,U0657,2026-06-26 09:14:00,iOS,Exitoso
10192,U0966,2026-06-16 00:29:00,iOS,Exitoso
6110,U0518,2026-06-23 17:16:00,Android,Exitoso
2134,,2026-06-18 18:42:00,iOS,Error
12484,U0464,2026-06-03 12:27:00,Android,Exitoso
8477,U0994,2026-06-22 16:47:00,iOS,Exitoso
13157,U0764,2026-06-13 15:47:00,Web,Exitoso
775,,2026-06-21 16:38:00,Android,Error
3223,U0486,2026-06-21 01:26:00,Android,Error
12254,U0916,2026-06-13 11:02:00,Android,Exitoso
14254,U0733,2026-06-21 20:55:00,Web,Exitoso
1884,U0447,2026-06-10 21:34:00,iOS,Error
2663,,2026-06-19 12:03:00,iOS,Error
7270,U0672,2026-06-25 01:11:00,Android,Exitoso
11164,U0506,2026-06-09 14:46:00,iOS,Exitoso
3329,,2026-06-21 18:12:00,Web,Error
15945,,2026-06-26 10:27:38,Web,Error
8531,U0608,2026-06-14 23:15:00,Web,Exitoso
5426,U0815,2026-06-02 02:25:00,Web,Exitoso
3067,U0132,2026-06-17 04:14:00,iOS,Error
1972,U0358,2026-06-18 22:22:00,Web,Error
9295,U0668,2026-06-23 16:33:00,Android,Exitoso
9465,U0593,2026-06-27 01:24:00,Android,Exitoso
12563,U0624,2026-06-19 20:02:00,iOS,Exitoso
8137,U0880,2026-06-28 10:57:00,Web,Exitoso
12809,U0840,2026-06-15 01:24:00,Android,Exitoso
11877,U0870,2026-06-15 17:57:00,Web,Exitoso
4148,,2026-06-11 04:07:00,Web,Error
7935,U0936,2026-06-02 01:22:00,Web,Exitoso
8534,U0781,2026-06-13 22:12:00,Android,Exitoso
7471,U0868,2026-06-05 02:30:00,Android,Exitoso
9927,U0850,2026-06-28 10:13:00,Android,Exitoso
12052,U0837,2026-06-09 12:49:00,Android,Exitoso
5428,U0604,2026-06-06 08:50:00,Web,Exitoso
16095,,2026-06-26 10:22:13,Web,Error
8162,U0703,2026-06-05 17:24:00,Web,Exitoso
3509,U0228,2026-06-18 21:49:00,Web,Error
4869,,2026-06-01 00:53:00,Web,Error
10945,U0454,2026-06-14 03:43:00,Android,Exitoso
7891,U0690,2026-06-22 06:42:00,Android,Exitoso
13250,U0911,2026-06-01 01:03:00,Android,Exitoso
5136,U0658,2026-06-22 04:37:00,Android,Exitoso
8667,U0893,2026-06-26 19:23:00,iOS,Exitoso
2501,,2026-06-10 13:48:00,Web,Error
1826,U0232,2026-06-19 02:26:00,Android,Error
13296,U0673,2026-06-14 22:23:00,Web,Exitoso
13362,U0765,2026-06-02 16:42:00,iOS,Exitoso
11427,U0603,2026-06-27 00:21:00,Android,Exitoso
15624,,2026-06-26 10:03:47,Web,Error
3862,U0052,2026-06-20 10:02:00,Android,Error
13979,U0571,2026-06-18 13:05:00,Android,Exitoso
2926,,2026-06-19 10:56:00,Web,Error
9889,U0555,2026-06-12 12:34:00,Web,Exitoso
5035,U0841,2026-06-18 14:27:00,Web,Exitoso
4141,U0330,2026-06-13 08:08:00,Android,Error
8077,U0563,2026-06-25 16:43:00,iOS,Exitoso
13222,U0899,2026-06-01 07:32:00,Android,Exitoso
626,U0268,2026-06-13 02:42:00,Web,Error
6913,U0683,2026-06-14 04:51:00,iOS,Exitoso
11859,U0897,2026-06-03 13:41:00,iOS,Exitoso
6804,U0859,2026-06-27 21:10:00,iOS,Exitoso
595,U0283,2026-06-15 14:15:00,Android,Error
2951,U0557,2026-06-10 01:25:00,Web,Error
12005,U0587,2026-06-08 17:03:00,iOS,Exitoso
12347,U0893,2026-06-20 04:16:00,Android,Exitoso
10160,U0515,2026-06-08 15:07:00,Android,Exitoso
6251,U0807,2026-06-15 22:17:00,Android,Exitoso
908,U0332,2026-06-01 01:35:00,iOS,Error
4385,U0034,2026-06-26 06:38:00,iOS,Error
12794,U0453,2026-06-13 22:24:00,Android,Exitoso
10180,U0834,2026-06-05 13:45:00,Web,Exitoso
16414,U0716,2026-06-26 10:09:48,Web,Error
10006,U0870,2026-06-20 09:31:00,Android,Exitoso
12782,U0742,2026-06-17 23:29:00,iOS,Exitoso
8003,U0534,2026-06-10 08:59:00,iOS,Exitoso
9875,U0470,2026-06-08 16:43:00,iOS,Exitoso
12381,U0593,2026-06-28 08:23:00,Web,Exitoso
3374,U0095,2026-06-09 05:11:00,Web,Error
13384,U0885,2026-06-03 07:01:00,Web,Exitoso
4308,U0222,2026-06-10 04:45:00,Web,Error
10567,U0629,2026-06-17 19:34:00,Android,Exitoso
7939,U0823,2026-06-23 22:34:00,iOS,Exitoso
14861,U0954,2026-06-06 02:35:00,Web,Exitoso
6998,U0889,2026-06-03 00:26:00,iOS,Exitoso
11972,U0532,2026-06-18 12:15:00,iOS,Exitoso
12534,U0559,2026-06-11 03:33:00,Web,Exitoso
13102,U0644,2026-06-25 14:21:00,Android,Exitoso
2343,U0171,2026-06-18 03:54:00,Web,Error
16046,,2026-06-26 10:22:41,Web,Error
10450,U0555,2026-06-11 08:10:00,iOS,Exitoso
3062,U0854,2026-06-22 09:13:00,Web,Error
11482,U0929,2026-06-12 23:54:00,Web,Exitoso
3439,U0423,2026-06-17 12:34:00,Android,Error
10334,U0718,2026-06-18 04:52:00,Web,Exitoso
6849,U0832,2026-06-15 19:20:00,iOS,Exitoso
4720,U0052,2026-06-12 04:25:00,iOS,Error
850,,2026-06-02 10:39:00,Web,Error
5863,U0470,2026-06-07 17:48:00,iOS,Exitoso
15320,,2026-06-26 10:07:21,Web,Error
967,,2026-06-16 09:37:00,Web,Error
14390,U0945,2026-06-02 00:06:00,Web,Exitoso
11930,U0572,2026-06-11 14:16:00,Web,Exitoso
3673,U0348,2026-06-10 15:08:00,Web,Error
680,U0879,2026-06-25 21:12:00,Web,Error
8451,U0700,2026-06-01 08:34:00,iOS,Exitoso
4694,U0385,2026-06-10 10:59:00,iOS,Error
12472,U0726,2026-06-22 14:36:00,iOS,Exitoso
8511,U0897,2026-06-14 06:48:00,iOS,Exitoso
15806,,2026-06-26 10:13:35,Web,Error
1478,U0233,2026-06-25 17:58:00,iOS,Error
3283,U0165,2026-06-07 16:14:00,Web,Error
6496,U0891,2026-06-07 03:19:00,Android,Exitoso
6065,U0841,2026-06-22 06:34:00,iOS,Exitoso
3411,,2026-06-10 22:31:00,Web,Error
5386,U0817,2026-06-12 09:01:00,iOS,Exitoso
10216,U0619,2026-06-14 23:30:00,Android,Exitoso
13786,U0964,2026-06-04 13:19:00,Web,Exitoso
15164,,2026-06-26 10:06:49,Web,Error
4292,,2026-06-13 10:05:00,Web,Error
13535,U0455,2026-06-10 08:28:00,Web,Exitoso
939,U0308,2026-06-27 13:03:00,Android,Error
3739,U0212,2026-06-09 22:45:00,Web,Error
931,U0397,2026-06-18 05:56:00,Android,Error
3290,U0334,2026-06-02 23:04:00,Web,Error
10099,U0521,2026-06-02 03:47:00,Android,Exitoso
5606,U0628,2026-06-14 18:05:00,Web,Exitoso
4945,U0542,2026-06-07 20:33:00,Web,Error
262,U0388,2026-06-07 02:53:00,Android,Error
9292,U0747,2026-06-14 10:00:00,iOS,Exitoso
3576,U0068,2026-06-22 17:36:00,Web,Error
5968,U0694,2026-06-12 01:46:00,Web,Exitoso
1127,U0819,2026-06-14 13:04:00,Web,Error
6207,U0679,2026-06-10 10:31:00,iOS,Exitoso
13503,U0774,2026-06-14 16:22:00,Android,Exitoso
10765,U0776,2026-06-14 04:02:00,Android,Exitoso
3266,U0019,2026-06-23 21:53:00,iOS,Error
9593,U0636,2026-06-13 06:35:00,iOS,Exitoso
5272,U0537,2026-06-24 15:57:00,Android,Exitoso
9355,U0506,2026-06-27 04:23:00,iOS,Exitoso
4271,,2026-06-25 18:07:00,Web,Error
4602,U0221,2026-06-20 08:20:00,Web,Error
11112,U0915,2026-06-21 16:18:00,Android,Exitoso
9426,U0687,2026-06-04 12:55:00,Web,Exitoso
12632,U0873,2026-06-20 04:47:00,Web,Exitoso
15183,,2026-06-26 10:24:40,Web,Error
15562,,2026-06-26 10:03:48,Web,Error
12325,U0861,2026-06-07 06:58:00,Android,Exitoso
194,U0233,2026-06-18 05:12:00,iOS,Error
12827,U0697,2026-06-01 01:24:00,iOS,Exitoso
9570,U0518,2026-06-06 23:55:00,Web,Exitoso
8756,U0804,2026-06-23 02:47:00,iOS,Exitoso
2259,,2026-06-10 21:37:00,Android,Error
2816,U0217,2026-06-02 17:25:00,Web,Error
4467,,2026-06-03 13:12:00,Web,Error
628,,2026-06-25 09:11:00,Web,Error
109,U0349,2026-06-13 16:54:00,Web,Error
8068,U0552,2026-06-22 01:21:00,Android,Exitoso
9760,U0633,2026-06-08 17:48:00,iOS,Exitoso
2672,U0960,2026-06-07 23:12:00,Web,Error
3804,,2026-06-02 20:58:00,Web,Error
2031,U0350,2026-06-26 09:29:00,Web,Error
9677,U0758,2026-06-07 22:21:00,Android,Exitoso
15543,,2026-06-26 10:26:02,Web,Error
1556,U0377,2026-06-04 10:19:00,Android,Error
15390,,2026-06-26 10:00:27,Web,Error
8235,U0589,2026-06-16 13:08:00,iOS,Exitoso
12330,U0678,2026-06-23 03:16:00,Android,Exitoso
2857,,2026-06-01 03:57:00,Web,Error
6963,U0684,2026-06-22 23:04:00,Web,Exitoso
5813,U0967,2026-06-28 09:09:00,iOS,Exitoso
4409,,2026-06-02 18:59:00,Web,Error
14651,U0590,2026-06-15 23:43:00,iOS,Exitoso
11862,U0490,2026-06-10 13:26:00,Android,Exitoso
513,U0258,2026-06-04 22:07:00,Web,Error
1885,U0207,2026-06-14 06:57:00,iOS,Error
8750,U0900,2026-06-28 03:51:00,Android,Exitoso
11855,U0516,2026-06-07 10:15:00,iOS,Exitoso
11334,U0978,2026-06-24 19:11:00,iOS,Exitoso
14487,U0472,2026-06-11 13:50:00,Android,Exitoso
5976,U0468,2026-06-08 11:07:00,Android,Exitoso
4350,U0056,2026-06-06 01:49:00,iOS,Error
579,U0429,2026-06-21 23:40:00,Android,Error
6191,U0673,2026-06-20 13:11:00,iOS,Exitoso
3066,U0044,2026-06-13 08:07:00,Web,Error
6380,U0928,2026-06-26 08:35:00,iOS,Exitoso
9572,U0895,2026-06-24 17:13:00,Web,Exitoso
15998,,2026-06-26 10:14:01,Web,Error
15914,,2026-06-26 10:02:40,Web,Error
14015,U0570,2026-06-08 20:08:00,Web,Exitoso
12425,U0623,2026-06-09 03:58:00,iOS,Exitoso
141,U0300,2026-06-11 22:53:00,iOS,Error
5736,U0821,2026-06-06 11:35:00,Web,Exitoso
2236,U0281,2026-06-22 07:10:00,Web,Error
10459,U0671,2026-06-13 04:15:00,iOS,Exitoso
10208,U0936,2026-06-20 05:53:00,Android,Exitoso
2155,U0281,2026-06-22 00:02:00,iOS,Error
10053,U0506,2026-06-01 10:27:00,Android,Exitoso
8004,U0799,2026-06-24 06:27:00,iOS,Exitoso
15460,,2026-06-26 10:02:43,Web,Error
6536,U0577,2026-06-19 09:47:00,Web,Exitoso
1921,U0387,2026-06-18 14:21:00,Web,Error
3903,U0020,2026-06-14 06:05:00,Web,Error
2947,U0151,2026-06-22 23:02:00,Web,Error
11108,U0558,2026-06-23 10:30:00,iOS,Exitoso
484,U0040,2026-06-09 08:42:00,iOS,Error
785,,2026-06-11 14:10:00,Web,Error
8983,U0742,2026-06-22 20:17:00,iOS,Exitoso
16457,U0856,2026-06-26 10:16:21,Web,Error
15076,,2026-06-26 10:28:50,Web,Error
7922,U0838,2026-06-20 15:55:00,Web,Exitoso
12684,U0650,2026-06-27 14:41:00,Web,Exitoso
12767,U0657,2026-06-05 18:54:00,iOS,Exitoso
9911,U0523,2026-06-27 16:58:00,Android,Exitoso
12888,U0539,2026-06-03 09:16:00,Android,Exitoso
15234,,2026-06-26 10:15:51,Web,Error
3536,,2026-06-13 09:45:00,Web,Error
11949,U0791,2026-06-22 02:41:00,Android,Exitoso
11789,U0986,2026-06-15 15:31:00,iOS,Exitoso
14482,U0476,2026-06-25 14:39:00,Android,Exitoso
7010,U0972,2026-06-05 07:28:00,Android,Exitoso
11835,U0630,2026-06-08 08:58:00,iOS,Exitoso
3249,U0827,2026-06-08 20:19:00,iOS,Error
8625,U0527,2026-06-19 08:02:00,iOS,Exitoso
15387,,2026-06-26 10:04:51,Web,Error
1372,U0147,2026-06-09 07:26:00,iOS,Error
3151,U0121,2026-06-25 09:31:00,Web,Error
975,U0196,2026-06-26 05:55:00,iOS,Error
2941,U0614,2026-06-25 22:32:00,Web,Error
8863,U0666,2026-06-18 23:47:00,Web,Exitoso
11907,U0980,2026-06-01 10:00:00,iOS,Exitoso
587,,2026-06-07 16:25:00,Web,Error
12983,U0612,2026-06-22 07:28:00,iOS,Exitoso
14726,U0918,2026-06-27 11:42:00,iOS,Exitoso
6437,U0647,2026-06-20 00:32:00,iOS,Exitoso
3527,U0123,2026-06-11 00:39:00,Web,Error
11390,U0471,2026-06-26 21:27:00,Web,Exitoso
7756,U0825,2026-06-06 22:31:00,Web,Exitoso
15519,,2026-06-26 10:17:56,Web,Error
9115,U0483,2026-06-05 11:08:00,iOS,Exitoso
15868,,2026-06-26 10:10:11,Web,Error
11535,U0986,2026-06-03 08:00:00,iOS,Exitoso
3868,U0858,2026-06-11 01:11:00,Web,Error
7231,U0808,2026-06-17 21:32:00,iOS,Exitoso
1809,,2026-06-15 03:24:00,Android,Error
1035,U0382,2026-06-16 21:00:00,iOS,Error
9485,U0991,2026-06-27 19:41:00,Android,Exitoso
5434,U0507,2026-06-28 01:43:00,iOS,Exitoso
6952,U0755,2026-06-11 13:44:00,iOS,Exitoso
6257,U0535,2026-06-22 21:10:00,Android,Exitoso
7943,U0994,2026-06-16 23:27:00,Android,Exitoso
2019,U0370,2026-06-26 09:25:00,Android,Error
5577,U0495,2026-06-27 21:42:00,Android,Exitoso
1495,U0115,2026-06-04 20:44:00,Web,Error
8053,U0647,2026-06-11 22:44:00,Android,Exitoso
2855,U0782,2026-06-05 22:21:00,Web,Error
10961,U0843,2026-06-05 02:03:00,iOS,Exitoso
5344,U0464,2026-06-19 18:49:00,iOS,Exitoso
10788,U0630,2026-06-18 19:22:00,iOS,Exitoso
1781,,2026-06-12 22:30:00,Android,Error
10839,U0628,2026-06-03 21:00:00,Android,Exitoso
9140,U0600,2026-06-25 15:31:00,Web,Exitoso
9109,U0936,2026-06-11 23:11:00,Android,Exitoso
1779,U0154,2026-06-07 22:26:00,iOS,Error
15897,,2026-06-26 10:13:47,Web,Error
3046,U0017,2026-06-17 11:49:00,Web,Error
9373,U0783,2026-06-12 15:29:00,Android,Exitoso
12922,U0945,2026-06-26 07:48:00,Web,Exitoso
6153,U0540,2026-06-12 05:16:00,iOS,Exitoso
6936,U0942,2026-06-16 04:18:00,iOS,Exitoso
1006,,2026-06-22 12:13:00,Web,Error
11034,U0956,2026-06-04 19:19:00,iOS,Exitoso
4558,,2026-06-09 14:26:00,Web,Error
11981,U0774,2026-06-18 08:21:00,Web,Exitoso
8629,U0788,2026-06-03 13:14:00,Android,Exitoso
991,,2026-06-22 17:08:00,Web,Error
12238,U0741,2026-06-24 22:35:00,iOS,Exitoso
13513,U0479,2026-06-08 01:55:00,Web,Exitoso
5048,U0600,2026-06-04 19:56:00,Android,Exitoso
13339,U0481,2026-06-15 06:49:00,iOS,Exitoso
15359,,2026-06-26 10:17:21,Web,Error
14859,U0705,2026-06-13 22:24:00,Web,Exitoso
8049,U0529,2026-06-11 00:37:00,iOS,Exitoso
10810,U0707,2026-06-20 01:40:00,Web,Exitoso
14662,U0601,2026-06-16 11:48:00,Android,Exitoso
8839,U0932,2026-06-10 21:45:00,Web,Exitoso
1482,U0399,2026-06-01 01:06:00,Android,Error
3829,,2026-06-28 04:45:00,Web,Error
14550,U0656,2026-06-03 16:54:00,Web,Exitoso
12603,U0587,2026-06-17 00:10:00,Web,Exitoso
1815,,2026-06-11 03:14:00,Android,Error
4918,U0816,2026-06-14 14:44:00,Web,Error
3877,U0212,2026-06-21 20:27:00,Android,Error
8159,U0650,2026-06-25 10:23:00,iOS,Exitoso
717,,2026-06-20 18:12:00,Web,Error
8338,U0973,2026-06-17 16:23:00,Web,Exitoso
4719,U0208,2026-06-01 00:32:00,Android,Error
14603,U0776,2026-06-26 08:48:00,Web,Exitoso
10889,U0732,2026-06-09 02:06:00,Android,Exitoso
16169,,2026-06-26 10:21:54,Web,Error
13109,U0996,2026-06-14 04:29:00,Web,Exitoso
13807,U0992,2026-06-18 01:49:00,Web,Exitoso
7180,U0843,2026-06-12 10:03:00,Android,Exitoso
2322,,2026-06-27 18:03:00,iOS,Error
14836,U0589,2026-06-09 07:09:00,iOS,Exitoso
1211,,2026-06-16 15:00:00,iOS,Error
6031,U0669,2026-06-24 11:32:00,Android,Exitoso
9036,U0975,2026-06-27 18:58:00,iOS,Exitoso
9037,U0804,2026-06-25 19:50:00,Android,Exitoso
15408,,2026-06-26 10:00:18,Web,Error
9866,U0940,2026-06-14 04:40:00,iOS,Exitoso
1816,U0061,2026-06-26 00:49:00,Android,Error
6512,U0958,2026-06-10 00:47:00,iOS,Exitoso
9201,U0981,2026-06-20 00:13:00,Android,Exitoso
4584,U0176,2026-06-12 08:25:00,iOS,Error
13661,U1000,2026-06-19 12:56:00,Android,Exitoso
11449,U0800,2026-06-18 09:57:00,Web,Exitoso
5609,U0859,2026-06-04 00:20:00,Android,Exitoso
14031,U0886,2026-06-26 14:28:00,iOS,Exitoso
16238,U0934,2026-06-26 10:13:16,Web,Error
6510,U0986,2026-06-16 05:43:00,Web,Exitoso
4497,U0034,2026-06-18 00:47:00,Web,Error
11667,U0493,2026-06-24 20:31:00,Web,Exitoso
4923,U0324,2026-06-01 18:16:00,iOS,Error
7116,U0646,2026-06-02 08:10:00,iOS,Exitoso
5353,U0972,2026-06-25 03:39:00,iOS,Exitoso
8452,U0956,2026-06-08 21:10:00,Web,Exitoso
9392,U0817,2026-06-19 06:53:00,Web,Exitoso
8269,U0769,2026-06-12 02:41:00,Web,Exitoso
1528,U0146,2026-06-08 18:59:00,iOS,Error
15735,,2026-06-26 10:03:16,Web,Error
4032,U0268,2026-06-07 21:30:00,iOS,Error
13282,U0583,2026-06-01 23:14:00,Android,Exitoso
7767,U0940,2026-06-03 07:52:00,Android,Exitoso
494,,2026-06-15 02:30:00,Android,Error
14686,U0533,2026-06-23 08:58:00,iOS,Exitoso
8356,U0801,2026-06-06 22:24:00,iOS,Exitoso
556,U0309,2026-06-05 21:44:00,iOS,Error
14953,U0803,2026-06-28 12:23:00,Android,Exitoso
2987,U0317,2026-06-26 02:41:00,Android,Error
8486,U0612,2026-06-09 00:27:00,iOS,Exitoso
6223,U0788,2026-06-03 13:28:00,Android,Exitoso
7817,U0520,2026-06-09 08:03:00,Android,Exitoso
2164,U0239,2026-06-04 14:35:00,iOS,Error
3949,U0276,2026-06-01 17:52:00,iOS,Error
1452,U0380,2026-06-11 06:28:00,Web,Error
9249,U0467,2026-06-02 21:47:00,Web,Exitoso
337,U0051,2026-06-23 16:45:00,Web,Error
5656,U0652,2026-06-03 18:58:00,iOS,Exitoso
7060,U0963,2026-06-05 01:19:00,Web,Exitoso
1358,U0036,2026-06-25 11:15:00,Android,Error
4883,U0206,2026-06-22 23:58:00,iOS,Error
8733,U0549,2026-06-20 17:27:00,Web,Exitoso
12241,U0775,2026-06-22 00:21:00,Web,Exitoso
13659,U0662,2026-06-16 11:13:00,Web,Exitoso
10175,U0691,2026-06-26 22:42:00,Web,Exitoso
15993,,2026-06-26 10:24:29,Web,Error
10821,U0777,2026-06-09 06:39:00,Android,Exitoso
14935,U0601,2026-06-24 14:27:00,iOS,Exitoso
12404,U0773,2026-06-14 05:08:00,Android,Exitoso
788,,2026-06-07 13:33:00,iOS,Error
10179,U0499,2026-06-15 15:19:00,iOS,Exitoso
10652,U0930,2026-06-19 00:41:00,iOS,Exitoso
7020,U0964,2026-06-16 02:58:00,Web,Exitoso
10331,U0766,2026-06-21 10:22:00,Web,Exitoso
9076,U0717,2026-06-08 23:15:00,Web,Exitoso
4136,U0036,2026-06-05 07:36:00,iOS,Error
6603,U0727,2026-06-02 03:59:00,Android,Exitoso
11881,U0803,2026-06-15 20:45:00,Android,Exitoso
13309,U0939,2026-06-04 08:59:00,Web,Exitoso
6940,U0970,2026-06-06 02:13:00,Web,Exitoso
1359,U0449,2026-06-01 16:22:00,iOS,Error
11244,U0985,2026-06-23 05:15:00,Android,Exitoso
5993,U0899,2026-06-15 08:30:00,Android,Exitoso
581,,2026-06-03 07:28:00,iOS,Error
6342,U0856,2026-06-15 16:10:00,Android,Exitoso
6889,U0941,2026-06-16 16:11:00,Web,Exitoso
2330,U0524,2026-06-05 01:21:00,Web,Error
7431,U0871,2026-06-01 22:57:00,iOS,Exitoso
8909,U0474,2026-06-26 05:01:00,iOS,Exitoso
5170,U0690,2026-06-18 12:11:00,Android,Exitoso
14059,U0453,2026-06-08 05:30:00,Web,Exitoso
5699,U0697,2026-06-28 12:46:00,iOS,Exitoso
16041,,2026-06-26 10:11:38,Web,Error
8712,U0612,2026-06-08 05:05:00,iOS,Exitoso
10075,U0692,2026-06-18 16:08:00,Web,Exitoso
14947,U0771,2026-06-02 09:54:00,Android,Exitoso
7861,U0735,2026-06-09 13:44:00,Web,Exitoso
11447,U0879,2026-06-14 18:33:00,Web,Exitoso
15321,,2026-06-26 10:03:40,Web,Error
13977,U0965,2026-06-08 03:30:00,iOS,Exitoso
2935,U0323,2026-06-21 17:28:00,Web,Error
3240,U0084,2026-06-05 14:04:00,Android,Error
15734,,2026-06-26 10:18:51,Web,Error
3448,U0065,2026-06-22 22:13:00,Web,Error
1734,U0424,2026-06-17 08:09:00,Android,Error
3592,,2026-06-27 16:22:00,Web,Error
5520,U0494,2026-06-18 23:15:00,Web,Exitoso
5907,U0960,2026-06-02 01:58:00,iOS,Exitoso
3138,U0201,2026-06-03 00:54:00,Android,Error
8872,U0569,2026-06-25 04:45:00,iOS,Exitoso
15779,,2026-06-26 10:03:18,Web,Error
16024,,2026-06-26 10:01:38,Web,Error
1106,,2026-06-17 20:42:00,Web,Error
11418,U0555,2026-06-26 05:41:00,Android,Exitoso
15604,,2026-06-26 10:23:15,Web,Error
10637,U0556,2026-06-10 09:09:00,Android,Exitoso
10834,U0830,2026-06-21 08:27:00,iOS,Exitoso
13752,U0634,2026-06-26 16:01:00,Android,Exitoso
1532,U0424,2026-06-24 20:37:00,iOS,Error
4310,U0103,2026-06-28 09:49:00,Android,Error
16274,U0648,2026-06-26 10:00:17,Web,Error
10441,U0867,2026-06-22 00:55:00,Android,Exitoso
2266,U0804,2026-06-07 11:57:00,Web,Error
3,U0196,2026-06-22 07:47:00,iOS,Error
2148,U0418,2026-06-05 03:56:00,Android,Error
11057,U0849,2026-06-27 16:30:00,iOS,Exitoso
13112,U0651,2026-06-06 07:27:00,Android,Exitoso
5987,U0503,2026-06-17 04:44:00,Web,Exitoso
13726,U0961,2026-06-11 10:25:00,Android,Exitoso
8216,U0788,2026-06-16 04:05:00,Android,Exitoso
8157,U0609,2026-06-12 02:03:00,Android,Exitoso
4158,U0073,2026-06-16 13:19:00,Android,Error
12150,U0994,2026-06-14 11:47:00,iOS,Exitoso
10622,U0607,2026-06-16 14:59:00,Web,Exitoso
2617,U0297,2026-06-15 05:20:00,Android,Error
1771,U0678,2026-06-27 00:10:00,Web,Error
10091,U0844,2026-06-08 06:17:00,iOS,Exitoso
5765,U0551,2026-06-26 19:47:00,Web,Exitoso
10983,U0763,2026-06-06 01:20:00,iOS,Exitoso
9826,U0477,2026-06-27 05:51:00,Web,Exitoso
12200,U0898,2026-06-13 20:53:00,iOS,Exitoso
7692,U0714,2026-06-24 09:24:00,iOS,Exitoso
11962,U0818,2026-06-22 06:17:00,iOS,Exitoso
16300,U0904,2026-06-26 10:23:45,Web,Error
16266,U0683,2026-06-26 10:05:48,Web,Error
9663,U0886,2026-06-20 21:53:00,iOS,Exitoso
12882,U0610,2026-06-01 14:42:00,Web,Exitoso
291,U0166,2026-06-11 16:08:00,iOS,Error
13134,U0705,2026-06-26 23:32:00,iOS,Exitoso
7345,U0512,2026-06-20 22:35:00,Web,Exitoso
8090,U0938,2026-06-21 10:38:00,Web,Exitoso
14638,U0503,2026-06-24 00:42:00,Android,Exitoso
11572,U0731,2026-06-01 13:51:00,Android,Exitoso
4733,U0846,2026-06-11 17:15:00,Web,Error
5750,U0470,2026-06-03 08:30:00,Web,Exitoso
2206,U0327,2026-06-22 16:23:00,Web,Error
9117,U0611,2026-06-16 03:31:00,iOS,Exitoso
10268,U0534,2026-06-07 18:42:00,Web,Exitoso
15746,,2026-06-26 10:16:50,Web,Error
11792,U0870,2026-06-24 07:41:00,Web,Exitoso
191,U0366,2026-06-24 16:51:00,Web,Error
14132,U0636,2026-06-14 14:55:00,Web,Exitoso
6011,U0660,2026-06-07 14:15:00,Web,Exitoso
3496,,2026-06-05 04:48:00,iOS,Error
14416,U0606,2026-06-24 09:57:00,Android,Exitoso
8275,U0634,2026-06-03 09:47:00,Web,Exitoso
7265,U0770,2026-06-09 02:52:00,Web,Exitoso
1288,,2026-06-07 05:29:00,Android,Error
4228,U0310,2026-06-06 13:10:00,Android,Error
132,,2026-06-08 09:22:00,Web,Error
2336,U0341,2026-06-14 16:50:00,Android,Error
7367,U0526,2026-06-17 01:14:00,Web,Exitoso
10363,U0738,2026-06-19 16:22:00,Android,Exitoso
8497,U0903,2026-06-01 19:00:00,Android,Exitoso
475,,2026-06-16 02:51:00,Web,Error
13073,U0706,2026-06-16 07:14:00,iOS,Exitoso
324,U0362,2026-06-26 04:36:00,Web,Error
1892,,2026-06-21 17:11:00,iOS,Error
7557,U0893,2026-06-27 09:39:00,Web,Exitoso
9474,U0774,2026-06-14 05:02:00,Android,Exitoso
4045,,2026-06-01 09:46:00,Web,Error
8368,U0738,2026-06-24 15:24:00,Android,Exitoso
13453,U0980,2026-06-22 23:11:00,iOS,Exitoso
14580,U0776,2026-06-11 12:52:00,Web,Exitoso
561,,2026-06-12 08:16:00,iOS,Error
9072,U0724,2026-06-15 15:28:00,Web,Exitoso
6290,U0974,2026-06-16 23:01:00,iOS,Exitoso
13431,U0930,2026-06-01 17:30:00,Android,Exitoso
3883,,2026-06-27 01:13:00,Web,Error
10862,U0736,2026-06-10 11:03:00,iOS,Exitoso
6083,U0514,2026-06-05 19:17:00,iOS,Exitoso
808,U0432,2026-06-11 19:32:00,Android,Error
13209,U0482,2026-06-09 22:12:00,Android,Exitoso
8463,U0559,2026-06-07 22:39:00,Android,Exitoso
12878,U0913,2026-06-13 08:34:00,Web,Exitoso
6076,U0831,2026-06-26 21:09:00,Web,Exitoso
3581,U0085,2026-06-20 04:32:00,Web,Error
5544,U0859,2026-06-09 18:12:00,iOS,Exitoso
4803,U0342,2026-06-27 19:34:00,Android,Error
12138,U0869,2026-06-02 06:21:00,iOS,Exitoso
8743,U0890,2026-06-19 05:44:00,iOS,Exitoso
3820,U0457,2026-06-22 13:02:00,Web,Error
3934,U0352,2026-06-27 18:46:00,Web,Error
3839,U0228,2026-06-05 18:01:00,iOS,Error
1241,U0077,2026-06-11 20:24:00,Web,Error
78,,2026-06-21 22:04:00,Android,Error
11331,U0529,2026-06-06 02:03:00,Android,Exitoso
4619,,2026-06-01 11:54:00,Web,Error
314,,2026-06-14 11:40:00,Web,Error
13916,U0962,2026-06-25 12:21:00,Web,Exitoso
8967,U0958,2026-06-25 08:08:00,iOS,Exitoso
439,U0532,2026-06-09 14:03:00,Web,Error
16451,U0643,2026-06-26 10:24:48,Web,Error
8009,U0833,2026-06-08 13:38:00,Android,Exitoso
9492,U0496,2026-06-18 22:57:00,Android,Exitoso
10284,U0879,2026-06-15 02:43:00,Android,Exitoso
3327,,2026-06-25 20:45:00,iOS,Error
4645,,2026-06-05 18:30:00,Web,Error
529,,2026-06-08 02:54:00,Web,Error
9244,U0550,2026-06-28 02:06:00,iOS,Exitoso
4644,U0154,2026-06-11 04:20:00,iOS,Error
7554,U0725,2026-06-27 21:13:00,Android,Exitoso
1557,U0230,2026-06-12 10:58:00,iOS,Error
1689,U0366,2026-06-27 05:33:00,Android,Error
14459,U0747,2026-06-04 05:12:00,Web,Exitoso
1911,U0954,2026-06-23 03:55:00,Web,Error
14581,U0734,2026-06-12 17:55:00,Android,Exitoso
5184,U0833,2026-06-23 17:12:00,Android,Exitoso
9082,U0779,2026-06-15 19:18:00,Web,Exitoso
7649,U0547,2026-06-10 21:53:00,iOS,Exitoso
14454,U0677,2026-06-24 16:06:00,Web,Exitoso
7472,U0503,2026-06-04 22:53:00,iOS,Exitoso
15212,,2026-06-26 10:11:54,Web,Error
12814,U0928,2026-06-02 03:30:00,Android,Exitoso
8784,U0952,2026-06-07 06:49:00,Android,Exitoso
14227,U0859,2026-06-18 23:39:00,iOS,Exitoso
11169,U0544,2026-06-11 05:40:00,iOS,Exitoso
6502,U0894,2026-06-08 15:03:00,iOS,Exitoso
2615,U0362,2026-06-02 14:04:00,Android,Error
13124,U0841,2026-06-06 15:39:00,Web,Exitoso
12786,U0563,2026-06-03 20:13:00,iOS,Exitoso
1879,U0360,2026-06-11 20:48:00,Android,Error
8873,U0716,2026-06-28 10:02:00,Web,Exitoso
5996,U0842,2026-06-24 11:01:00,Web,Exitoso
12637,U0814,2026-06-04 21:04:00,Web,Exitoso
2654,,2026-06-03 02:04:00,iOS,Error
1068,,2026-06-12 14:57:00,Web,Error
8464,U0867,2026-06-12 11:49:00,Android,Exitoso
4026,U0010,2026-06-01 00:40:00,Web,Error
13373,U0879,2026-06-27 10:24:00,Web,Exitoso
16246,U0461,2026-06-26 10:13:35,Web,Error
12948,U0787,2026-06-12 16:29:00,iOS,Exitoso
8971,U0578,2026-06-18 16:19:00,Android,Exitoso
1011,,2026-06-12 00:25:00,Web,Error
6989,U0711,2026-06-09 21:53:00,Android,Exitoso
2340,U0403,2026-06-04 16:11:00,Android,Error
12237,U0497,2026-06-27 06:22:00,Web,Exitoso
11206,U0561,2026-06-03 10:11:00,iOS,Exitoso
3235,U0272,2026-06-11 22:20:00,Android,Error
14442,U0537,2026-06-05 03:42:00,iOS,Exitoso
5902,U0737,2026-06-17 17:36:00,Web,Exitoso
6905,U0988,2026-06-12 07:44:00,Android,Exitoso
5109,U0995,2026-06-26 04:33:00,Android,Exitoso
6671,U0840,2026-06-14 08:55:00,Android,Exitoso
8218,U0587,2026-06-06 18:25:00,iOS,Exitoso
11157,U0756,2026-06-27 23:55:00,Android,Exitoso
2574,U0469,2026-06-16 07:14:00,Web,Error
15047,,2026-06-26 10:25:24,Web,Error
976,U0302,2026-06-02 01:52:00,iOS,Error
3937,U0357,2026-06-28 00:57:00,Android,Error
8491,U0516,2026-06-20 20:37:00,Android,Exitoso
7109,U0600,2026-06-20 21:16:00,Android,Exitoso
5110,U0756,2026-06-23 20:27:00,Android,Exitoso
10285,U0479,2026-06-02 07:08:00,Android,Exitoso
13393,U0785,2026-06-13 14:55:00,Web,Exitoso
6006,U0654,2026-06-04 12:45:00,Android,Exitoso
8583,U0540,2026-06-19 06:29:00,Web,Exitoso
9642,U0500,2026-06-11 13:21:00,Web,Exitoso
4393,U0308,2026-06-28 14:13:00,Web,Error
3023,U0877,2026-06-26 02:59:00,iOS,Error
13249,U0757,2026-06-28 12:49:00,Android,Exitoso
7238,U0847,2026-06-11 02:39:00,iOS,Exitoso
8997,U0596,2026-06-18 21:27:00,iOS,Exitoso
15426,,2026-06-26 10:14:47,Web,Error
11908,U0844,2026-06-05 16:36:00,Android,Exitoso
7213,U0981,2026-06-18 10:31:00,Android,Exitoso
1389,U0819,2026-06-20 05:00:00,Web,Error
5124,U0669,2026-06-08 21:50:00,Android,Exitoso
3282,U0276,2026-06-12 10:56:00,Web,Error
5883,U0932,2026-06-02 18:18:00,Web,Exitoso
4165,U0249,2026-06-17 13:55:00,Android,Error
10103,U0583,2026-06-03 19:00:00,Web,Exitoso
15147,,2026-06-26 10:15:53,Web,Error
6066,U0531,2026-06-24 04:07:00,Web,Exitoso
4398,,2026-06-23 08:19:00,Web,Error
15784,,2026-06-26 10:27:13,Web,Error
8042,U0867,2026-06-28 07:56:00,Web,Exitoso
15366,,2026-06-26 10:05:10,Web,Error
8770,U0895,2026-06-14 19:01:00,Android,Exitoso
4900,U0212,2026-06-18 17:09:00,Web,Error
10785,U0899,2026-06-16 17:32:00,Web,Exitoso
778,U0385,2026-06-10 11:30:00,Android,Error
7721,U0535,2026-06-23 02:56:00,Android,Exitoso
3412,U0378,2026-06-12 14:34:00,iOS,Error
3644,U0535,2026-06-05 14:27:00,Android,Error
12661,U0700,2026-06-21 01:43:00,Android,Exitoso
7365,U0778,2026-06-28 09:44:00,iOS,Exitoso
15777,,2026-06-26 10:11:15,Web,Error
5185,U0783,2026-06-03 04:49:00,Web,Exitoso
5858,U0876,2026-06-15 06:01:00,Web,Exitoso
14002,U0465,2026-06-14 14:47:00,Android,Exitoso
4627,U0444,2026-06-23 16:53:00,iOS,Error
13537,U0745,2026-06-20 16:56:00,iOS,Exitoso
4267,U0191,2026-06-25 04:44:00,Web,Error
11200,U0454,2026-06-25 12:14:00,Web,Exitoso
3423,U0501,2026-06-15 20:46:00,Android,Error
13176,U0834,2026-06-28 11:16:00,Android,Exitoso
3071,U0171,2026-06-13 17:52:00,iOS,Error
5391,U0481,2026-06-13 14:12:00,Android,Exitoso
15610,,2026-06-26 10:13:12,Web,Error
196,U0917,2026-06-25 16:03:00,Android,Error
8067,U0864,2026-06-01 16:19:00,iOS,Exitoso
15070,,2026-06-26 10:12:27,Web,Error
16193,,2026-06-26 10:12:04,Web,Error
4274,U0156,2026-06-20 22:08:00,Android,Error
9142,U0745,2026-06-21 15:09:00,iOS,Exitoso
5944,U0529,2026-06-20 07:28:00,iOS,Exitoso
11267,U0765,2026-06-08 17:18:00,iOS,Exitoso
15156,,2026-06-26 10:03:52,Web,Error
6944,U0527,2026-06-25 15:19:00,Android,Exitoso
8169,U0472,2026-06-01 10:05:00,Android,Exitoso
15814,,2026-06-26 10:18:25,Web,Error
16482,U0897,2026-06-26 10:21:28,Web,Error
10355,U0731,2026-06-15 13:51:00,Web,Exitoso
11765,U0987,2026-06-21 14:01:00,Android,Exitoso
5261,U0565,2026-06-14 10:00:00,iOS,Exitoso
6601,U0770,2026-06-25 09:38:00,Web,Exitoso
12091,U0891,2026-06-25 02:33:00,iOS,Exitoso
16271,U0502,2026-06-26 10:18:05,Web,Error
3305,,2026-06-22 16:26:00,Web,Error
13809,U0891,2026-06-19 00:29:00,Web,Exitoso
16276,U0698,2026-06-26 10:01:52,Web,Error
1246,U0793,2026-06-08 20:51:00,Web,Error
5824,U0886,2026-06-28 13:43:00,iOS,Exitoso
11338,U0475,2026-06-12 00:12:00,iOS,Exitoso
4417,U0269,2026-06-04 10:08:00,iOS,Error
16339,U0576,2026-06-26 10:25:22,Web,Error
6491,U0569,2026-06-01 19:25:00,Web,Exitoso
1137,U0442,2026-06-17 15:10:00,Web,Error
11387,U0557,2026-06-13 09:54:00,Web,Exitoso
16235,U0759,2026-06-26 10:17:18,Web,Error
3724,U0060,2026-06-17 08:08:00,Android,Error
10491,U0688,2026-06-28 03:54:00,Web,Exitoso
10147,U0568,2026-06-07 09:00:00,Android,Exitoso
12180,U0893,2026-06-11 13:50:00,Web,Exitoso
3318,,2026-06-12 06:08:00,Web,Error
10553,U0744,2026-06-21 08:58:00,iOS,Exitoso
16369,U0868,2026-06-26 10:18:01,Web,Error
893,U0179,2026-06-21 21:56:00,Android,Error
9526,U0587,2026-06-15 20:53:00,Android,Exitoso
10489,U0869,2026-06-25 15:13:00,Web,Exitoso
1522,,2026-06-16 16:01:00,Web,Error
9636,U0524,2026-06-05 16:25:00,Web,Exitoso
2560,U0244,2026-06-08 20:34:00,iOS,Error
704,U0763,2026-06-17 11:28:00,Web,Error
13672,U0660,2026-06-14 04:57:00,Web,Exitoso
8124,U0708,2026-06-10 21:28:00,Web,Exitoso
4206,U0102,2026-06-07 18:09:00,Web,Error
4897,U0360,2026-06-07 22:49:00,Web,Error
1121,U0379,2026-06-13 16:07:00,iOS,Error
4040,U0102,2026-06-12 09:06:00,iOS,Error
9810,U0953,2026-06-26 10:34:00,iOS,Exitoso
8668,U0622,2026-06-01 10:44:00,Web,Exitoso
9998,U0911,2026-06-09 11:04:00,Web,Exitoso
12598,U0573,2026-06-20 19:16:00,iOS,Exitoso
1580,U0513,2026-06-04 12:21:00,Android,Error
3121,U0936,2026-06-27 05:29:00,Web,Error
12805,U0644,2026-06-19 02:03:00,Web,Exitoso
5780,U0609,2026-06-10 20:28:00,Web,Exitoso
6041,U0887,2026-06-12 19:39:00,Android,Exitoso
11579,U0871,2026-06-14 03:10:00,Android,Exitoso
675,U0888,2026-06-18 04:32:00,Web,Error
951,U0650,2026-06-05 02:52:00,iOS,Error
13410,U0626,2026-06-20 21:38:00,Android,Exitoso
16456,U0651,2026-06-26 10:29:22,Web,Error
8453,U0977,2026-06-14 11:10:00,Web,Exitoso
10360,U0715,2026-06-11 23:00:00,Android,Exitoso
2822,U0036,2026-06-22 16:43:00,iOS,Error
2407,U0654,2026-06-14 12:12:00,iOS,Error
9720,U0818,2026-06-27 00:55:00,Android,Exitoso
3884,U0818,2026-06-04 14:16:00,Android,Error
5427,U0982,2026-06-14 14:05:00,iOS,Exitoso
12963,U0626,2026-06-13 08:36:00,Web,Exitoso
1551,U0205,2026-06-20 21:50:00,Android,Error
12147,U0906,2026-06-28 02:12:00,Android,Exitoso
2892,U0595,2026-06-01 21:25:00,Web,Error
5224,U0819,2026-06-03 14:42:00,Android,Exitoso
9946,U0685,2026-06-10 10:42:00,Web,Exitoso
5412,U0873,2026-06-27 04:18:00,Web,Exitoso
6442,U0856,2026-06-09 04:02:00,Android,Exitoso
12069,U0510,2026-06-18 20:03:00,Android,Exitoso
6493,U0628,2026-06-09 07:16:00,iOS,Exitoso
4651,,2026-06-03 12:20:00,Web,Error
13600,U0476,2026-06-19 00:03:00,Web,Exitoso
9837,U0718,2026-06-15 02:54:00,Android,Exitoso
2531,,2026-06-17 06:03:00,Android,Error
9419,U0991,2026-06-15 00:48:00,Web,Exitoso
15893,,2026-06-26 10:21:58,Web,Error
7232,U0723,2026-06-13 12:54:00,Android,Exitoso
10440,U0547,2026-06-15 23:19:00,Android,Exitoso
4049,,2026-06-02 02:32:00,Web,Error
10304,U0576,2026-06-28 07:21:00,Android,Exitoso
1750,U0340,2026-06-21 02:42:00,Android,Error
2846,,2026-06-01 13:22:00,Web,Error
5854,U0919,2026-06-02 10:09:00,iOS,Exitoso
15177,,2026-06-26 10:06:40,Web,Error
4294,U0022,2026-06-06 04:44:00,Web,Error
1368,U0150,2026-06-12 04:32:00,Android,Error
4866,U0233,2026-06-22 12:38:00,Web,Error
16244,U0962,2026-06-26 10:01:31,Web,Error
12722,U0573,2026-06-02 01:22:00,Android,Exitoso
3480,U0372,2026-06-15 04:51:00,Web,Error
14982,U0802,2026-06-18 15:24:00,iOS,Exitoso
7967,U0764,2026-06-20 09:01:00,Android,Exitoso
2468,U0206,2026-06-12 10:17:00,Web,Error
15550,,2026-06-26 10:24:22,Web,Error
11500,U0594,2026-06-15 18:40:00,iOS,Exitoso
14977,U0815,2026-06-28 14:10:00,Web,Exitoso
6534,U0972,2026-06-24 16:22:00,Web,Exitoso
8016,U0578,2026-06-13 00:54:00,Android,Exitoso
3618,U0381,2026-06-02 22:36:00,Web,Error
3531,U0243,2026-06-25 08:31:00,Web,Error
6883,U0796,2026-06-22 22:24:00,Web,Exitoso
9964,U0918,2026-06-23 18:40:00,Web,Exitoso
7448,U0537,2026-06-03 07:38:00,iOS,Exitoso
9658,U0593,2026-06-06 22:17:00,Web,Exitoso
11315,U0992,2026-06-13 23:59:00,Web,Exitoso
7639,U0563,2026-06-18 02:19:00,iOS,Exitoso
215,U0287,2026-06-25 08:48:00,Android,Error
10892,U0827,2026-06-20 14:24:00,Web,Exitoso
5011,U0717,2026-06-04 09:11:00,Android,Exitoso
746,U0018,2026-06-04 23:22:00,iOS,Error
10912,U0825,2026-06-19 17:33:00,iOS,Exitoso
12011,U0936,2026-06-26 14:46:00,Web,Exitoso
8965,U0940,2026-06-21 10:14:00,iOS,Exitoso
101,,2026-06-21 14:37:00,Web,Error
6717,U0545,2026-06-23 23:11:00,Android,Exitoso
8646,U0649,2026-06-17 11:45:00,Web,Exitoso
8236,U0906,2026-06-10 19:37:00,Web,Exitoso
9769,U0809,2026-06-09 19:33:00,iOS,Exitoso
14556,U0748,2026-06-04 02:44:00,Android,Exitoso
3729,U0366,2026-06-03 12:14:00,iOS,Error
11061,U0743,2026-06-19 03:54:00,Android,Exitoso
6628,U0769,2026-06-17 19:02:00,Android,Exitoso
15817,,2026-06-26 10:20:56,Web,Error
1428,,2026-06-18 11:35:00,Web,Error
246,U0350,2026-06-11 10:10:00,Web,Error
7252,U0477,2026-06-01 01:18:00,Web,Exitoso
2850,,2026-06-15 05:20:00,Android,Error
10177,U0771,2026-06-07 17:05:00,iOS,Exitoso
16351,U0971,2026-06-26 10:11:42,Web,Error
6907,U0512,2026-06-25 00:17:00,Android,Exitoso
9579,U0932,2026-06-22 23:46:00,iOS,Exitoso
12055,U0934,2026-06-06 21:01:00,Android,Exitoso
8178,U0993,2026-06-28 18:23:00,Web,Exitoso
4157,U0025,2026-06-10 21:55:00,Web,Error
6894,U0655,2026-06-09 11:30:00,Android,Exitoso
1663,U0120,2026-06-07 17:31:00,Android,Error
16470,U0932,2026-06-26 10:22:54,Web,Error
14443,U0570,2026-06-04 05:45:00,iOS,Exitoso
8522,U0535,2026-06-06 23:24:00,iOS,Exitoso
12379,U0849,2026-06-28 10:08:00,Android,Exitoso
1634,U0853,2026-06-16 15:09:00,Android,Error
10837,U0940,2026-06-13 21:35:00,iOS,Exitoso
77,U0328,2026-06-04 16:28:00,Android,Error
6749,U0900,2026-06-02 03:19:00,iOS,Exitoso
11979,U0946,2026-06-06 16:01:00,Android,Exitoso
10655,U0906,2026-06-25 05:58:00,iOS,Exitoso
15138,,2026-06-26 10:10:54,Web,Error
15570,,2026-06-26 10:07:05,Web,Error
10937,U0980,2026-06-14 03:58:00,Android,Exitoso
5142,U0656,2026-06-21 12:02:00,iOS,Exitoso
15813,,2026-06-26 10:23:28,Web,Error
438,U0225,2026-06-22 19:14:00,Web,Error
7841,U0612,2026-06-23 02:45:00,Web,Exitoso
2554,,2026-06-04 16:36:00,Android,Error
3481,U0215,2026-06-06 12:24:00,Android,Error
16312,U0492,2026-06-26 10:15:36,Web,Error
3570,U0858,2026-06-28 06:43:00,Web,Error
5128,U0615,2026-06-04 11:16:00,Web,Exitoso
4588,U0251,2026-06-12 10:09:00,iOS,Error
13493,U0992,2026-06-15 11:51:00,Android,Exitoso
3525,U0342,2026-06-19 08:54:00,iOS,Error
3958,U0241,2026-06-21 22:07:00,Web,Error
2182,,2026-06-08 14:38:00,Web,Error
588,,2026-06-17 04:29:00,iOS,Error
13986,U0496,2026-06-27 01:30:00,Web,Exitoso
14234,U0859,2026-06-06 21:32:00,Web,Exitoso
1056,,2026-06-01 07:07:00,Web,Error
8760,U0729,2026-06-25 09:19:00,Android,Exitoso
13743,U0477,2026-06-02 11:29:00,Android,Exitoso
13100,U0526,2026-06-18 16:56:00,iOS,Exitoso
2495,,2026-06-07 18:17:00,Web,Error
3421,U0288,2026-06-20 11:27:00,iOS,Error
3161,U0066,2026-06-13 05:38:00,iOS,Error
3815,U0862,2026-06-16 06:16:00,Web,Error
8572,U0626,2026-06-15 09:39:00,Android,Exitoso
8879,U0600,2026-06-10 14:48:00,Android,Exitoso
6542,U0488,2026-06-19 01:58:00,Android,Exitoso
5991,U0652,2026-06-06 02:01:00,Android,Exitoso
7741,U0978,2026-06-21 01:20:00,Web,Exitoso
15238,,2026-06-26 10:20:16,Web,Error
10471,U0560,2026-06-09 23:58:00,Web,Exitoso
13024,U0511,2026-06-22 17:17:00,iOS,Exitoso
14352,U0814,2026-06-17 02:24:00,Web,Exitoso
6570,U0724,2026-06-14 21:00:00,Android,Exitoso
10850,U0537,2026-06-23 11:27:00,Android,Exitoso
14367,U0783,2026-06-11 10:08:00,Android,Exitoso
1849,U0121,2026-06-27 19:05:00,Web,Error
12114,U0714,2026-06-04 04:10:00,iOS,Exitoso
9422,U0831,2026-06-25 10:48:00,iOS,Exitoso
3113,U0832,2026-06-05 15:48:00,Android,Error
6769,U0462,2026-06-10 07:01:00,Web,Exitoso
242,U0157,2026-06-01 18:47:00,Web,Error
9321,U0832,2026-06-11 13:46:00,Android,Exitoso
1901,U0249,2026-06-17 00:36:00,Web,Error
501,U0123,2026-06-24 05:42:00,Android,Error
6007,U0559,2026-06-16 23:05:00,iOS,Exitoso
7936,U0566,2026-06-15 18:27:00,Web,Exitoso
10644,U0677,2026-06-08 13:17:00,Web,Exitoso
16108,,2026-06-26 10:17:53,Web,Error
2660,U0448,2026-06-03 23:10:00,iOS,Error
7819,U0540,2026-06-21 04:41:00,Web,Exitoso
15986,,2026-06-26 10:20:53,Web,Error
15776,,2026-06-26 10:02:54,Web,Error
5417,U0508,2026-06-09 02:25:00,iOS,Exitoso
15504,,2026-06-26 10:18:43,Web,Error
12894,U0728,2026-06-07 09:36:00,Web,Exitoso
6983,U0946,2026-06-21 02:32:00,Android,Exitoso
12540,U0886,2026-06-14 01:42:00,Web,Exitoso
14306,U0566,2026-06-15 16:20:00,iOS,Exitoso
11147,U0610,2026-06-04 05:32:00,iOS,Exitoso
1872,,2026-06-09 11:03:00,Android,Error
1140,U0021,2026-06-23 06:42:00,Web,Error
2884,U0073,2026-06-21 19:39:00,Android,Error
2593,U0386,2026-06-11 09:10:00,Android,Error
575,U0290,2026-06-09 17:39:00,iOS,Error
9832,U0575,2026-06-26 23:58:00,Web,Exitoso
14342,U0688,2026-06-13 11:17:00,Android,Exitoso
14961,U0716,2026-06-12 03:09:00,Android,Exitoso
12445,U0805,2026-06-28 03:33:00,Web,Exitoso
16419,U0729,2026-06-26 10:24:23,Web,Error
15462,,2026-06-26 10:02:56,Web,Error
1209,,2026-06-05 20:59:00,Web,Error
7509,U0970,2026-06-04 19:13:00,Web,Exitoso
5083,U0771,2026-06-12 19:18:00,iOS,Exitoso
10348,U0560,2026-06-25 06:09:00,Web,Exitoso
7831,U0532,2026-06-02 10:48:00,Web,Exitoso
6272,U0798,2026-06-22 14:36:00,Web,Exitoso
14923,U0611,2026-06-20 05:44:00,Android,Exitoso
8086,U0723,2026-06-22 07:41:00,iOS,Exitoso
13548,U0466,2026-06-01 20:36:00,iOS,Exitoso
3271,U0934,2026-06-08 00:10:00,Android,Error
8203,U0540,2026-06-27 21:41:00,Android,Exitoso
13822,U0974,2026-06-20 08:40:00,Web,Exitoso
11257,U0540,2026-06-26 21:14:00,Android,Exitoso
13206,U0888,2026-06-07 02:08:00,Android,Exitoso
8154,U0826,2026-06-02 00:04:00,Web,Exitoso
10602,U0522,2026-06-23 00:55:00,iOS,Exitoso
15399,,2026-06-26 10:16:41,Web,Error
12342,U0966,2026-06-06 00:21:00,Web,Exitoso
6759,U0945,2026-06-05 15:47:00,iOS,Exitoso
8300,U0876,2026-06-05 08:19:00,Android,Exitoso
4257,,2026-06-27 17:10:00,Web,Error
11767,U0866,2026-06-22 00:44:00,iOS,Exitoso
4513,U0978,2026-06-10 18:39:00,Web,Error
6517,U0895,2026-06-07 07:41:00,Web,Exitoso
12881,U0573,2026-06-19 06:24:00,Web,Exitoso
2880,U0533,2026-06-08 10:37:00,Android,Error
9514,U0549,2026-06-06 12:51:00,Web,Exitoso
14522,U0930,2026-06-11 04:20:00,iOS,Exitoso
10953,U0642,2026-06-08 18:12:00,Android,Exitoso
4132,U0160,2026-06-22 14:59:00,Web,Error
15048,,2026-06-26 10:07:00,Web,Error
6725,U0680,2026-06-04 12:10:00,iOS,Exitoso
12135,U0895,2026-06-01 21:45:00,Android,Exitoso
16005,,2026-06-26 10:29:42,Web,Error
8618,U0973,2026-06-26 01:39:00,Android,Exitoso
1059,U0185,2026-06-23 04:39:00,iOS,Error
8007,U0593,2026-06-11 07:03:00,Android,Exitoso
6447,U0476,2026-06-03 15:43:00,Android,Exitoso
2448,,2026-06-11 16:19:00,Android,Error
5805,U0719,2026-06-06 20:30:00,Web,Exitoso
4413,U0667,2026-06-16 04:53:00,Web,Error
14453,U0862,2026-06-18 00:44:00,Web,Exitoso
6166,U0630,2026-06-13 15:51:00,Web,Exitoso
10022,U0917,2026-06-16 09:58:00,Android,Exitoso
1564,,2026-06-20 18:42:00,Web,Error
5741,U0754,2026-06-20 09:20:00,Web,Exitoso
11961,U0713,2026-06-25 12:57:00,Web,Exitoso
14862,U0850,2026-06-12 13:40:00,Android,Exitoso
4061,U0009,2026-06-10 18:00:00,Web,Error
5458,U0605,2026-06-21 21:44:00,Android,Exitoso
3555,U0214,2026-06-16 12:44:00,Android,Error
1785,U0249,2026-06-08 10:00:00,Android,Error
4335,U0939,2026-06-28 01:48:00,Web,Error
7715,U0696,2026-06-20 14:14:00,Web,Exitoso
2994,U0267,2026-06-16 03:01:00,iOS,Error
11886,U0527,2026-06-05 22:53:00,iOS,Exitoso
13775,U0675,2026-06-22 20:21:00,Android,Exitoso
12629,U0577,2026-06-16 01:10:00,Web,Exitoso
5896,U0942,2026-06-02 00:18:00,Android,Exitoso
6884,U0841,2026-06-02 15:07:00,Web,Exitoso
12923,U0804,2026-06-01 09:22:00,Web,Exitoso
12579,U0594,2026-06-21 13:40:00,Web,Exitoso
1445,U0021,2026-06-28 09:05:00,Web,Error
14501,U0847,2026-06-01 15:36:00,Android,Exitoso
13735,U0639,2026-06-05 02:20:00,iOS,Exitoso
16367,U0954,2026-06-26 10:09:42,Web,Error
2791,,2026-06-07 22:37:00,Android,Error
14248,U0631,2026-06-04 23:52:00,Web,Exitoso
11068,U0876,2026-06-21 23:26:00,Android,Exitoso
15611,,2026-06-26 10:04:16,Web,Error
10682,U0663,2026-06-22 02:23:00,Android,Exitoso
6168,U0489,2026-06-03 14:29:00,iOS,Exitoso
7888,U0657,2026-06-12 10:53:00,Web,Exitoso
3807,,2026-06-15 21:26:00,Web,Error
12340,U0971,2026-06-11 22:58:00,iOS,Exitoso
4017,,2026-06-02 18:13:00,Web,Error
14141,U0962,2026-06-03 18:32:00,Web,Exitoso
3617,U0033,2026-06-26 16:31:00,iOS,Error
5963,U0589,2026-06-05 08:03:00,Android,Exitoso
9387,U0833,2026-06-14 16:51:00,Android,Exitoso
10391,U0867,2026-06-05 02:03:00,Android,Exitoso
9451,U0828,2026-06-03 13:29:00,Web,Exitoso
14911,U0453,2026-06-22 09:15:00,iOS,Exitoso
9162,U0824,2026-06-20 21:45:00,iOS,Exitoso
11441,U0585,2026-06-17 01:42:00,Web,Exitoso
2464,U0357,2026-06-11 14:35:00,Web,Error
3334,U0490,2026-06-20 14:15:00,Web,Error
16227,U0911,2026-06-26 10:24:19,Web,Error
3843,,2026-06-05 03:05:00,Web,Error
6239,U0945,2026-06-23 15:32:00,iOS,Exitoso
14925,U0461,2026-06-26 12:48:00,Android,Exitoso
8457,U0769,2026-06-17 11:25:00,Web,Exitoso
9562,U0800,2026-06-16 04:45:00,iOS,Exitoso
3857,U0384,2026-06-25 16:19:00,iOS,Error
8504,U0732,2026-06-05 20:15:00,Web,Exitoso
11611,U0867,2026-06-25 05:01:00,iOS,Exitoso
789,U0419,2026-06-19 01:55:00,iOS,Error
6607,U0769,2026-06-24 16:33:00,iOS,Exitoso
403,,2026-06-22 11:42:00,Android,Error
14423,U0622,2026-06-27 08:34:00,Web,Exitoso
13295,U0643,2026-06-28 09:44:00,Android,Exitoso
9635,U0910,2026-06-14 14:40:00,Android,Exitoso
3379,U0268,2026-06-07 07:17:00,Android,Error
7441,U0791,2026-06-07 04:32:00,Web,Exitoso
10747,U0508,2026-06-19 20:27:00,Web,Exitoso
562,,2026-06-10 23:59:00,Android,Error
473,,2026-06-11 12:05:00,Web,Error
3846,U0272,2026-06-03 10:15:00,iOS,Error
11581,U0834,2026-06-28 12:59:00,Web,Exitoso
14159,U0681,2026-06-27 04:51:00,Android,Exitoso
12153,U0649,2026-06-11 13:23:00,iOS,Exitoso
13331,U0829,2026-06-28 17:23:00,Web,Exitoso
8217,U0861,2026-06-03 13:05:00,iOS,Exitoso
2492,U0854,2026-06-10 17:12:00,iOS,Error
10574,U0815,2026-06-23 21:49:00,Web,Exitoso
14529,U0773,2026-06-09 16:48:00,Web,Exitoso
7226,U0694,2026-06-06 19:29:00,iOS,Exitoso
6561,U0852,2026-06-22 13:12:00,Web,Exitoso
4560,U0859,2026-06-15 05:16:00,Web,Error
8239,U0454,2026-06-22 00:39:00,Android,Exitoso
12843,U0771,2026-06-06 12:04:00,Android,Exitoso
14518,U0788,2026-06-12 02:37:00,Android,Exitoso
4597,U0439,2026-06-12 20:35:00,iOS,Error
8852,U0991,2026-06-19 03:31:00,Web,Exitoso
2390,U0448,2026-06-23 02:06:00,iOS,Error
15719,,2026-06-26 10:19:27,Web,Error
11628,U0575,2026-06-21 09:53:00,iOS,Exitoso
13989,U0898,2026-06-05 20:55:00,Web,Exitoso
12704,U0813,2026-06-14 08:40:00,Web,Exitoso
13803,U0843,2026-06-16 05:50:00,Android,Exitoso
14712,U0543,2026-06-02 03:49:00,Web,Exitoso
9623,U0778,2026-06-22 22:23:00,Android,Exitoso
8186,U0666,2026-06-26 17:53:00,Android,Exitoso
13615,U0897,2026-06-12 17:05:00,Android,Exitoso
5049,U0941,2026-06-06 18:20:00,Web,Exitoso
5547,U0836,2026-06-24 03:49:00,Web,Exitoso
5126,U0615,2026-06-01 21:45:00,Android,Exitoso
5924,U0700,2026-06-11 12:19:00,Android,Exitoso
909,U0229,2026-06-02 15:50:00,Web,Error
14968,U0604,2026-06-21 23:27:00,iOS,Exitoso
11276,U0812,2026-06-08 07:34:00,iOS,Exitoso
4727,U0234,2026-06-18 11:50:00,Web,Error
2260,,2026-06-24 18:06:00,Web,Error
2914,U0399,2026-06-07 02:55:00,Web,Error
8111,U0532,2026-06-23 16:12:00,iOS,Exitoso
5757,U0484,2026-06-16 01:54:00,iOS,Exitoso
9054,U0532,2026-06-04 18:31:00,iOS,Exitoso
1019,U0272,2026-06-18 14:41:00,iOS,Error
10653,U0880,2026-06-05 14:57:00,Web,Exitoso
11196,U0752,2026-06-25 00:44:00,Web,Exitoso
3786,,2026-06-25 03:01:00,Web,Error
13587,U0912,2026-06-25 01:09:00,Android,Exitoso
5097,U0600,2026-06-21 20:11:00,iOS,Exitoso
3508,,2026-06-24 18:23:00,Web,Error
15873,,2026-06-26 10:25:42,Web,Error
6051,U0983,2026-06-10 23:56:00,iOS,Exitoso
13428,U0853,2026-06-14 13:11:00,Web,Exitoso
8085,U0596,2026-06-25 15:27:00,iOS,Exitoso
1336,,2026-06-22 19:47:00,Android,Error
13316,U0998,2026-06-23 13:09:00,Android,Exitoso
14933,U0851,2026-06-28 01:30:00,Web,Exitoso
8553,U0748,2026-06-12 21:56:00,iOS,Exitoso
12535,U0715,2026-06-20 14:04:00,iOS,Exitoso
5081,U0838,2026-06-15 03:05:00,iOS,Exitoso
7710,U0572,2026-06-18 19:03:00,iOS,Exitoso
5585,U0604,2026-06-12 19:57:00,iOS,Exitoso
7825,U0880,2026-06-10 14:40:00,Android,Exitoso
10466,U0635,2026-06-14 05:24:00,Web,Exitoso
3528,U0365,2026-06-26 05:28:00,Web,Error
7588,U0780,2026-06-08 18:31:00,Web,Exitoso
12834,U0528,2026-06-03 00:40:00,Web,Exitoso
1256,U0468,2026-06-02 06:11:00,iOS,Error
30,U0176,2026-06-12 22:05:00,iOS,Error
825,,2026-06-15 06:53:00,Web,Error
1711,,2026-06-02 08:23:00,Web,Error
13107,U0904,2026-06-01 22:27:00,Android,Exitoso
423,U0033,2026-06-03 16:03:00,Android,Error
2257,U0188,2026-06-15 11:57:00,Android,Error
4473,U0381,2026-06-12 18:13:00,Android,Error
10898,U0522,2026-06-05 12:00:00,Web,Exitoso
3124,U0200,2026-06-10 04:34:00,iOS,Error
15869,,2026-06-26 10:06:52,Web,Error
2613,,2026-06-14 13:18:00,Web,Error
8755,U0918,2026-06-09 03:38:00,iOS,Exitoso
1183,U0165,2026-06-09 01:34:00,Android,Error
13668,U0950,2026-06-22 14:01:00,Android,Exitoso
16216,U0913,2026-06-26 10:02:51,Web,Error
3594,U0458,2026-06-22 16:17:00,Web,Error
5481,U0506,2026-06-05 20:46:00,Android,Exitoso
6124,U0472,2026-06-02 07:58:00,Web,Exitoso
281,U0068,2026-06-10 09:28:00,Web,Error
11909,U0776,2026-06-15 16:59:00,Android,Exitoso
1513,U0653,2026-06-19 01:16:00,Android,Error
9208,U0665,2026-06-19 02:57:00,Android,Exitoso
4982,,2026-06-17 18:09:00,Web,Error
16281,U0779,2026-06-26 10:01:53,Web,Error
300,U0900,2026-06-13 11:15:00,Web,Error
11362,U0483,2026-06-14 15:30:00,iOS,Exitoso
9137,U0887,2026-06-26 19:52:00,iOS,Exitoso
5118,U0515,2026-06-24 08:14:00,iOS,Exitoso
6232,U0487,2026-06-23 17:00:00,Web,Exitoso
9081,U0602,2026-06-18 22:57:00,Android,Exitoso
11314,U0904,2026-06-06 01:50:00,iOS,Exitoso
4231,,2026-06-06 11:37:00,Web,Error
1720,U0522,2026-06-21 21:38:00,Web,Error
114,U0008,2026-06-10 07:39:00,Web,Error
9854,U0820,2026-06-11 21:21:00,Android,Exitoso
11945,U0711,2026-06-06 21:01:00,Android,Exitoso
7686,U0542,2026-06-15 15:46:00,Android,Exitoso
953,,2026-06-09 21:56:00,iOS,Error
3441,U0388,2026-06-26 19:35:00,Web,Error
14909,U0523,2026-06-28 11:20:00,iOS,Exitoso
12945,U0677,2026-06-12 17:23:00,Android,Exitoso
2940,,2026-06-28 17:38:00,Web,Error
53,U0233,2026-06-04 13:59:00,Web,Error
8029,U0533,2026-06-04 00:52:00,iOS,Exitoso
9300,U0642,2026-06-24 16:21:00,iOS,Exitoso
731,U0063,2026-06-24 20:44:00,iOS,Error
510,U0475,2026-06-25 18:45:00,Web,Error
5345,U0515,2026-06-24 09:24:00,iOS,Exitoso
15090,,2026-06-26 10:09:47,Web,Error
13722,U0646,2026-06-14 16:47:00,Android,Exitoso
7253,U0478,2026-06-01 20:26:00,iOS,Exitoso
283,U0497,2026-06-20 09:45:00,Web,Error
1283,U0193,2026-06-14 06:56:00,Web,Error
11941,U0813,2026-06-22 21:44:00,iOS,Exitoso
959,U0947,2026-06-11 07:31:00,Web,Error
4313,U0950,2026-06-12 13:21:00,Web,Error
5900,U0873,2026-06-23 05:57:00,iOS,Exitoso
10770,U0641,2026-06-24 23:53:00,Android,Exitoso
1333,U0259,2026-06-22 00:17:00,iOS,Error
11777,U0578,2026-06-23 23:29:00,Android,Exitoso
12185,U0695,2026-06-13 18:03:00,Web,Exitoso
168,U0228,2026-06-13 09:22:00,iOS,Error
11165,U0934,2026-06-05 19:48:00,iOS,Exitoso
5255,U0921,2026-06-16 08:48:00,Web,Exitoso
11215,U0599,2026-06-12 01:59:00,Web,Exitoso
103,,2026-06-25 15:46:00,Web,Error
9440,U0691,2026-06-10 12:46:00,Android,Exitoso
14729,U0591,2026-06-16 18:26:00,Web,Exitoso
2756,U0219,2026-06-07 13:07:00,iOS,Error
10468,U0733,2026-06-16 22:53:00,Web,Exitoso
11599,U0670,2026-06-21 12:18:00,iOS,Exitoso
15904,,2026-06-26 10:14:04,Web,Error
12771,U0550,2026-06-11 13:57:00,Web,Exitoso
13825,U0770,2026-06-09 03:37:00,iOS,Exitoso
16104,,2026-06-26 10:12:15,Web,Error
11113,U0624,2026-06-27 22:45:00,Android,Exitoso
666,U0665,2026-06-15 12:30:00,Android,Error
3970,U0290,2026-06-01 01:28:00,Web,Error
5939,U0468,2026-06-14 23:28:00,Android,Exitoso
5233,U0941,2026-06-24 21:53:00,iOS,Exitoso
11655,U0884,2026-06-06 06:42:00,Web,Exitoso
16446,U0788,2026-06-26 10:11:23,Web,Error
7786,U0466,2026-06-28 07:49:00,iOS,Exitoso
6308,U0539,2026-06-12 07:12:00,iOS,Exitoso
5257,U0590,2026-06-24 06:37:00,Android,Exitoso
9434,U0827,2026-06-18 14:22:00,Android,Exitoso
9740,U0702,2026-06-13 11:43:00,Web,Exitoso
4009,U0788,2026-06-05 02:08:00,Web,Error
12386,U0920,2026-06-14 07:24:00,iOS,Exitoso
7613,U0582,2026-06-22 23:42:00,Android,Exitoso
8223,U0892,2026-06-08 12:09:00,Android,Exitoso
2011,,2026-06-24 12:17:00,Web,Error
7651,U0665,2026-06-13 17:45:00,Web,Exitoso
6085,U0595,2026-06-16 07:20:00,iOS,Exitoso
16172,,2026-06-26 10:06:47,Web,Error
8144,U0999,2026-06-02 08:29:00,Web,Exitoso
13108,U0704,2026-06-11 17:16:00,Android,Exitoso
15736,,2026-06-26 10:00:55,Web,Error
464,,2026-06-21 21:37:00,Android,Error
1375,U0761,2026-06-01 12:31:00,Web,Error
15105,,2026-06-26 10:08:50,Web,Error
13139,U0516,2026-06-16 11:43:00,iOS,Exitoso
11284,U0679,2026-06-28 14:20:00,Android,Exitoso
15968,,2026-06-26 10:16:30,Web,Error
8320,U0865,2026-06-04 02:57:00,iOS,Exitoso
2208,U0016,2026-06-17 12:15:00,Android,Error
13638,U0460,2026-06-14 09:19:00,Android,Exitoso
4865,U0194,2026-06-28 01:30:00,Web,Error
1025,U0381,2026-06-12 12:30:00,Android,Error
11104,U0821,2026-06-10 09:31:00,Android,Exitoso
16462,U0997,2026-06-26 10:29:36,Web,Error
2572,U0779,2026-06-28 15:31:00,Android,Error
11905,U0629,2026-06-05 09:04:00,iOS,Exitoso
3642,,2026-06-04 19:17:00,Web,Error
12056,U0527,2026-06-25 09:59:00,Android,Exitoso
14027,U0769,2026-06-27 01:06:00,Web,Exitoso
15185,,2026-06-26 10:18:48,Web,Error
13609,U0881,2026-06-21 08:03:00,Android,Exitoso
16449,U0584,2026-06-26 10:01:30,Web,Error
15129,,2026-06-26 10:11:56,Web,Error
6576,U0527,2026-06-14 03:41:00,Android,Exitoso
6359,U0612,2026-06-14 01:19:00,Android,Exitoso
7133,U0834,2026-06-01 12:19:00,iOS,Exitoso
2178,,2026-06-24 21:06:00,Web,Error
9418,U0768,2026-06-02 04:15:00,Android,Exitoso
3368,U0979,2026-06-03 12:15:00,Android,Error
8131,U0915,2026-06-25 08:09:00,Web,Exitoso
9218,U0903,2026-06-19 03:26:00,Web,Exitoso
15233,,2026-06-26 10:20:37,Web,Error
7873,U0970,2026-06-03 05:12:00,iOS,Exitoso
9432,U0577,2026-06-17 15:25:00,Android,Exitoso
10601,U0895,2026-06-06 07:50:00,iOS,Exitoso
8135,U0604,2026-06-05 19:22:00,iOS,Exitoso
8792,U0707,2026-06-08 09:38:00,Android,Exitoso
5094,U0780,2026-06-15 03:40:00,Web,Exitoso
10197,U0990,2026-06-26 21:47:00,Web,Exitoso
9973,U0663,2026-06-06 01:00:00,Web,Exitoso
1949,U0338,2026-06-20 16:35:00,Android,Error
5165,U0518,2026-06-12 04:15:00,Android,Exitoso
2631,U0077,2026-06-06 11:01:00,Android,Error
16374,U0636,2026-06-26 10:20:59,Web,Error
7086,U0673,2026-06-11 16:19:00,Android,Exitoso
9935,U0696,2026-06-03 22:35:00,iOS,Exitoso
3882,U0188,2026-06-03 16:28:00,Web,Error
4643,,2026-06-24 09:02:00,Web,Error
14611,U0455,2026-06-15 06:41:00,iOS,Exitoso
14158,U0808,2026-06-27 17:52:00,iOS,Exitoso
10626,U0684,2026-06-13 17:57:00,Web,Exitoso
2568,,2026-06-01 12:53:00,Web,Error
4744,,2026-06-06 01:27:00,Web,Error
10036,U0847,2026-06-08 16:26:00,iOS,Exitoso
16403,U0685,2026-06-26 10:14:12,Web,Error
6394,U0548,2026-06-16 06:07:00,Android,Exitoso
11589,U0755,2026-06-23 04:49:00,iOS,Exitoso
9423,U0779,2026-06-18 08:59:00,iOS,Exitoso
8421,U0991,2026-06-14 02:38:00,Web,Exitoso
1571,U0381,2026-06-06 21:49:00,iOS,Error
7539,U0602,2026-06-01 16:45:00,Web,Exitoso
10259,U0640,2026-06-16 01:54:00,Web,Exitoso
8139,U0533,2026-06-22 12:34:00,iOS,Exitoso
10023,U0701,2026-06-04 20:27:00,iOS,Exitoso
8258,U0867,2026-06-26 20:16:00,Android,Exitoso
2942,U0168,2026-06-28 16:19:00,Android,Error
6275,U0862,2026-06-05 17:19:00,Web,Exitoso
11772,U0454,2026-06-11 19:23:00,Web,Exitoso
9125,U0508,2026-06-19 11:00:00,Android,Exitoso
3261,U0993,2026-06-09 08:45:00,Web,Error
4153,U0182,2026-06-19 15:22:00,Web,Error
3188,,2026-06-22 03:55:00,Web,Error
5381,U0745,2026-06-16 17:32:00,Web,Exitoso
8322,U0627,2026-06-19 10:50:00,Android,Exitoso
14907,U0639,2026-06-09 23:14:00,Android,Exitoso
16452,U0778,2026-06-26 10:01:17,Web,Error
13787,U0708,2026-06-12 14:36:00,Android,Exitoso
12469,U0458,2026-06-25 02:37:00,Web,Exitoso
15,U0252,2026-06-04 16:19:00,iOS,Error
13455,U0875,2026-06-01 10:36:00,Web,Exitoso
3611,U0764,2026-06-16 06:06:00,Web,Error
8127,U0523,2026-06-27 17:16:00,Android,Exitoso
6179,U0738,2026-06-12 00:46:00,iOS,Exitoso
13706,U0806,2026-06-26 08:59:00,iOS,Exitoso
10005,U0839,2026-06-02 09:16:00,Web,Exitoso
5253,U0752,2026-06-11 09:23:00,Android,Exitoso
9046,U0945,2026-06-26 07:38:00,iOS,Exitoso
482,U0055,2026-06-17 07:45:00,Android,Error
6947,U0501,2026-06-16 14:22:00,iOS,Exitoso
764,U0517,2026-06-07 20:34:00,Web,Error
7893,U0814,2026-06-10 06:26:00,iOS,Exitoso
9032,U0796,2026-06-06 17:10:00,Android,Exitoso
9245,U0509,2026-06-19 04:40:00,iOS,Exitoso
10374,U0675,2026-06-10 00:18:00,iOS,Exitoso
9891,U0584,2026-06-03 06:10:00,Web,Exitoso
9224,U0716,2026-06-05 09:37:00,iOS,Exitoso
5767,U0579,2026-06-24 12:06:00,Web,Exitoso
14637,U0994,2026-06-01 21:56:00,iOS,Exitoso
6816,U0563,2026-06-15 12:48:00,Android,Exitoso
11840,U0593,2026-06-16 19:57:00,Android,Exitoso
4211,,2026-06-24 11:46:00,Web,Error
13567,U0877,2026-06-09 13:06:00,iOS,Exitoso
14417,U0637,2026-06-17 04:51:00,Web,Exitoso
10474,U0557,2026-06-02 15:44:00,Web,Exitoso
13054,U0466,2026-06-23 02:52:00,Android,Exitoso
7338,U0997,2026-06-11 15:47:00,iOS,Exitoso
15267,,2026-06-26 10:15:27,Web,Error
4221,U0175,2026-06-28 05:38:00,Android,Error
4462,,2026-06-23 15:42:00,Web,Error
15179,,2026-06-26 10:13:33,Web,Error
12145,U0714,2026-06-19 11:51:00,Android,Exitoso
16476,U0649,2026-06-26 10:04:59,Web,Error
1349,U0405,2026-06-05 16:06:00,iOS,Error
9374,U0704,2026-06-09 15:32:00,iOS,Exitoso
4239,U0530,2026-06-27 06:15:00,Web,Error
3433,U0611,2026-06-03 03:03:00,iOS,Error
4119,U0207,2026-06-14 08:11:00,Web,Error
9250,U0799,2026-06-05 01:55:00,Android,Exitoso
9878,U0825,2026-06-09 00:01:00,iOS,Exitoso
3973,U0703,2026-06-08 07:18:00,Web,Error
2037,,2026-06-14 17:28:00,Web,Error
10675,U0513,2026-06-10 16:44:00,Android,Exitoso
4612,U0190,2026-06-25 13:47:00,Web,Error
1411,U0811,2026-06-16 14:50:00,Web,Error
1092,U0688,2026-06-01 22:39:00,Android,Error
755,,2026-06-05 02:01:00,Android,Error
13810,U0471,2026-06-13 22:23:00,Web,Exitoso
9803,U0887,2026-06-15 11:05:00,Android,Exitoso
2410,U0466,2026-06-25 17:31:00,iOS,Error
9536,U0785,2026-06-26 14:46:00,Web,Exitoso
1250,U0774,2026-06-08 02:26:00,Web,Error
11618,U0671,2026-06-11 04:26:00,Android,Exitoso
14627,U0853,2026-06-13 01:24:00,Web,Exitoso
7870,U0515,2026-06-04 14:36:00,Web,Exitoso
5647,U0645,2026-06-16 04:59:00,iOS,Exitoso
10289,U0510,2026-06-12 16:51:00,iOS,Exitoso
14084,U0737,2026-06-16 16:29:00,Web,Exitoso
5292,U0528,2026-06-24 16:27:00,Android,Exitoso
820,U0819,2026-06-27 10:58:00,Android,Error
9414,U0694,2026-06-05 00:28:00,iOS,Exitoso
4229,,2026-06-17 03:26:00,Web,Error
548,,2026-06-22 01:50:00,Web,Error
4629,,2026-06-21 06:41:00,Web,Error
15180,,2026-06-26 10:04:08,Web,Error
10582,U0939,2026-06-23 08:08:00,Web,Exitoso
5846,U0738,2026-06-03 14:49:00,iOS,Exitoso
1096,,2026-06-20 06:11:00,Web,Error
9885,U0575,2026-06-10 05:19:00,iOS,Exitoso
3519,,2026-06-28 07:24:00,Web,Error
15101,,2026-06-26 10:13:20,Web,Error
3719,U0114,2026-06-26 19:39:00,Web,Error
4919,U0375,2026-06-27 14:07:00,Android,Error
500,,2026-06-13 21:14:00,iOS,Error
15808,,2026-06-26 10:11:31,Web,Error
11190,U0807,2026-06-17 22:34:00,iOS,Exitoso
4697,U0601,2026-06-09 01:10:00,Web,Error
846,U0539,2026-06-24 10:13:00,Android,Error
4596,U0382,2026-06-15 14:52:00,iOS,Error
7335,U0539,2026-06-05 10:34:00,Web,Exitoso
8604,U0985,2026-06-27 17:13:00,Web,Exitoso
5015,U0624,2026-06-12 18:17:00,Web,Exitoso
12724,U0563,2026-06-23 01:20:00,Android,Exitoso
13178,U0528,2026-06-21 05:32:00,Android,Exitoso
12232,U0887,2026-06-20 10:34:00,iOS,Exitoso
565,U0370,2026-06-24 03:26:00,Android,Error
11170,U0675,2026-06-25 21:34:00,Web,Exitoso
15676,,2026-06-26 10:12:19,Web,Error
6839,U0888,2026-06-19 00:42:00,iOS,Exitoso
16498,U0910,2026-06-26 10:22:45,Web,Error
1249,U0306,2026-06-24 04:18:00,Android,Error
12080,U0941,2026-06-12 21:03:00,Web,Exitoso
7059,U0969,2026-06-03 18:14:00,Web,Exitoso
7296,U0838,2026-06-17 02:34:00,Web,Exitoso
6916,U0500,2026-06-05 03:39:00,iOS,Exitoso
4621,,2026-06-13 04:22:00,Web,Error
1554,U0400,2026-06-26 17:54:00,iOS,Error
10350,U0813,2026-06-04 22:59:00,Web,Exitoso
15448,,2026-06-26 10:17:01,Web,Error
15480,,2026-06-26 10:05:34,Web,Error
8681,U0504,2026-06-27 04:14:00,iOS,Exitoso
3726,U0841,2026-06-13 19:17:00,Web,Error
15290,,2026-06-26 10:12:47,Web,Error
4072,U0124,2026-06-12 12:46:00,Web,Error
13481,U0584,2026-06-15 04:13:00,Web,Exitoso
6449,U0453,2026-06-13 03:53:00,iOS,Exitoso
13417,U0957,2026-06-25 13:17:00,Web,Exitoso
2349,U0905,2026-06-28 16:51:00,Web,Error
14898,U0758,2026-06-26 22:32:00,Android,Exitoso
12776,U0754,2026-06-02 21:47:00,Web,Exitoso
932,U0603,2026-06-06 16:58:00,iOS,Error
15496,,2026-06-26 10:12:29,Web,Error
3109,,2026-06-15 05:05:00,Web,Error
16289,U0531,2026-06-26 10:19:08,Web,Error
12777,U0675,2026-06-20 16:51:00,iOS,Exitoso
729,U0056,2026-06-05 13:45:00,Android,Error
1680,U0513,2026-06-23 13:48:00,Web,Error
11273,U0527,2026-06-21 14:25:00,iOS,Exitoso
2991,,2026-06-05 12:42:00,Web,Error
2089,U0264,2026-06-20 11:40:00,Web,Error
5847,U0508,2026-06-21 15:38:00,Android,Exitoso
10073,U0674,2026-06-13 08:54:00,Web,Exitoso
8100,U0500,2026-06-09 03:56:00,Android,Exitoso
3933,,2026-06-13 19:19:00,Web,Error
10581,U0961,2026-06-27 08:53:00,Web,Exitoso
15425,,2026-06-26 10:23:35,Web,Error
12565,U0590,2026-06-17 15:32:00,iOS,Exitoso
6863,U0977,2026-06-28 11:45:00,iOS,Exitoso
11664,U0495,2026-06-05 18:31:00,Web,Exitoso
12195,U0495,2026-06-10 00:36:00,iOS,Exitoso
10621,U0659,2026-06-24 09:38:00,iOS,Exitoso
13336,U0876,2026-06-03 07:22:00,iOS,Exitoso
10031,U0886,2026-06-02 14:35:00,iOS,Exitoso
217,U0212,2026-06-27 16:49:00,iOS,Error
3361,U0250,2026-06-17 17:42:00,iOS,Error
12921,U0959,2026-06-12 01:35:00,iOS,Exitoso
15763,,2026-06-26 10:14:50,Web,Error
10681,U0545,2026-06-27 04:13:00,Android,Exitoso
16467,U0508,2026-06-26 10:00:08,Web,Error
7379,U0818,2026-06-05 06:37:00,iOS,Exitoso
7503,U0620,2026-06-09 22:01:00,Android,Exitoso
13799,U0744,2026-06-19 10:09:00,Android,Exitoso
5936,U0502,2026-06-23 11:49:00,iOS,Exitoso
6059,U0656,2026-06-21 08:12:00,Web,Exitoso
12734,U0867,2026-06-16 00:36:00,Android,Exitoso
15351,,2026-06-26 10:10:26,Web,Error
10617,U0684,2026-06-06 16:51:00,Web,Exitoso
2480,,2026-06-22 21:30:00,Web,Error
14483,U0572,2026-06-18 10:02:00,Android,Exitoso
10496,U0506,2026-06-22 11:32:00,Android,Exitoso
6141,U0870,2026-06-21 10:13:00,Android,Exitoso
13218,U0775,2026-06-19 11:26:00,Web,Exitoso
3701,U0320,2026-06-04 02:25:00,Web,Error
10894,U0686,2026-06-22 22:55:00,Android,Exitoso
15764,,2026-06-26 10:02:32,Web,Error
7419,U0541,2026-06-24 16:34:00,Web,Exitoso
3155,U0678,2026-06-04 11:41:00,Web,Error
7749,U0768,2026-06-14 12:42:00,iOS,Exitoso
9018,U0662,2026-06-02 07:56:00,Android,Exitoso
3403,,2026-06-25 16:45:00,Web,Error
3585,,2026-06-11 03:33:00,Web,Error
14180,U0663,2026-06-17 19:35:00,iOS,Exitoso
2689,,2026-06-03 01:34:00,Web,Error
5562,U0929,2026-06-01 19:47:00,Web,Exitoso
9928,U0788,2026-06-11 16:18:00,iOS,Exitoso
15529,,2026-06-26 10:09:58,Web,Error
2675,U0395,2026-06-08 00:38:00,iOS,Error
8424,U0463,2026-06-13 19:41:00,iOS,Exitoso
10226,U0813,2026-06-09 11:35:00,iOS,Exitoso
298,U0004,2026-06-12 02:27:00,iOS,Error
4798,U0085,2026-06-26 00:33:00,iOS,Error
13943,U0567,2026-06-16 11:02:00,Android,Exitoso
5675,U0992,2026-06-12 18:32:00,iOS,Exitoso
16195,,2026-06-26 10:21:28,Web,Error
5691,U0841,2026-06-16 14:13:00,iOS,Exitoso
8413,U0494,2026-06-18 19:25:00,Android,Exitoso
3131,U0629,2026-06-22 13:15:00,Web,Error
1912,U0353,2026-06-15 14:56:00,iOS,Error
5732,U0733,2026-06-09 00:44:00,Web,Exitoso
8875,U0654,2026-06-22 06:00:00,Web,Exitoso
9087,U0811,2026-06-08 22:41:00,iOS,Exitoso
15605,,2026-06-26 10:10:05,Web,Error
5515,U0636,2026-06-05 09:08:00,Web,Exitoso
5601,U0798,2026-06-16 15:07:00,Web,Exitoso
9488,U0999,2026-06-06 03:24:00,iOS,Exitoso
15772,,2026-06-26 10:25:09,Web,Error
13969,U0463,2026-06-02 18:23:00,Android,Exitoso
12991,U0460,2026-06-26 17:35:00,iOS,Exitoso
15589,,2026-06-26 10:14:48,Web,Error
13494,U0750,2026-06-08 02:29:00,iOS,Exitoso
8919,U0667,2026-06-22 17:17:00,Android,Exitoso
3470,,2026-06-16 13:50:00,Web,Error
69,U0329,2026-06-23 02:31:00,Web,Error
8671,U0651,2026-06-04 14:36:00,Android,Exitoso
12287,U0740,2026-06-08 13:58:00,iOS,Exitoso
13865,U0567,2026-06-18 09:08:00,Web,Exitoso
11844,U0520,2026-06-03 10:00:00,Web,Exitoso
15182,,2026-06-26 10:17:32,Web,Error
14434,U0534,2026-06-04 07:51:00,Android,Exitoso
13504,U0954,2026-06-10 17:20:00,iOS,Exitoso
1216,U0144,2026-06-11 22:57:00,Web,Error
5424,U0766,2026-06-01 22:24:00,Android,Exitoso
5611,U0818,2026-06-02 08:18:00,Android,Exitoso
9275,U0538,2026-06-02 05:51:00,Web,Exitoso
539,U0358,2026-06-27 18:40:00,iOS,Error
2009,U0351,2026-06-11 22:31:00,Web,Error
12371,U0648,2026-06-21 13:34:00,Android,Exitoso
5050,U0557,2026-06-19 20:16:00,Android,Exitoso
15551,,2026-06-26 10:07:16,Web,Error
3259,U0569,2026-06-25 08:44:00,iOS,Error
11639,U0747,2026-06-25 12:33:00,Web,Exitoso
2726,U0090,2026-06-01 07:54:00,Web,Error
10724,U0504,2026-06-03 13:04:00,iOS,Exitoso
7435,U0883,2026-06-11 01:39:00,iOS,Exitoso
1914,U0775,2026-06-03 04:18:00,Web,Error
16458,U0809,2026-06-26 10:11:22,Web,Error
5529,U0977,2026-06-05 10:26:00,Web,Exitoso
428,,2026-06-25 06:52:00,iOS,Error
10232,U0611,2026-06-15 00:16:00,Web,Exitoso
5945,U0645,2026-06-02 09:24:00,Web,Exitoso
3083,U0369,2026-06-01 08:48:00,iOS,Error
10806,U0820,2026-06-19 13:36:00,Web,Exitoso
2363,U0329,2026-06-13 20:02:00,iOS,Error
8565,U0780,2026-06-12 04:06:00,Web,Exitoso
379,U0237,2026-06-14 09:19:00,iOS,Error
651,U0575,2026-06-10 07:34:00,Web,Error
11222,U0843,2026-06-02 09:52:00,Android,Exitoso
2696,U0180,2026-06-02 22:23:00,Web,Error
14856,U0933,2026-06-02 11:09:00,iOS,Exitoso
5062,U0524,2026-06-22 12:53:00,Web,Exitoso
13055,U0635,2026-06-27 02:15:00,Web,Exitoso
14540,U0525,2026-06-13 06:28:00,Android,Exitoso
14011,U0847,2026-06-26 02:06:00,iOS,Exitoso
616,,2026-06-06 17:24:00,Web,Error
15367,,2026-06-26 10:22:08,Web,Error
12544,U0815,2026-06-18 07:39:00,Web,Exitoso
14564,U0769,2026-06-26 00:35:00,Web,Exitoso
13623,U0718,2026-06-13 23:00:00,iOS,Exitoso
2252,U0368,2026-06-06 06:24:00,Web,Error
13207,U0721,2026-06-14 20:26:00,Android,Exitoso
15339,,2026-06-26 10:12:03,Web,Error
9463,U0967,2026-06-14 22:21:00,iOS,Exitoso
1993,U0522,2026-06-08 10:12:00,Web,Error
8054,U0626,2026-06-14 21:46:00,Web,Exitoso
2429,U0370,2026-06-17 18:25:00,Android,Error
4025,U0121,2026-06-25 18:25:00,iOS,Error
9951,U0907,2026-06-22 01:39:00,Android,Exitoso
9574,U0672,2026-06-25 08:35:00,iOS,Exitoso
15836,,2026-06-26 10:22:32,Web,Error
2360,,2026-06-02 03:45:00,Web,Error
3524,U0638,2026-06-07 06:07:00,Web,Error
5475,U0784,2026-06-26 17:27:00,Android,Exitoso
7393,U0809,2026-06-19 03:26:00,Android,Exitoso
5761,U0464,2026-06-12 21:47:00,Android,Exitoso
5355,U0866,2026-06-10 12:50:00,Web,Exitoso
13666,U0774,2026-06-16 15:35:00,iOS,Exitoso
14738,U0617,2026-06-15 19:07:00,Web,Exitoso
13927,U0524,2026-06-22 23:21:00,iOS,Exitoso
9230,U0640,2026-06-07 18:42:00,Web,Exitoso
1351,U0382,2026-06-04 07:27:00,Android,Error
10488,U0984,2026-06-12 10:52:00,Web,Exitoso
9013,U0923,2026-06-26 13:49:00,Web,Exitoso
1378,,2026-06-28 13:08:00,Web,Error
1258,U0564,2026-06-21 15:45:00,Android,Error
14038,U0971,2026-06-20 00:38:00,iOS,Exitoso
11241,U0965,2026-06-21 15:21:00,iOS,Exitoso
13581,U0704,2026-06-10 01:14:00,Web,Exitoso
9383,U0639,2026-06-01 15:24:00,iOS,Exitoso
6399,U0521,2026-06-13 17:08:00,Android,Exitoso
5387,U0781,2026-06-17 18:12:00,Web,Exitoso
2183,U0221,2026-06-25 19:20:00,Web,Error
7918,U0644,2026-06-13 20:58:00,Web,Exitoso
447,,2026-06-27 09:06:00,Web,Error
3978,U0131,2026-06-15 01:00:00,Android,Error
2117,U0996,2026-06-22 23:17:00,Web,Error
8066,U0692,2026-06-16 19:13:00,iOS,Exitoso
7750,U0500,2026-06-06 19:05:00,Android,Exitoso
12490,U0461,2026-06-26 06:02:00,Android,Exitoso
12981,U0991,2026-06-19 02:09:00,Web,Exitoso
4204,,2026-06-21 23:50:00,Web,Error
9759,U0984,2026-06-04 21:42:00,iOS,Exitoso
11754,U0905,2026-06-19 03:42:00,Web,Exitoso
15994,,2026-06-26 10:28:27,Web,Error
3127,U0754,2026-06-10 09:01:00,iOS,Error
16286,U0714,2026-06-26 10:02:23,Web,Error
5026,U0850,2026-06-19 10:25:00,Android,Exitoso
15537,,2026-06-26 10:21:05,Web,Error
3442,U0648,2026-06-23 11:44:00,Android,Error
14233,U0944,2026-06-11 11:09:00,iOS,Exitoso
15887,,2026-06-26 10:18:17,Web,Error
7336,U0571,2026-06-05 03:21:00,iOS,Exitoso
3094,,2026-06-13 19:40:00,Web,Error
15804,,2026-06-26 10:11:36,Web,Error
5333,U0632,2026-06-10 12:28:00,Web,Exitoso
8167,U0526,2026-06-06 20:39:00,Android,Exitoso
14310,U0929,2026-06-10 12:52:00,Android,Exitoso
1217,,2026-06-18 19:29:00,Web,Error
1489,U0729,2026-06-12 14:37:00,Web,Error
2072,,2026-06-10 07:51:00,Web,Error
7808,U0953,2026-06-10 06:02:00,Android,Exitoso
1103,U0226,2026-06-21 16:59:00,Android,Error
4905,U0321,2026-06-06 13:11:00,iOS,Error
5146,U0844,2026-06-27 02:22:00,Web,Exitoso
843,U0272,2026-06-01 12:25:00,Web,Error
13191,U0723,2026-06-17 00:32:00,iOS,Exitoso
1731,U0974,2026-06-09 17:01:00,iOS,Error
7764,U0522,2026-06-11 19:26:00,Web,Exitoso
8122,U0856,2026-06-14 18:10:00,Web,Exitoso
665,,2026-06-15 05:58:00,Web,Error
807,U0394,2026-06-09 03:31:00,Android,Error
6049,U0480,2026-06-19 03:30:00,iOS,Exitoso
1218,U0392,2026-06-16 03:55:00,Android,Error
15927,,2026-06-26 10:02:43,Web,Error
5545,U0658,2026-06-05 07:46:00,iOS,Exitoso
6278,U0974,2026-06-25 07:46:00,Web,Exitoso
2286,U0017,2026-06-11 14:24:00,Android,Error
16307,U0808,2026-06-26 10:10:20,Web,Error
10977,U0867,2026-06-12 05:53:00,Android,Exitoso
5461,U0801,2026-06-04 01:40:00,Web,Exitoso
7255,U0740,2026-06-01 13:55:00,Android,Exitoso
2594,,2026-06-28 09:41:00,Web,Error
10194,U0761,2026-06-18 02:27:00,Android,Exitoso
7352,U0606,2026-06-08 14:52:00,iOS,Exitoso
5284,U0940,2026-06-19 19:07:00,Web,Exitoso
7712,U0653,2026-06-22 11:14:00,iOS,Exitoso
431,U0556,2026-06-06 13:56:00,Web,Error
10829,U0755,2026-06-19 22:28:00,Web,Exitoso
6140,U0538,2026-06-18 17:40:00,Web,Exitoso
3732,,2026-06-04 06:49:00,Web,Error
15886,,2026-06-26 10:17:25,Web,Error
14877,U0485,2026-06-26 09:04:00,Web,Exitoso
7528,U0957,2026-06-06 09:13:00,Web,Exitoso
2275,U0042,2026-06-13 22:13:00,iOS,Error
3625,U0428,2026-06-11 18:56:00,iOS,Error
5058,U0617,2026-06-14 14:58:00,iOS,Exitoso
4120,,2026-06-14 02:31:00,Web,Error
12305,U0657,2026-06-22 03:12:00,Web,Exitoso
9735,U0451,2026-06-08 10:54:00,iOS,Exitoso
8183,U0457,2026-06-24 13:19:00,iOS,Exitoso
3484,U0737,2026-06-12 11:52:00,Web,Error
8696,U0465,2026-06-21 02:24:00,Web,Exitoso
2357,U0205,2026-06-17 17:38:00,iOS,Error
4922,U0309,2026-06-19 18:28:00,Android,Error
7592,U0857,2026-06-01 19:50:00,Web,Exitoso
13821,U0942,2026-06-10 06:26:00,Android,Exitoso
9824,U0841,2026-06-11 11:52:00,iOS,Exitoso
5961,U0600,2026-06-14 03:03:00,Android,Exitoso
2636,,2026-06-23 05:02:00,Web,Error
13213,U0739,2026-06-09 12:17:00,iOS,Exitoso
13484,U0524,2026-06-09 15:11:00,Android,Exitoso
6250,U0915,2026-06-04 02:26:00,Web,Exitoso
11603,U0920,2026-06-21 06:05:00,Web,Exitoso
3749,,2026-06-21 23:16:00,Web,Error
1584,U0423,2026-06-10 10:35:00,iOS,Error
14493,U0960,2026-06-09 08:00:00,Android,Exitoso
1021,U0749,2026-06-05 17:52:00,Web,Error
3164,U0499,2026-06-02 14:11:00,Web,Error
5689,U0533,2026-06-24 22:28:00,Web,Exitoso
2128,U0348,2026-06-01 16:28:00,Web,Error
3735,U0904,2026-06-21 02:13:00,Web,Error
16072,,2026-06-26 10:10:56,Web,Error
3281,U0769,2026-06-24 14:26:00,iOS,Error
10050,U0829,2026-06-20 08:01:00,Android,Exitoso
4057,U0090,2026-06-13 02:02:00,Web,Error
2809,U0393,2026-06-19 19:38:00,iOS,Error
6900,U0722,2026-06-21 16:01:00,Web,Exitoso
3104,U0814,2026-06-19 10:28:00,Web,Error
5225,U0545,2026-06-15 06:09:00,iOS,Exitoso
66,U0754,2026-06-14 08:37:00,Web,Error
4018,U0252,2026-06-07 21:28:00,Web,Error
3982,,2026-06-14 07:40:00,Web,Error
1838,U0330,2026-06-15 05:42:00,Web,Error
2584,,2026-06-28 10:09:00,iOS,Error
14532,U0550,2026-06-06 13:23:00,Web,Exitoso
1733,U0097,2026-06-19 10:57:00,iOS,Error
9817,U0893,2026-06-19 13:40:00,Android,Exitoso
11726,U0493,2026-06-06 19:17:00,Web,Exitoso
1123,U0301,2026-06-28 12:39:00,iOS,Error
9813,U0816,2026-06-24 16:56:00,Android,Exitoso
12211,U0894,2026-06-27 08:09:00,Web,Exitoso
5738,U0797,2026-06-02 16:08:00,Android,Exitoso
7647,U0871,2026-06-15 21:30:00,Web,Exitoso
11208,U0764,2026-06-16 06:46:00,Android,Exitoso
9021,U0532,2026-06-24 19:54:00,Web,Exitoso
16032,,2026-06-26 10:20:43,Web,Error
3353,U0025,2026-06-27 16:26:00,Android,Error
1229,U0344,2026-06-18 17:21:00,Web,Error
13425,U0482,2026-06-25 17:04:00,iOS,Exitoso
1846,U0446,2026-06-09 08:38:00,iOS,Error
16296,U0983,2026-06-26 10:14:25,Web,Error
8514,U0820,2026-06-25 21:26:00,iOS,Exitoso
4254,,2026-06-15 22:50:00,Web,Error
10362,U0765,2026-06-23 02:14:00,Android,Exitoso
4681,,2026-06-04 06:39:00,Web,Error
5619,U0470,2026-06-20 01:47:00,Web,Exitoso
11135,U0795,2026-06-11 10:55:00,Web,Exitoso
16309,U0591,2026-06-26 10:24:35,Web,Error
12781,U0473,2026-06-12 17:34:00,Android,Exitoso
6030,U0579,2026-06-07 04:04:00,Web,Exitoso
14146,U0540,2026-06-04 03:20:00,Web,Exitoso
9102,U0921,2026-06-23 03:53:00,Web,Exitoso
11701,U0530,2026-06-26 13:54:00,Web,Exitoso
9997,U0612,2026-06-14 07:18:00,Android,Exitoso
7774,U0712,2026-06-17 10:07:00,iOS,Exitoso
12780,U0887,2026-06-15 05:01:00,iOS,Exitoso
7821,U0926,2026-06-10 05:33:00,Web,Exitoso
2676,U0372,2026-06-14 06:34:00,Web,Error
12612,U0557,2026-06-19 04:54:00,iOS,Exitoso
7818,U0652,2026-06-08 03:18:00,Web,Exitoso
10291,U0463,2026-06-21 18:02:00,iOS,Exitoso
13574,U0883,2026-06-28 15:08:00,iOS,Exitoso
2120,U0226,2026-06-17 18:16:00,iOS,Error
15007,,2026-06-26 10:23:01,Web,Error
6456,U0964,2026-06-10 15:25:00,Android,Exitoso
5514,U0808,2026-06-24 07:46:00,Web,Exitoso
14466,U0810,2026-06-26 08:40:00,Android,Exitoso
7154,U0836,2026-06-13 21:43:00,Android,Exitoso
9992,U0602,2026-06-02 21:42:00,iOS,Exitoso
12883,U0809,2026-06-09 03:33:00,Web,Exitoso
1232,U0319,2026-06-25 18:43:00,iOS,Error
13525,U0704,2026-06-22 18:45:00,Web,Exitoso
12952,U0709,2026-06-22 11:24:00,Android,Exitoso
5574,U0516,2026-06-23 22:39:00,iOS,Exitoso
2865,U0047,2026-06-08 13:29:00,Android,Error
5972,U0584,2026-06-03 10:54:00,Android,Exitoso
4075,U0484,2026-06-20 13:15:00,Web,Error
13283,U0453,2026-06-19 06:47:00,iOS,Exitoso
136,U0672,2026-06-03 11:10:00,Web,Error
15810,,2026-06-26 10:02:33,Web,Error
12341,U0552,2026-06-24 01:00:00,iOS,Exitoso
5535,U0546,2026-06-14 02:32:00,Android,Exitoso
7045,U0559,2026-06-19 19:23:00,Web,Exitoso
10108,U0764,2026-06-21 05:35:00,Web,Exitoso
1600,,2026-06-26 11:30:00,Android,Error
5973,U0665,2026-06-27 10:31:00,Android,Exitoso
14910,U0977,2026-06-09 15:27:00,iOS,Exitoso
44,U0250,2026-06-16 05:50:00,iOS,Error
6495,U0569,2026-06-18 06:11:00,Web,Exitoso
2650,U0838,2026-06-08 19:46:00,Android,Error
8779,U0924,2026-06-15 05:33:00,iOS,Exitoso
13742,U0878,2026-06-02 13:02:00,Android,Exitoso
12682,U0749,2026-06-09 03:06:00,Android,Exitoso
5903,U0995,2026-06-07 03:02:00,Web,Exitoso
182,U0172,2026-06-11 23:05:00,Web,Error
5374,U0536,2026-06-28 03:13:00,Android,Exitoso
5665,U0960,2026-06-07 21:26:00,Web,Exitoso
2782,U0274,2026-06-02 00:08:00,iOS,Error
8006,U0490,2026-06-23 04:29:00,Web,Exitoso
8914,U0983,2026-06-28 08:25:00,iOS,Exitoso
12608,U0519,2026-06-22 11:24:00,Web,Exitoso
11278,U0485,2026-06-16 14:32:00,Web,Exitoso
2510,U0479,2026-06-01 14:17:00,Web,Error
11125,U0664,2026-06-07 10:15:00,iOS,Exitoso
9445,U0798,2026-06-14 07:21:00,iOS,Exitoso
156,U0632,2026-06-23 15:24:00,Web,Error
15680,,2026-06-26 10:14:18,Web,Error
9940,U0859,2026-06-13 00:40:00,Android,Exitoso
14223,U0528,2026-06-06 17:51:00,iOS,Exitoso
14841,U0533,2026-06-21 01:11:00,Web,Exitoso
6204,U0897,2026-06-08 18:22:00,Android,Exitoso
15252,,2026-06-26 10:10:18,Web,Error
792,U0330,2026-06-15 13:58:00,iOS,Error
1870,,2026-06-24 09:21:00,Web,Error
4914,U0127,2026-06-15 04:43:00,Web,Error
3029,U0488,2026-06-14 13:26:00,Web,Error
8797,U0593,2026-06-13 23:52:00,Web,Exitoso
5297,U0904,2026-06-16 22:40:00,iOS,Exitoso
7576,U0679,2026-06-06 00:26:00,Android,Exitoso
14335,U0924,2026-06-15 07:39:00,iOS,Exitoso
7122,U0959,2026-06-27 02:40:00,Android,Exitoso
15712,,2026-06-26 10:28:05,Web,Error
9931,U0678,2026-06-22 22:40:00,Web,Exitoso
13827,U0672,2026-06-17 05:24:00,Web,Exitoso
4182,U0180,2026-06-19 13:12:00,iOS,Error
3943,U0379,2026-06-16 13:28:00,iOS,Error
8510,U0728,2026-06-18 19:01:00,Android,Exitoso
4463,U0932,2026-06-03 16:58:00,Web,Error
5748,U0526,2026-06-24 01:30:00,Android,Exitoso
13843,U0768,2026-06-22 01:13:00,Android,Exitoso
10029,U0871,2026-06-20 16:57:00,iOS,Exitoso
13069,U0688,2026-06-02 14:28:00,Android,Exitoso
10110,U0828,2026-06-14 03:18:00,Web,Exitoso
2520,U0899,2026-06-18 03:01:00,iOS,Error
7559,U0952,2026-06-09 20:25:00,Android,Exitoso
7052,U0623,2026-06-01 04:37:00,Android,Exitoso
11272,U0746,2026-06-21 12:04:00,Android,Exitoso
9344,U0985,2026-06-24 11:53:00,Android,Exitoso
5695,U0757,2026-06-24 18:55:00,Android,Exitoso
15069,,2026-06-26 10:03:45,Web,Error
4115,,2026-06-07 18:53:00,Web,Error
4133,,2026-06-20 09:47:00,Web,Error
677,,2026-06-19 15:22:00,Web,Error
12874,U0822,2026-06-27 06:58:00,iOS,Exitoso
4416,U0250,2026-06-20 14:17:00,Web,Error
15928,,2026-06-26 10:05:07,Web,Error
8196,U0993,2026-06-20 20:01:00,Web,Exitoso
12228,U0481,2026-06-27 05:32:00,Web,Exitoso
411,U0249,2026-06-02 05:12:00,Web,Error
2670,U0374,2026-06-07 05:24:00,iOS,Error
2780,U0067,2026-06-28 03:16:00,iOS,Error
14262,U0580,2026-06-11 08:28:00,iOS,Exitoso
13751,U0809,2026-06-21 09:28:00,iOS,Exitoso
10666,U0780,2026-06-12 13:06:00,Web,Exitoso
16511,U0651,2026-06-26 10:19:42,Web,Error
15619,,2026-06-26 10:09:12,Web,Error
3595,,2026-06-28 12:27:00,Web,Error
2576,U0618,2026-06-06 18:39:00,Web,Error
15650,,2026-06-26 10:17:42,Web,Error
7251,U0971,2026-06-14 21:46:00,Web,Exitoso
912,U0176,2026-06-09 09:34:00,Web,Error
16106,,2026-06-26 10:00:03,Web,Error
8680,U0960,2026-06-21 08:31:00,Android,Exitoso
10231,U0781,2026-06-20 14:29:00,Web,Exitoso
1477,U0997,2026-06-26 09:48:00,iOS,Error
11695,U0890,2026-06-25 16:08:00,Android,Exitoso
9604,U0636,2026-06-16 05:42:00,iOS,Exitoso
1519,U0564,2026-06-03 06:51:00,Web,Error
13062,U0532,2026-06-05 16:22:00,iOS,Exitoso
10204,U0751,2026-06-03 17:47:00,iOS,Exitoso
2194,,2026-06-08 19:17:00,Web,Error
15890,,2026-06-26 10:16:14,Web,Error
8807,U0816,2026-06-08 10:21:00,Web,Exitoso
4233,U0417,2026-06-19 15:46:00,Web,Error
9822,U0947,2026-06-13 02:50:00,Android,Exitoso
7675,U0914,2026-06-08 14:02:00,iOS,Exitoso
12839,U0612,2026-06-23 21:25:00,Web,Exitoso
6639,U0561,2026-06-13 22:25:00,iOS,Exitoso
11685,U0518,2026-06-21 13:16:00,Web,Exitoso
11539,U0982,2026-06-27 14:46:00,Web,Exitoso
3881,,2026-06-04 15:58:00,Web,Error
11939,U0452,2026-06-16 04:36:00,iOS,Exitoso
4754,U0097,2026-06-24 01:55:00,iOS,Error
7088,U0878,2026-06-06 14:58:00,Web,Exitoso
13931,U0870,2026-06-23 22:06:00,Android,Exitoso
5914,U0497,2026-06-16 20:34:00,Android,Exitoso
4778,U0098,2026-06-08 19:35:00,Android,Error
5420,U0751,2026-06-08 12:41:00,Web,Exitoso
7046,U0714,2026-06-21 22:37:00,Web,Exitoso
11586,U0914,2026-06-01 22:54:00,Android,Exitoso
12765,U0493,2026-06-26 08:52:00,Web,Exitoso
220,U0360,2026-06-09 05:59:00,Web,Error
14965,U0795,2026-06-05 18:40:00,Web,Exitoso
9938,U0695,2026-06-06 03:48:00,Web,Exitoso
14054,U0653,2026-06-24 06:54:00,Web,Exitoso
14301,U0688,2026-06-03 23:33:00,iOS,Exitoso
7398,U0518,2026-06-02 05:44:00,Web,Exitoso
11554,U0940,2026-06-19 04:38:00,Web,Exitoso
5190,U0822,2026-06-23 15:52:00,iOS,Exitoso
12646,U0585,2026-06-25 20:49:00,Android,Exitoso
7461,U0720,2026-06-12 21:17:00,Android,Exitoso
13642,U0770,2026-06-28 11:35:00,iOS,Exitoso
12471,U0669,2026-06-28 10:45:00,Web,Exitoso
12443,U0676,2026-06-15 01:56:00,iOS,Exitoso
7022,U0684,2026-06-11 19:12:00,iOS,Exitoso
6099,U0867,2026-06-20 02:31:00,Android,Exitoso
4454,U0223,2026-06-03 01:54:00,Web,Error
10906,U0907,2026-06-24 22:18:00,Android,Exitoso
90,,2026-06-14 23:04:00,Web,Error
4253,U0043,2026-06-22 00:08:00,Web,Error
14870,U0558,2026-06-11 19:56:00,Android,Exitoso
11530,U0491,2026-06-06 04:12:00,iOS,Exitoso
9192,U0858,2026-06-09 03:01:00,Android,Exitoso
6535,U0956,2026-06-06 08:49:00,Web,Exitoso
10185,U0615,2026-06-27 02:49:00,Web,Exitoso
9173,U0514,2026-06-24 03:53:00,iOS,Exitoso
7897,U0923,2026-06-13 02:50:00,Web,Exitoso
4658,,2026-06-08 01:29:00,Web,Error
12588,U0582,2026-06-13 00:11:00,Android,Exitoso
3055,,2026-06-18 16:59:00,Web,Error
16136,,2026-06-26 10:01:27,Web,Error
15569,,2026-06-26 10:19:41,Web,Error
6288,U0984,2026-06-03 01:56:00,Web,Exitoso
4906,,2026-06-01 05:00:00,Web,Error
10104,U0936,2026-06-26 10:33:00,iOS,Exitoso
6349,U0483,2026-06-13 19:27:00,Android,Exitoso
13424,U0822,2026-06-08 04:23:00,iOS,Exitoso
9431,U0873,2026-06-22 06:39:00,Android,Exitoso
8532,U0467,2026-06-23 02:33:00,iOS,Exitoso
355,U0418,2026-06-03 22:02:00,Android,Error
2964,U0575,2026-06-03 21:47:00,Web,Error
3119,,2026-06-21 19:40:00,Web,Error
4812,,2026-06-09 23:58:00,Web,Error
6459,U0974,2026-06-09 16:29:00,Android,Exitoso
943,,2026-06-16 05:07:00,Web,Error
143,U0120,2026-06-19 00:14:00,Android,Error
7394,U0755,2026-06-17 06:32:00,Android,Exitoso
2813,U0399,2026-06-14 23:57:00,Web,Error
13818,U0503,2026-06-07 14:46:00,Android,Exitoso
6996,U0496,2026-06-08 05:03:00,iOS,Exitoso
1277,,2026-06-08 19:59:00,Web,Error
13802,U0778,2026-06-09 11:32:00,Web,Exitoso
2253,U0827,2026-06-05 11:58:00,Web,Error
12090,U0954,2026-06-20 09:05:00,Web,Exitoso
203,U0472,2026-06-07 21:20:00,iOS,Error
14937,U0621,2026-06-06 21:01:00,Android,Exitoso
6527,U0569,2026-06-09 21:50:00,iOS,Exitoso
7791,U0813,2026-06-19 03:03:00,Android,Exitoso
551,U0154,2026-06-22 19:07:00,iOS,Error
856,U0054,2026-06-02 23:11:00,Web,Error
2460,U0242,2026-06-15 02:58:00,Web,Error
13582,U0485,2026-06-25 04:47:00,iOS,Exitoso
7558,U0735,2026-06-16 19:07:00,Android,Exitoso
4686,,2026-06-24 18:14:00,Web,Error
12837,U0462,2026-06-15 05:12:00,Android,Exitoso
8793,U0832,2026-06-17 11:08:00,Android,Exitoso
9467,U0508,2026-06-13 17:26:00,iOS,Exitoso
11268,U0970,2026-06-02 11:07:00,iOS,Exitoso
14826,U0902,2026-06-18 10:11:00,Android,Exitoso
6154,U0484,2026-06-12 03:03:00,iOS,Exitoso
13648,U0551,2026-06-28 05:03:00,Web,Exitoso
10708,U0722,2026-06-03 10:12:00,Android,Exitoso
11858,U0769,2026-06-27 04:57:00,Web,Exitoso
3491,,2026-06-14 20:09:00,Web,Error
6829,U0575,2026-06-17 02:02:00,Android,Exitoso
1801,U0698,2026-06-02 05:46:00,Web,Error
2897,U0812,2026-06-14 14:54:00,Android,Error
9773,U0529,2026-06-02 12:59:00,iOS,Exitoso
10940,U0663,2026-06-01 15:11:00,Web,Exitoso
10600,U0582,2026-06-05 16:11:00,Android,Exitoso
11143,U0907,2026-06-15 14:52:00,Web,Exitoso
4380,U0370,2026-06-24 20:05:00,iOS,Error
4213,U0608,2026-06-04 21:52:00,Web,Error
6269,U0879,2026-06-18 21:43:00,Android,Exitoso
8622,U0712,2026-06-17 12:18:00,Web,Exitoso
12539,U0904,2026-06-21 09:52:00,iOS,Exitoso
12562,U0654,2026-06-08 07:04:00,iOS,Exitoso
4125,U0559,2026-06-09 20:59:00,Web,Error
11056,U0620,2026-06-20 23:38:00,Web,Exitoso
2269,U0943,2026-06-09 08:07:00,iOS,Error
9679,U0836,2026-06-19 00:41:00,Web,Exitoso
1125,,2026-06-18 11:35:00,Android,Error
7083,U0663,2026-06-23 15:06:00,Web,Exitoso
8076,U0965,2026-06-07 06:37:00,iOS,Exitoso
14622,U0977,2026-06-18 17:57:00,Android,Exitoso
7644,U0808,2026-06-25 16:05:00,iOS,Exitoso
4457,U0362,2026-06-26 06:47:00,Android,Error
7100,U0557,2026-06-23 18:56:00,iOS,Exitoso
6599,U0753,2026-06-22 13:52:00,iOS,Exitoso
9523,U0863,2026-06-10 22:30:00,Android,Exitoso
13747,U0696,2026-06-18 10:21:00,iOS,Exitoso
5493,U0501,2026-06-04 22:56:00,Web,Exitoso
11534,U0519,2026-06-16 04:02:00,iOS,Exitoso
3396,U0500,2026-06-17 12:47:00,Web,Error
12427,U0844,2026-06-17 03:19:00,Android,Exitoso
11041,U0690,2026-06-20 20:37:00,iOS,Exitoso
16455,U0879,2026-06-26 10:00:31,Web,Error
13783,U0624,2026-06-05 01:34:00,Web,Exitoso
2980,U0034,2026-06-22 10:29:00,Android,Error
3558,U0335,2026-06-21 23:47:00,iOS,Error
7445,U0689,2026-06-08 04:39:00,Android,Exitoso
12692,U0849,2026-06-24 00:11:00,Web,Exitoso
14249,U0672,2026-06-23 18:02:00,iOS,Exitoso
11144,U0981,2026-06-11 15:49:00,Android,Exitoso
15372,,2026-06-26 10:08:22,Web,Error
13758,U0537,2026-06-13 18:01:00,iOS,Exitoso
9904,U0652,2026-06-23 07:33:00,Android,Exitoso
12162,U0907,2026-06-20 02:43:00,iOS,Exitoso
16295,U0530,2026-06-26 10:04:40,Web,Error
7307,U0674,2026-06-07 08:53:00,Android,Exitoso
727,U0224,2026-06-13 20:31:00,Web,Error
925,U0580,2026-06-16 14:48:00,iOS,Error
6023,U0847,2026-06-01 08:57:00,Web,Exitoso
1799,U0442,2026-06-09 14:47:00,Web,Error
1682,,2026-06-04 03:19:00,Web,Error
10198,U0742,2026-06-17 19:59:00,Android,Exitoso
9628,U0601,2026-06-04 15:45:00,iOS,Exitoso
8601,U0888,2026-06-20 07:47:00,iOS,Exitoso
6448,U0732,2026-06-14 08:18:00,Android,Exitoso
11430,U0926,2026-06-03 22:04:00,Web,Exitoso
15040,,2026-06-26 10:16:10,Web,Error
9099,U0849,2026-06-12 20:27:00,Android,Exitoso
5525,U0964,2026-06-20 18:34:00,Android,Exitoso
10972,U0917,2026-06-15 11:50:00,Web,Exitoso
8615,U0859,2026-06-14 21:20:00,iOS,Exitoso
1108,,2026-06-14 05:37:00,Web,Error
7298,U0914,2026-06-20 08:35:00,iOS,Exitoso
9869,U0526,2026-06-27 23:45:00,Android,Exitoso
10048,U0985,2026-06-24 10:02:00,iOS,Exitoso
9797,U0515,2026-06-18 11:06:00,Web,Exitoso
13527,U0668,2026-06-20 10:05:00,Web,Exitoso
878,,2026-06-02 04:55:00,Web,Error
2341,U0117,2026-06-01 01:55:00,Web,Error
7357,U0759,2026-06-02 16:34:00,Web,Exitoso
13463,U0621,2026-06-22 06:11:00,Android,Exitoso
12714,U0870,2026-06-26 22:07:00,Web,Exitoso
9620,U0818,2026-06-26 06:36:00,Web,Exitoso
8411,U0952,2026-06-25 08:51:00,iOS,Exitoso
3762,U0008,2026-06-06 17:58:00,Android,Error
10035,U0738,2026-06-28 03:29:00,Android,Exitoso
14745,U0927,2026-06-17 14:42:00,iOS,Exitoso
14057,U0807,2026-06-25 18:44:00,Android,Exitoso
116,,2026-06-14 00:30:00,Web,Error
12532,U0755,2026-06-27 20:36:00,Android,Exitoso
8780,U0604,2026-06-02 15:12:00,Web,Exitoso
5159,U0943,2026-06-23 08:47:00,iOS,Exitoso
2359,U0832,2026-06-09 10:24:00,Web,Error
12115,U0944,2026-06-18 18:59:00,Android,Exitoso
1361,,2026-06-28 17:58:00,Android,Error
6036,U0622,2026-06-27 19:14:00,Android,Exitoso
16279,U0490,2026-06-26 10:02:22,Web,Error
11076,U0481,2026-06-22 12:12:00,Web,Exitoso
7438,U0764,2026-06-22 04:13:00,iOS,Exitoso
4976,U0414,2026-06-15 14:14:00,Web,Error
3925,,2026-06-22 04:34:00,Web,Error
1177,U0211,2026-06-06 05:23:00,iOS,Error
6343,U0563,2026-06-08 00:33:00,iOS,Exitoso
6109,U0567,2026-06-12 00:14:00,Web,Exitoso
293,,2026-06-16 08:30:00,Web,Error
14667,U0876,2026-06-23 05:32:00,Android,Exitoso
1746,U0039,2026-06-02 15:55:00,iOS,Error
6318,U0646,2026-06-28 06:49:00,Web,Exitoso
15641,,2026-06-26 10:20:16,Web,Error
11126,U0454,2026-06-26 01:34:00,iOS,Exitoso
1465,,2026-06-15 00:26:00,Android,Error
9842,U0588,2026-06-07 14:45:00,iOS,Exitoso
14229,U0759,2026-06-09 11:32:00,iOS,Exitoso
7188,U0948,2026-06-13 04:46:00,iOS,Exitoso
12769,U0914,2026-06-08 09:23:00,Web,Exitoso
8376,U0591,2026-06-21 20:55:00,iOS,Exitoso
11219,U0573,2026-06-02 09:10:00,Web,Exitoso
15424,,2026-06-26 10:24:49,Web,Error
11850,U0797,2026-06-05 01:12:00,Android,Exitoso
13795,U0724,2026-06-20 22:29:00,iOS,Exitoso
12148,U0946,2026-06-24 05:14:00,Web,Exitoso
4145,U0161,2026-06-27 15:05:00,Android,Error
16085,,2026-06-26 10:09:11,Web,Error
10306,U0768,2026-06-18 15:59:00,Android,Exitoso
5523,U0632,2026-06-25 05:15:00,iOS,Exitoso
13635,U0568,2026-06-01 17:01:00,Web,Exitoso
8425,U0700,2026-06-21 02:17:00,iOS,Exitoso
9029,U0799,2026-06-13 12:32:00,Android,Exitoso
5073,U0942,2026-06-23 02:03:00,iOS,Exitoso
1226,U0344,2026-06-25 01:26:00,Web,Error
234,U0232,2026-06-22 20:00:00,iOS,Error
2207,,2026-06-28 18:04:00,Web,Error
10277,U0536,2026-06-05 09:58:00,Web,Exitoso
5341,U0586,2026-06-12 09:11:00,Android,Exitoso
3679,,2026-06-19 02:33:00,Web,Error
2365,,2026-06-19 22:44:00,iOS,Error
13897,U0754,2026-06-14 06:37:00,Web,Exitoso
4191,,2026-06-22 04:53:00,Web,Error
12391,U0718,2026-06-01 04:25:00,Android,Exitoso
13113,U0803,2026-06-19 18:13:00,iOS,Exitoso
9600,U0836,2026-06-13 21:41:00,iOS,Exitoso
5,,2026-06-23 22:13:00,iOS,Error
7043,U0695,2026-06-18 03:51:00,iOS,Exitoso
15936,,2026-06-26 10:08:29,Web,Error
1129,U0356,2026-06-25 09:22:00,Android,Error
12918,U0870,2026-06-20 10:12:00,Android,Exitoso
11570,U0974,2026-06-25 01:12:00,Web,Exitoso
6081,U0861,2026-06-12 01:24:00,Web,Exitoso
13177,U0994,2026-06-15 13:08:00,Android,Exitoso
7738,U0817,2026-06-12 19:45:00,Android,Exitoso
7896,U0793,2026-06-04 11:09:00,Web,Exitoso
14808,U0890,2026-06-10 16:39:00,Web,Exitoso
5354,U0516,2026-06-02 19:56:00,iOS,Exitoso
12277,U0986,2026-06-03 23:36:00,Android,Exitoso
370,U0993,2026-06-07 14:50:00,Web,Error
6163,U0862,2026-06-13 04:03:00,Web,Exitoso
4105,U0026,2026-06-25 01:05:00,Android,Error
7306,U0679,2026-06-10 08:56:00,iOS,Exitoso
518,,2026-06-15 10:32:00,Android,Error
15668,,2026-06-26 10:23:41,Web,Error
13698,U0453,2026-06-10 10:49:00,Web,Exitoso
16044,,2026-06-26 10:08:12,Web,Error
12819,U0937,2026-06-10 23:49:00,Android,Exitoso
12951,U0685,2026-06-12 01:55:00,Android,Exitoso
12866,U0791,2026-06-07 02:29:00,Web,Exitoso
4198,,2026-06-22 23:56:00,Web,Error
6834,U0747,2026-06-26 06:22:00,Web,Exitoso
15640,,2026-06-26 10:29:06,Web,Error
8466,U0751,2026-06-14 05:09:00,Web,Exitoso
15157,,2026-06-26 10:14:02,Web,Error
1234,,2026-06-27 15:15:00,Web,Error
13315,U0927,2026-06-16 09:53:00,Web,Exitoso
15050,,2026-06-26 10:02:12,Web,Error
3322,U0094,2026-06-05 15:59:00,iOS,Error
15723,,2026-06-26 10:06:35,Web,Error
14728,U0549,2026-06-04 06:52:00,iOS,Exitoso
1490,U0450,2026-06-03 15:56:00,Android,Error
1575,,2026-06-18 08:51:00,Web,Error
11175,U0569,2026-06-19 05:02:00,Web,Exitoso
6224,U0726,2026-06-23 09:05:00,iOS,Exitoso
12813,U0916,2026-06-24 10:35:00,Web,Exitoso
824,,2026-06-24 17:49:00,iOS,Error
10789,U0697,2026-06-01 08:32:00,Web,Exitoso
1402,,2026-06-13 20:30:00,Web,Error
11167,U0850,2026-06-03 21:19:00,iOS,Exitoso
5943,U0842,2026-06-27 03:37:00,Android,Exitoso
3854,,2026-06-07 07:45:00,Web,Error
1346,U0309,2026-06-04 10:02:00,Web,Error
4456,U0438,2026-06-11 12:41:00,iOS,Error
2954,U0198,2026-06-16 12:48:00,Android,Error
9315,U0772,2026-06-23 03:01:00,Web,Exitoso
7648,U0767,2026-06-02 20:02:00,iOS,Exitoso
8130,U0675,2026-06-12 04:32:00,Android,Exitoso
8694,U0603,2026-06-08 03:02:00,Web,Exitoso
7561,U0958,2026-06-14 02:30:00,Web,Exitoso
12654,U0768,2026-06-20 16:14:00,Android,Exitoso
1381,,2026-06-21 01:43:00,Web,Error
3823,U0980,2026-06-15 01:01:00,Web,Error
435,U0077,2026-06-08 07:40:00,iOS,Error
10144,U0719,2026-06-03 20:59:00,Web,Exitoso
16394,U0956,2026-06-26 10:00:31,Web,Error
9287,U0691,2026-06-07 19:36:00,iOS,Exitoso
5893,U0651,2026-06-12 14:11:00,Web,Exitoso
11728,U0903,2026-06-13 23:54:00,Web,Exitoso
14078,U0774,2026-06-14 21:05:00,Web,Exitoso
8291,U0810,2026-06-24 13:45:00,iOS,Exitoso
10593,U0463,2026-06-04 08:52:00,Android,Exitoso
5095,U0764,2026-06-09 01:09:00,iOS,Exitoso
13523,U0829,2026-06-23 17:17:00,iOS,Exitoso
5161,U0496,2026-06-13 13:48:00,Android,Exitoso
8507,U0838,2026-06-25 19:31:00,iOS,Exitoso
5565,U0790,2026-06-25 02:13:00,Web,Exitoso
5777,U0941,2026-06-17 04:58:00,Web,Exitoso
10484,U0686,2026-06-23 18:14:00,iOS,Exitoso
1012,U0119,2026-06-07 12:34:00,Android,Error
9648,U0735,2026-06-15 00:51:00,Web,Exitoso
15979,,2026-06-26 10:29:29,Web,Error
2695,,2026-06-10 08:10:00,Web,Error
7669,U0740,2026-06-12 00:13:00,iOS,Exitoso
6226,U0733,2026-06-20 12:53:00,iOS,Exitoso
2581,U0126,2026-06-13 12:43:00,Web,Error
14524,U0628,2026-06-07 08:15:00,Android,Exitoso
4917,U0139,2026-06-21 23:40:00,Web,Error
13401,U0622,2026-06-25 04:23:00,Web,Exitoso
2271,U0102,2026-06-25 17:59:00,Web,Error
10000,U0954,2026-06-26 07:53:00,Android,Exitoso
8786,U0692,2026-06-17 21:25:00,Android,Exitoso
13673,U0613,2026-06-02 06:14:00,iOS,Exitoso
14764,U0709,2026-06-24 14:10:00,iOS,Exitoso
12593,U0453,2026-06-12 07:24:00,Web,Exitoso
16495,U0545,2026-06-26 10:17:38,Web,Error
15097,,2026-06-26 10:14:27,Web,Error
2367,U0265,2026-06-03 02:06:00,iOS,Error
3640,U0784,2026-06-25 08:54:00,Web,Error
12905,U0753,2026-06-03 10:50:00,iOS,Exitoso
7000,U0764,2026-06-11 19:25:00,Web,Exitoso
15262,,2026-06-26 10:28:37,Web,Error
4898,U0190,2026-06-23 18:43:00,iOS,Error
10461,U0759,2026-06-04 19:35:00,Android,Exitoso
3007,U0404,2026-06-13 18:17:00,iOS,Error
11547,U0966,2026-06-20 18:55:00,iOS,Exitoso
15704,,2026-06-26 10:17:03,Web,Error
8804,U0784,2026-06-22 23:05:00,iOS,Exitoso
3894,U0592,2026-06-08 11:28:00,iOS,Error
2419,U0399,2026-06-16 22:36:00,Web,Error
3126,U0415,2026-06-03 12:18:00,Web,Error
6435,U0610,2026-06-21 03:37:00,Web,Exitoso
5781,U0803,2026-06-25 04:57:00,Android,Exitoso
7292,U0898,2026-06-17 02:26:00,Android,Exitoso
2258,U0180,2026-06-10 04:31:00,Android,Error
15002,,2026-06-26 10:20:23,Web,Error
2030,U0004,2026-06-11 21:33:00,Web,Error
11755,U0645,2026-06-21 15:58:00,Android,Exitoso
6656,U0960,2026-06-02 16:54:00,iOS,Exitoso
5723,U0605,2026-06-14 00:59:00,Android,Exitoso
14657,U0542,2026-06-23 17:05:00,Web,Exitoso
7340,U0934,2026-06-03 07:09:00,iOS,Exitoso
7758,U0695,2026-06-18 21:46:00,iOS,Exitoso
6069,U0502,2026-06-18 01:58:00,Web,Exitoso
11385,U0823,2026-06-11 19:52:00,Android,Exitoso
8985,U0840,2026-06-12 04:18:00,iOS,Exitoso
11710,U0951,2026-06-08 05:23:00,iOS,Exitoso
13395,U0752,2026-06-11 02:45:00,iOS,Exitoso
14601,U0735,2026-06-08 02:51:00,Web,Exitoso
13748,U0748,2026-06-04 13:43:00,Android,Exitoso
7765,U0552,2026-06-12 12:17:00,iOS,Exitoso
8766,U0946,2026-06-24 22:50:00,Web,Exitoso
15634,,2026-06-26 10:26:39,Web,Error
627,,2026-06-19 12:24:00,Web,Error
3919,U0304,2026-06-07 11:50:00,iOS,Error
5168,U0484,2026-06-15 11:17:00,iOS,Exitoso
14882,U0782,2026-06-14 17:29:00,Android,Exitoso
8271,U0718,2026-06-11 09:24:00,iOS,Exitoso
13052,U0673,2026-06-04 23:36:00,Android,Exitoso
7301,U0705,2026-06-22 17:04:00,Web,Exitoso
14392,U0470,2026-06-21 02:41:00,iOS,Exitoso
13308,U0967,2026-06-28 18:02:00,iOS,Exitoso
2793,U0060,2026-06-28 12:57:00,iOS,Error
6521,U0909,2026-06-05 01:26:00,Android,Exitoso
15455,,2026-06-26 10:11:35,Web,Error
3219,U0587,2026-06-01 09:33:00,iOS,Error
6962,U0980,2026-06-14 22:40:00,iOS,Exitoso
16485,U0981,2026-06-26 10:21:52,Web,Error
6090,U0724,2026-06-22 02:17:00,Android,Exitoso
7219,U0915,2026-06-05 05:08:00,Web,Exitoso
8856,U0515,2026-06-16 07:43:00,iOS,Exitoso
2500,U0270,2026-06-08 04:23:00,iOS,Error
16115,,2026-06-26 10:27:42,Web,Error
2414,U0372,2026-06-10 20:40:00,iOS,Error
4484,U0326,2026-06-08 09:44:00,Android,Error
6641,U0912,2026-06-26 18:17:00,Android,Exitoso
2443,,2026-06-13 05:26:00,Web,Error
8747,U0733,2026-06-10 11:30:00,Android,Exitoso
14465,U0703,2026-06-01 03:47:00,iOS,Exitoso
7170,U0930,2026-06-12 07:17:00,Web,Exitoso
8980,U0780,2026-06-27 08:37:00,iOS,Exitoso
1966,U0465,2026-06-23 23:50:00,Web,Error
12048,U0963,2026-06-13 06:21:00,Web,Exitoso
15143,,2026-06-26 10:18:16,Web,Error
1940,U0063,2026-06-20 23:41:00,iOS,Error
493,U0887,2026-06-08 16:05:00,Web,Error
13594,U0717,2026-06-24 22:10:00,iOS,Exitoso
2818,U0033,2026-06-16 20:19:00,Android,Error
15585,,2026-06-26 10:22:14,Web,Error
12199,U0843,2026-06-12 10:37:00,Web,Exitoso
8746,U0796,2026-06-09 07:46:00,iOS,Exitoso
13529,U0940,2026-06-04 15:34:00,iOS,Exitoso
15707,,2026-06-26 10:01:03,Web,Error
3832,U0252,2026-06-19 03:31:00,Web,Error
15825,,2026-06-26 10:08:51,Web,Error
9437,U0986,2026-06-10 19:26:00,Web,Exitoso
1553,U0038,2026-06-13 17:22:00,iOS,Error
5988,U0822,2026-06-25 09:56:00,iOS,Exitoso
10999,U0988,2026-06-13 22:38:00,iOS,Exitoso
15925,,2026-06-26 10:22:11,Web,Error
8229,U0954,2026-06-25 12:56:00,Android,Exitoso
12266,U0967,2026-06-17 18:35:00,Web,Exitoso
15175,,2026-06-26 10:24:26,Web,Error
7159,U0747,2026-06-20 12:41:00,Web,Exitoso
11251,U0452,2026-06-28 17:20:00,Android,Exitoso
6888,U0772,2026-06-07 08:05:00,iOS,Exitoso
6961,U0703,2026-06-27 12:39:00,Android,Exitoso
8313,U0837,2026-06-13 21:59:00,Web,Exitoso
16177,,2026-06-26 10:17:23,Web,Error
14643,U0845,2026-06-06 10:02:00,Android,Exitoso
9248,U0978,2026-06-22 19:09:00,Web,Exitoso
14154,U0662,2026-06-05 02:12:00,Web,Exitoso
14172,U0736,2026-06-11 04:34:00,iOS,Exitoso
15639,,2026-06-26 10:20:54,Web,Error
14060,U0649,2026-06-05 23:23:00,iOS,Exitoso
8294,U0468,2026-06-19 22:37:00,Android,Exitoso
11436,U0934,2026-06-23 02:46:00,iOS,Exitoso
7108,U0733,2026-06-27 15:46:00,Android,Exitoso
7437,U0651,2026-06-08 20:15:00,Web,Exitoso
11707,U0715,2026-06-02 12:02:00,Android,Exitoso
1927,U0078,2026-06-04 05:02:00,iOS,Error
10041,U0881,2026-06-07 11:49:00,Web,Exitoso
6653,U0881,2026-06-03 05:19:00,Web,Exitoso
4569,U0058,2026-06-02 03:19:00,Web,Error
14296,U0526,2026-06-15 19:55:00,Web,Exitoso
674,,2026-06-19 20:17:00,Web,Error
12450,U0758,2026-06-06 00:11:00,Web,Exitoso
7655,U0784,2026-06-02 14:43:00,iOS,Exitoso
15409,,2026-06-26 10:27:09,Web,Error
10555,U0904,2026-06-12 10:45:00,Android,Exitoso
8596,U0735,2026-06-10 06:04:00,iOS,Exitoso
15318,,2026-06-26 10:19:40,Web,Error
6231,U0476,2026-06-12 20:31:00,iOS,Exitoso
9581,U0661,2026-06-19 23:11:00,Android,Exitoso
10327,U0830,2026-06-22 11:48:00,iOS,Exitoso
7574,U0529,2026-06-25 20:44:00,Web,Exitoso
14182,U0900,2026-06-02 08:20:00,Android,Exitoso
373,,2026-06-09 23:03:00,Android,Error
11549,U0714,2026-06-27 10:08:00,Web,Exitoso
15079,,2026-06-26 10:18:48,Web,Error
11545,U0815,2026-06-14 15:24:00,Web,Exitoso
11202,U0806,2026-06-03 22:15:00,iOS,Exitoso
5980,U0638,2026-06-12 06:15:00,Android,Exitoso
8640,U0543,2026-06-26 13:02:00,Web,Exitoso
8950,U0822,2026-06-21 13:48:00,Android,Exitoso
9953,U0762,2026-06-07 20:20:00,Web,Exitoso
2948,U0624,2026-06-08 10:57:00,Web,Error
9496,U0956,2026-06-06 15:26:00,Android,Exitoso
1058,U0424,2026-06-03 21:29:00,Android,Error
6128,U0982,2026-06-26 15:41:00,iOS,Exitoso
3362,,2026-06-23 11:18:00,Web,Error
6723,U0562,2026-06-19 21:18:00,iOS,Exitoso
13478,U0532,2026-06-03 23:48:00,iOS,Exitoso
11499,U0798,2026-06-14 04:08:00,Web,Exitoso
13994,U0701,2026-06-22 08:30:00,iOS,Exitoso
3633,U0776,2026-06-12 02:48:00,Web,Error
15657,,2026-06-26 10:11:50,Web,Error
8046,U0685,2026-06-10 06:28:00,Android,Exitoso
10589,U0553,2026-06-13 20:28:00,Android,Exitoso
14097,U0728,2026-06-26 12:45:00,Web,Exitoso
15907,,2026-06-26 10:01:23,Web,Error
10404,U0902,2026-06-17 20:53:00,iOS,Exitoso
4252,,2026-06-14 22:32:00,Web,Error
4418,U0125,2026-06-12 13:30:00,Web,Error
3782,U0670,2026-06-07 16:10:00,Web,Error
12937,U0528,2026-06-22 22:02:00,Web,Exitoso
1758,U0124,2026-06-21 14:01:00,iOS,Error
15789,,2026-06-26 10:23:09,Web,Error
3930,U0645,2026-06-28 08:42:00,iOS,Error
10505,U0454,2026-06-18 14:04:00,Web,Exitoso
4285,U0695,2026-06-14 09:24:00,Web,Error
6144,U0923,2026-06-13 07:10:00,Android,Exitoso
5898,U0580,2026-06-13 21:37:00,iOS,Exitoso
4259,U0205,2026-06-22 23:26:00,Android,Error
899,U0177,2026-06-10 10:06:00,iOS,Error
10422,U0917,2026-06-06 17:52:00,iOS,Exitoso
9880,U0872,2026-06-19 16:03:00,Web,Exitoso
14798,U0604,2026-06-03 21:32:00,Web,Exitoso
14258,U0718,2026-06-16 06:43:00,Android,Exitoso
13255,U0567,2026-06-04 06:16:00,Web,Exitoso
679,U0619,2026-06-23 00:34:00,Android,Error
7704,U0451,2026-06-07 11:52:00,Web,Exitoso
13492,U0906,2026-06-19 18:27:00,Android,Exitoso
15566,,2026-06-26 10:15:11,Web,Error
9999,U0484,2026-06-10 05:09:00,iOS,Exitoso
124,U0249,2026-06-03 00:04:00,Android,Error
12418,U0817,2026-06-11 10:32:00,iOS,Exitoso
9753,U0641,2026-06-25 17:05:00,Web,Exitoso
10025,U0883,2026-06-24 23:55:00,Web,Exitoso
2803,U0326,2026-06-14 00:12:00,Android,Error
5488,U0990,2026-06-24 21:59:00,Web,Exitoso
9427,U0551,2026-06-26 18:23:00,iOS,Exitoso
13832,U0737,2026-06-02 12:54:00,Android,Exitoso
5923,U0542,2026-06-21 22:19:00,iOS,Exitoso
11746,U0970,2026-06-04 14:41:00,Android,Exitoso
10890,U0482,2026-06-14 20:38:00,Android,Exitoso
13940,U0914,2026-06-08 18:45:00,iOS,Exitoso
6522,U0622,2026-06-10 13:21:00,iOS,Exitoso
4020,U0556,2026-06-26 15:47:00,Web,Error
4300,U0370,2026-06-07 04:21:00,Android,Error
12708,U0780,2026-06-19 20:55:00,iOS,Exitoso
1899,U0406,2026-06-15 12:40:00,Android,Error
3406,U0447,2026-06-09 16:47:00,iOS,Error
1468,,2026-06-25 11:17:00,Web,Error
7602,U0553,2026-06-13 01:04:00,Android,Exitoso
8018,U0532,2026-06-22 04:56:00,Android,Exitoso
8489,U0722,2026-06-14 15:50:00,Android,Exitoso
2984,,2026-06-21 13:55:00,Web,Error
